timestamp,hour,month,temperature_c,relative_humidity,co_ppm,no2_ppb,aqi
2004-03-10T18:00:00,18,3,13.6000,48.9000,2.269547,60.054776,57
2004-03-10T19:00:00,19,3,13.3000,47.7000,1.745805,48.894154,45
2004-03-10T20:00:00,20,3,11.9000,54.0000,1.920386,60.586234,57
2004-03-10T21:00:00,21,3,11.0000,60.0000,1.920386,64.837900,62
2004-03-10T22:00:00,22,3,11.2000,59.6000,1.396644,61.649151,58
2004-03-10T23:00:00,23,3,11.2000,59.2000,1.047483,51.019987,48
2004-03-11T00:00:00,0,3,11.3000,56.8000,1.047483,40.922281,38
2004-03-11T01:00:00,1,3,10.7000,60.0000,0.872903,40.390823,38
2004-03-11T02:00:00,2,3,10.7000,59.7000,0.785612,31.887492,29
2004-03-11T05:00:00,5,3,11.0000,56.2000,0.611032,14.880829,13
2004-03-11T06:00:00,6,3,10.5000,58.1000,0.611032,25.509993,24
2004-03-11T07:00:00,7,3,10.2000,59.6000,0.960193,43.579572,41
2004-03-11T08:00:00,8,3,10.8000,57.4000,1.745805,59.523318,56
2004-03-11T09:00:00,9,3,10.5000,60.6000,1.920386,53.677278,50
2004-03-11T10:00:00,10,3,10.8000,58.4000,1.483934,52.082903,49
2004-03-11T11:00:00,11,3,10.5000,57.9000,1.309354,48.894154,45
2004-03-11T12:00:00,12,3,9.5000,66.8000,1.396644,50.488529,47
2004-03-11T13:00:00,13,3,8.3000,76.4000,1.658515,59.523318,56
2004-03-11T14:00:00,14,3,8.0000,81.1000,2.531417,68.026649,66
2004-03-11T15:00:00,15,3,8.3000,79.8000,1.920386,66.963733,64
2004-03-11T16:00:00,16,3,9.7000,71.2000,1.920386,69.621024,67
2004-03-11T17:00:00,17,3,9.8000,67.6000,2.531417,71.746856,69
2004-03-11T18:00:00,18,3,10.3000,64.2000,4.189932,80.250187,79
2004-03-11T19:00:00,19,3,9.7000,69.3000,6.023027,91.410810,90
2004-03-11T20:00:00,20,3,9.6000,67.8000,5.324705,87.690602,86
2004-03-11T21:00:00,21,3,9.1000,64.0000,3.404320,72.278315,70
2004-03-11T22:00:00,22,3,8.2000,63.4000,1.309354,45.173947,42
2004-03-11T23:00:00,23,3,8.2000,60.8000,0.872903,28.167284,26
2004-03-12T00:00:00,0,3,8.3000,58.5000,1.483934,51.551445,48
2004-03-12T01:00:00,1,3,7.7000,59.7000,1.658515,58.460401,55
2004-03-12T02:00:00,2,3,7.1000,61.8000,1.222064,48.362696,45
2004-03-12T05:00:00,5,3,6.3000,65.0000,0.523742,23.384161,22
2004-03-12T06:00:00,6,3,6.8000,62.9000,0.698322,37.733532,35
2004-03-12T07:00:00,7,3,6.4000,65.1000,1.222064,55.271652,52
2004-03-12T08:00:00,8,3,7.3000,63.1000,3.840771,74.935606,72
2004-03-12T10:00:00,10,3,13.2000,41.7000,2.705998,64.837900,62
2004-03-12T11:00:00,11,3,14.3000,38.4000,2.356837,75.998522,73
2004-03-12T12:00:00,12,3,15.0000,36.5000,1.833095,60.054776,57
2004-03-12T13:00:00,13,3,16.1000,34.5000,2.182256,61.649151,58
2004-03-12T14:00:00,14,3,16.3000,35.7000,2.356837,65.369358,63
2004-03-12T15:00:00,15,3,15.8000,37.0000,2.531417,66.963733,64
2004-03-12T16:00:00,16,3,15.9000,37.2000,2.444127,63.774983,61
2004-03-12T17:00:00,17,3,16.9000,34.3000,2.094966,63.243525,61
2004-03-12T18:00:00,18,3,15.1000,39.6000,3.404320,79.187271,78
2004-03-12T19:00:00,19,3,14.4000,43.4000,3.229739,77.061438,76
2004-03-12T20:00:00,20,3,12.9000,50.5000,5.761157,90.347893,89
2004-03-12T21:00:00,21,3,12.1000,53.3000,3.840771,79.187271,78
2004-03-12T22:00:00,22,3,11.0000,59.1000,3.055159,73.872689,71
2004-03-12T23:00:00,23,3,9.7000,64.6000,4.713674,71.215398,69
2004-03-13T00:00:00,0,3,9.5000,64.1000,2.356837,60.054776,57
2004-03-13T01:00:00,1,3,9.1000,63.9000,1.658515,51.551445,48
2004-03-13T02:00:00,2,3,8.8000,63.9000,1.396644,43.579572,41
2004-03-13T05:00:00,5,3,8.3000,63.6000,0.872903,34.544783,32
2004-03-13T06:00:00,6,3,7.2000,67.5000,1.047483,31.887492,29
2004-03-13T07:00:00,7,3,6.3000,71.9000,1.309354,40.922281,38
2004-03-13T08:00:00,8,3,6.5000,71.6000,2.356837,51.019987,48
2004-03-13T09:00:00,9,3,9.6000,59.7000,3.229739,63.243525,61
2004-03-13T10:00:00,10,3,12.4000,51.2000,2.793288,66.963733,64
2004-03-13T11:00:00,11,3,15.6000,42.2000,3.578900,83.970395,82
2004-03-13T12:00:00,12,3,18.4000,33.8000,3.142449,85.564769,84
2004-03-13T13:00:00,13,3,19.4000,31.3000,2.444127,65.900816,63
2004-03-13T14:00:00,14,3,18.0000,34.8000,1.745805,54.208736,51
2004-03-13T15:00:00,15,3,18.4000,33.6000,1.745805,61.649151,58
2004-03-13T16:00:00,16,3,17.6000,35.1000,2.182256,65.900816,63
2004-03-13T17:00:00,17,3,16.7000,37.8000,2.007676,66.432274,64
2004-03-13T18:00:00,18,3,16.1000,41.0000,2.793288,78.655813,77
2004-03-13T19:00:00,19,3,15.8000,42.4000,3.666191,87.690602,86
2004-03-13T20:00:00,20,3,15.7000,44.1000,3.666191,85.564769,84
2004-03-13T21:00:00,21,3,15.3000,46.8000,3.666191,84.501853,83
2004-03-13T22:00:00,22,3,14.6000,48.6000,2.705998,75.998522,73
2004-03-13T23:00:00,23,3,14.7000,49.3000,2.269547,69.089565,67
2004-03-14T00:00:00,0,3,13.9000,53.6000,2.531417,68.558107,66
2004-03-14T01:00:00,1,3,14.6000,51.5000,2.444127,63.243525,61
2004-03-14T02:00:00,2,3,12.5000,58.9000,2.182256,55.271652,52
2004-03-14T05:00:00,5,3,11.5000,63.1000,1.047483,37.202074,35
2004-03-14T06:00:00,6,3,11.6000,62.2000,0.872903,33.481866,31
2004-03-14T07:00:00,7,3,10.4000,67.6000,0.785612,35.607699,33
2004-03-14T08:00:00,8,3,11.6000,62.7000,1.222064,44.642488,42
2004-03-14T09:00:00,9,3,12.4000,60.0000,1.396644,44.111030,42
2004-03-14T10:00:00,10,3,14.5000,53.1000,1.920386,52.082903,49
2004-03-14T11:00:00,11,3,16.9000,46.1000,2.444127,60.586234,57
2004-03-14T12:00:00,12,3,19.3000,38.3000,2.444127,63.243525,61
2004-03-14T13:00:00,13,3,21.2000,31.4000,1.745805,55.271652,52
2004-03-14T14:00:00,14,3,21.4000,30.2000,1.571225,54.208736,51
2004-03-14T15:00:00,15,3,21.9000,29.0000,1.658515,56.866027,53
2004-03-14T16:00:00,16,3,22.2000,28.4000,2.618708,68.558107,66
2004-03-14T17:00:00,17,3,21.3000,30.8000,2.531417,68.026649,66
2004-03-14T18:00:00,18,3,19.7000,36.7000,2.182256,64.306442,62
2004-03-14T19:00:00,19,3,18.4000,41.7000,4.015352,83.438937,82
2004-03-14T20:00:00,20,3,17.6000,46.1000,5.150125,91.942268,90
2004-03-14T21:00:00,21,3,16.7000,49.6000,2.967869,77.592897,76
2004-03-14T22:00:00,22,3,16.3000,51.0000,1.833095,64.306442,62
2004-03-14T23:00:00,23,3,14.7000,55.9000,1.920386,63.243525,61
2004-03-15T00:00:00,0,3,14.8000,54.7000,1.571225,52.614361,49
2004-03-15T01:00:00,1,3,14.0000,57.0000,1.571225,49.425612,46
2004-03-15T02:00:00,2,3,13.4000,61.3000,1.571225,46.768321,43
2004-03-15T05:00:00,5,3,11.9000,67.4000,0.872903,39.327906,37
2004-03-15T06:00:00,6,3,11.4000,70.5000,1.222064,42.516656,40
2004-03-15T07:00:00,7,3,11.3000,70.2000,1.920386,47.299779,44
2004-03-15T08:00:00,8,3,12.4000,63.9000,4.800964,60.586234,57
2004-03-15T09:00:00,9,3,14.8000,54.3000,7.070511,79.187271,78
2004-03-15T10:00:00,10,3,17.4000,45.6000,5.062835,83.438937,82
2004-03-15T11:00:00,11,3,19.8000,38.5000,3.666191,82.376020,81
2004-03-15T12:00:00,12,3,22.0000,34.1000,2.705998,71.215398,69
2004-03-15T13:00:00,13,3,23.3000,32.2000,2.531417,63.243525,61
2004-03-15T14:00:00,14,3,23.9000,30.0000,2.531417,58.991860,55
2004-03-15T15:00:00,15,3,24.4000,28.9000,2.182256,55.271652,52
2004-03-15T16:00:00,16,3,24.4000,29.4000,2.007676,52.614361,49
2004-03-15T17:00:00,17,3,23.8000,31.3000,2.444127,58.460401,55
2004-03-15T18:00:00,18,3,22.5000,35.4000,5.324705,86.096228,85
2004-03-15T19:00:00,19,3,20.4000,42.5000,6.983220,99.382683,99
2004-03-15T20:00:00,20,3,18.3000,52.6000,5.673866,87.690602,86
2004-03-15T21:00:00,21,3,16.7000,57.4000,3.666191,77.061438,76
2004-03-15T22:00:00,22,3,15.7000,60.2000,2.793288,66.432274,64
2004-03-15T23:00:00,23,3,15.3000,61.4000,1.222064,53.677278,50
2004-03-16T00:00:00,0,3,14.1000,65.7000,1.833095,54.740194,51
2004-03-16T01:00:00,1,3,14.8000,60.6000,1.047483,46.768321,43
2004-03-16T02:00:00,2,3,14.8000,59.2000,0.698322,32.418950,30
2004-03-16T05:00:00,5,3,12.8000,63.2000,0.523742,27.635826,25
2004-03-16T06:00:00,6,3,11.2000,68.5000,0.785612,34.013324,32
2004-03-16T07:00:00,7,3,11.0000,66.5000,1.134773,37.202074,35
2004-03-16T08:00:00,8,3,11.7000,63.7000,2.967869,51.551445,48
2004-03-16T09:00:00,9,3,13.6000,56.3000,3.229739,50.488529,47
2004-03-16T10:00:00,10,3,17.8000,42.9000,4.626383,79.718729,78
2004-03-16T11:00:00,11,3,21.4000,33.3000,3.578900,86.096228,85
2004-03-16T12:00:00,12,3,24.4000,27.4000,2.880578,81.844562,80
2004-03-16T13:00:00,13,3,25.3000,26.1000,3.491610,85.564769,84
2004-03-16T14:00:00,14,3,25.8000,23.2000,3.317030,85.564769,84
2004-03-16T15:00:00,15,3,27.0000,20.2000,2.444127,68.026649,66
2004-03-16T16:00:00,16,3,28.2000,18.6000,2.531417,68.558107,66
2004-03-16T17:00:00,17,3,28.0000,19.1000,2.531417,70.683940,68
2004-03-16T18:00:00,18,3,23.9000,25.7000,2.967869,73.872689,71
2004-03-16T19:00:00,19,3,21.3000,34.8000,3.404320,72.809773,70
2004-03-16T20:00:00,20,3,20.4000,36.7000,2.793288,75.998522,73
2004-03-16T21:00:00,21,3,19.0000,41.3000,4.451803,94.068101,94
2004-03-16T22:00:00,22,3,17.9000,45.9000,2.269547,73.341231,71
2004-03-16T23:00:00,23,3,16.7000,48.9000,1.483934,62.180609,60
2004-03-17T00:00:00,0,3,15.5000,52.9000,1.483934,56.866027,53
2004-03-17T01:00:00,1,3,15.5000,51.9000,1.047483,47.831238,44
2004-03-17T02:00:00,2,3,14.1000,55.6000,0.785612,41.985197,39
2004-03-17T05:00:00,5,3,11.8000,58.0000,0.436451,21.258328,20
2004-03-17T06:00:00,6,3,11.9000,57.4000,0.436451,28.167284,26
2004-03-17T07:00:00,7,3,9.9000,65.2000,1.396644,44.642488,42
2004-03-17T08:00:00,8,3,11.1000,60.2000,3.578900,57.397485,54
2004-03-17T09:00:00,9,3,14.1000,50.0000,5.761157,67.495191,65
2004-03-17T10:00:00,10,3,17.7000,40.1000,3.753481,71.215398,69
2004-03-17T11:00:00,11,3,21.1000,33.4000,2.531417,71.746856,69
2004-03-17T12:00:00,12,3,24.3000,28.3000,2.182256,75.467064,73
2004-03-17T13:00:00,13,3,25.6000,25.6000,2.444127,81.313104,80
2004-03-17T14:00:00,14,3,25.9000,25.9000,2.269547,65.369358,63
2004-03-17T15:00:00,15,3,26.8000,18.7000,1.745805,55.271652,52
2004-03-17T16:00:00,16,3,29.3000,15.8000,2.531417,68.558107,66
2004-03-17T17:00:00,17,3,28.5000,14.9000,2.182256,60.586234,57
2004-03-17T18:00:00,18,3,25.9000,16.0000,4.364513,83.970395,82
2004-03-17T19:00:00,19,3,23.1000,26.5000,6.634059,103.102890,101
2004-03-17T20:00:00,20,3,20.5000,38.2000,5.848447,96.725392,96
2004-03-17T21:00:00,21,3,19.1000,42.6000,4.975544,95.662475,95
2004-03-17T22:00:00,22,3,17.2000,44.1000,2.444127,72.278315,70
2004-03-17T23:00:00,23,3,16.0000,50.9000,2.269547,67.495191,65
2004-03-18T00:00:00,0,3,14.8000,53.9000,2.007676,61.649151,58
2004-03-18T01:00:00,1,3,14.3000,55.4000,1.222064,56.866027,53
2004-03-18T02:00:00,2,3,14.8000,52.1000,0.872903,46.768321,43
2004-03-18T05:00:00,5,3,12.0000,58.9000,0.523742,30.293117,28
2004-03-18T06:00:00,6,3,10.9000,62.1000,0.611032,37.733532,35
2004-03-18T07:00:00,7,3,10.6000,63.3000,1.309354,45.173947,42
2004-03-18T08:00:00,8,3,11.5000,60.0000,4.102642,65.900816,63
2004-03-18T09:00:00,9,3,14.3000,50.6000,5.761157,80.250187,79
2004-03-18T10:00:00,10,3,17.8000,40.5000,3.928061,79.718729,78
2004-03-18T11:00:00,11,3,20.8000,34.4000,2.444127,80.781646,79
2004-03-18T12:00:00,12,3,23.8000,28.2000,1.920386,73.872689,71
2004-03-18T13:00:00,13,3,24.2000,28.7000,1.920386,70.683940,68
2004-03-18T14:00:00,14,3,25.2000,24.9000,2.007676,66.963733,64
2004-03-18T15:00:00,15,3,27.0000,17.8000,1.920386,68.026649,66
2004-03-18T16:00:00,16,3,27.1000,23.1000,2.444127,89.816435,88
2004-03-18T17:00:00,17,3,25.8000,23.9000,2.356837,79.187271,78
2004-03-18T18:00:00,18,3,23.0000,26.8000,3.229739,82.907478,81
2004-03-18T19:00:00,19,3,20.7000,31.1000,4.451803,89.284977,88
2004-03-18T20:00:00,20,3,18.6000,36.2000,4.451803,93.536642,93
2004-03-18T21:00:00,21,3,16.0000,48.4000,2.793288,71.746856,69
2004-03-18T22:00:00,22,3,14.5000,57.8000,1.833095,64.306442,62
2004-03-18T23:00:00,23,3,13.1000,64.2000,1.483934,52.614361,49
2004-03-19T00:00:00,0,3,12.0000,69.7000,1.745805,56.334569,53
2004-03-19T01:00:00,1,3,11.9000,71.1000,1.396644,51.019987,48
2004-03-19T02:00:00,2,3,12.5000,69.3000,0.785612,33.481866,31
2004-03-19T05:00:00,5,3,12.5000,66.8000,0.436451,14.880829,13
2004-03-19T06:00:00,6,3,12.3000,66.3000,0.611032,32.418950,30
2004-03-19T07:00:00,7,3,12.4000,64.9000,1.309354,52.614361,49
2004-03-19T08:00:00,8,3,13.0000,61.6000,4.189932,83.438937,82
2004-03-19T09:00:00,9,3,13.6000,58.8000,5.411996,88.222060,87
2004-03-19T10:00:00,10,3,13.9000,57.1000,3.491610,79.187271,78
2004-03-19T11:00:00,11,3,14.5000,54.4000,2.880578,71.746856,69
2004-03-19T12:00:00,12,3,15.5000,50.1000,2.444127,67.495191,65
2004-03-19T13:00:00,13,3,16.1000,47.6000,2.618708,64.837900,62
2004-03-19T14:00:00,14,3,16.3000,47.1000,2.880578,71.746856,69
2004-03-19T15:00:00,15,3,16.4000,47.5000,3.055159,73.872689,71
2004-03-19T16:00:00,16,3,16.1000,50.2000,3.491610,78.124355,77
2004-03-19T17:00:00,17,3,16.0000,50.7000,4.015352,83.970395,82
2004-03-19T18:00:00,18,3,15.8000,50.3000,3.578900,77.592897,76
2004-03-19T19:00:00,19,3,15.5000,50.6000,3.928061,76.529980,74
2004-03-19T20:00:00,20,3,15.4000,51.4000,3.404320,73.341231,71
2004-03-19T21:00:00,21,3,15.2000,53.1000,3.491610,75.998522,73
2004-03-19T22:00:00,22,3,14.7000,57.6000,1.920386,61.649151,58
2004-03-19T23:00:00,23,3,14.2000,58.3000,1.833095,57.928943,54
2004-03-20T00:00:00,0,3,13.8000,57.9000,1.483934,48.894154,45
2004-03-20T01:00:00,1,3,13.9000,55.9000,1.396644,44.111030,42
2004-03-20T02:00:00,2,3,13.9000,55.6000,1.134773,43.048114,41
2004-03-20T05:00:00,5,3,13.6000,55.1000,0.698322,28.167284,26
2004-03-20T06:00:00,6,3,13.6000,59.0000,0.698322,35.607699,33
2004-03-20T07:00:00,7,3,13.5000,58.4000,0.960193,48.362696,45
2004-03-20T08:00:00,8,3,13.8000,58.0000,1.833095,60.054776,57
2004-03-20T09:00:00,9,3,14.6000,53.1000,2.094966,54.208736,51
2004-03-20T10:00:00,10,3,15.0000,52.3000,2.269547,56.866027,53
2004-03-20T11:00:00,11,3,15.4000,52.1000,2.444127,60.054776,57
2004-03-20T12:00:00,12,3,16.3000,50.0000,2.269547,57.397485,54
2004-03-20T13:00:00,13,3,17.1000,47.9000,2.269547,55.803110,52
2004-03-20T14:00:00,14,3,19.0000,42.9000,1.833095,49.425612,46
2004-03-20T15:00:00,15,3,19.5000,42.3000,1.483934,46.236863,43
2004-03-20T16:00:00,16,3,19.5000,42.3000,1.396644,40.390823,38
2004-03-20T17:00:00,17,3,19.1000,43.8000,1.833095,49.957070,46
2004-03-20T18:00:00,18,3,18.5000,46.3000,2.007676,58.460401,55
2004-03-20T19:00:00,19,3,17.4000,51.6000,3.055159,72.278315,70
2004-03-20T20:00:00,20,3,17.1000,51.3000,3.404320,73.872689,71
2004-03-20T21:00:00,21,3,16.4000,53.8000,2.880578,66.432274,64
2004-03-20T22:00:00,22,3,16.2000,55.4000,2.007676,58.991860,55
2004-03-20T23:00:00,23,3,15.9000,57.7000,1.833095,51.551445,48
2004-03-21T00:00:00,0,3,15.7000,58.6000,2.444127,56.866027,53
2004-03-21T01:00:00,1,3,15.1000,60.9000,1.833095,47.831238,44
2004-03-21T02:00:00,2,3,15.6000,56.6000,1.396644,44.642488,42
2004-03-21T05:00:00,5,3,14.9000,60.6000,0.960193,35.076241,33
2004-03-21T06:00:00,6,3,14.5000,63.0000,0.611032,19.132495,18
2004-03-21T07:00:00,7,3,14.2000,66.2000,0.698322,32.950408,30
2004-03-21T08:00:00,8,3,14.5000,65.3000,1.047483,48.362696,45
2004-03-21T09:00:00,9,3,15.3000,62.1000,1.222064,47.299779,44
2004-03-21T10:00:00,10,3,16.3000,59.0000,1.483934,49.425612,46
2004-03-21T11:00:00,11,3,18.9000,49.6000,1.571225,43.048114,41
2004-03-21T12:00:00,12,3,19.4000,46.1000,1.571225,43.579572,41
2004-03-21T13:00:00,13,3,20.8000,41.6000,1.658515,42.516656,40
2004-03-21T14:00:00,14,3,21.4000,40.3000,1.134773,25.509993,24
2004-03-21T15:00:00,15,3,21.2000,39.3000,1.396644,32.418950,30
2004-03-21T16:00:00,16,3,20.3000,38.0000,1.658515,47.299779,44
2004-03-21T17:00:00,17,3,19.4000,41.3000,2.007676,55.803110,52
2004-03-21T18:00:00,18,3,18.5000,43.8000,3.317030,61.649151,58
2004-03-21T19:00:00,19,3,17.8000,48.1000,3.055159,63.243525,61
2004-03-21T20:00:00,20,3,17.9000,46.9000,3.753481,76.529980,74
2004-03-21T21:00:00,21,3,17.4000,49.1000,2.444127,65.369358,63
2004-03-21T22:00:00,22,3,17.0000,51.7000,1.658515,55.803110,52
2004-03-21T23:00:00,23,3,16.4000,55.1000,1.658515,49.425612,46
2004-03-22T00:00:00,0,3,16.1000,60.0000,1.483934,45.705405,42
2004-03-22T01:00:00,1,3,15.8000,60.5000,1.309354,40.390823,38
2004-03-22T02:00:00,2,3,16.3000,57.0000,0.523742,17.538120,16
2004-03-22T05:00:00,5,3,16.5000,53.9000,0.261871,12.223538,11
2004-03-22T06:00:00,6,3,16.4000,54.0000,0.523742,24.447077,23
2004-03-22T07:00:00,7,3,15.7000,57.6000,1.047483,40.390823,38
2004-03-22T08:00:00,8,3,15.8000,53.7000,3.142449,61.649151,58
2004-03-22T09:00:00,9,3,17.4000,42.1000,3.229739,61.117692,58
2004-03-22T10:00:00,10,3,17.9000,38.4000,1.571225,44.111030,42
2004-03-22T11:00:00,11,3,18.5000,36.7000,1.396644,46.236863,43
2004-03-22T12:00:00,12,3,21.0000,29.6000,1.658515,47.831238,44
2004-03-22T13:00:00,13,3,21.3000,28.1000,1.745805,46.236863,43
2004-03-22T14:00:00,14,3,21.3000,26.1000,1.920386,52.614361,49
2004-03-22T15:00:00,15,3,21.3000,26.8000,1.833095,52.614361,49
2004-03-22T16:00:00,16,3,21.3000,24.2000,2.007676,53.677278,50
2004-03-22T17:00:00,17,3,20.2000,28.5000,2.269547,54.740194,51
2004-03-22T18:00:00,18,3,17.0000,43.1000,3.317030,68.558107,66
2004-03-22T19:00:00,19,3,15.6000,47.4000,3.840771,75.998522,73
2004-03-22T20:00:00,20,3,15.3000,47.4000,3.928061,77.592897,76
2004-03-22T21:00:00,21,3,14.5000,49.7000,2.880578,65.900816,63
2004-03-22T22:00:00,22,3,13.9000,52.0000,1.745805,60.054776,57
2004-03-22T23:00:00,23,3,14.5000,49.4000,0.960193,42.516656,40
2004-03-23T00:00:00,0,3,13.8000,51.4000,0.785612,38.264990,36
2004-03-23T01:00:00,1,3,14.0000,51.3000,0.698322,34.013324,32
2004-03-23T02:00:00,2,3,13.0000,56.8000,0.611032,37.202074,35
2004-03-23T05:00:00,5,3,8.8000,80.5000,0.261871,11.692080,10
2004-03-23T06:00:00,6,3,9.6000,75.4000,0.436451,24.978535,23
2004-03-23T07:00:00,7,3,9.8000,75.0000,0.960193,46.768321,43
2004-03-23T08:00:00,8,3,10.0000,74.2000,2.618708,69.089565,67
2004-03-23T09:00:00,9,3,11.2000,69.7000,3.317030,70.152482,68
2004-03-23T10:00:00,10,3,12.0000,62.9000,2.967869,70.152482,68
2004-03-23T11:00:00,11,3,12.8000,55.8000,2.618708,69.621024,67
2004-03-23T12:00:00,12,3,13.1000,54.8000,2.356837,68.558107,66
2004-03-23T13:00:00,13,3,13.8000,53.4000,3.055159,70.152482,68
2004-03-23T14:00:00,14,3,16.0000,42.4000,2.444127,58.460401,55
2004-03-23T15:00:00,15,3,14.1000,49.8000,1.658515,52.614361,49
2004-03-23T16:00:00,16,3,12.0000,61.1000,1.745805,53.145820,50
2004-03-23T17:00:00,17,3,13.6000,54.6000,2.618708,64.837900,62
2004-03-23T18:00:00,18,3,13.7000,49.5000,1.658515,51.551445,48
2004-03-23T19:00:00,19,3,11.7000,57.1000,2.356837,59.523318,56
2004-03-23T20:00:00,20,3,11.5000,58.2000,2.880578,68.026649,66
2004-03-23T21:00:00,21,3,12.6000,54.2000,1.483934,53.677278,50
2004-03-23T22:00:00,22,3,12.0000,54.9000,1.134773,51.019987,48
2004-03-23T23:00:00,23,3,11.0000,61.4000,1.134773,45.705405,42
2004-03-24T00:00:00,0,3,11.1000,62.2000,1.047483,45.173947,42
2004-03-24T01:00:00,1,3,10.8000,62.5000,0.960193,41.985197,39
2004-03-24T02:00:00,2,3,11.3000,60.0000,0.785612,32.418950,30
2004-03-24T05:00:00,5,3,10.9000,58.6000,0.523742,28.698743,26
2004-03-24T06:00:00,6,3,10.8000,57.2000,0.698322,30.293117,28
2004-03-24T07:00:00,7,3,10.4000,59.2000,1.047483,39.859365,37
2004-03-24T08:00:00,8,3,11.0000,57.3000,2.705998,51.551445,48
2004-03-24T09:00:00,9,3,11.2000,56.9000,3.840771,58.460401,55
2004-03-24T10:00:00,10,3,12.1000,54.9000,2.967869,60.054776,57
2004-03-24T11:00:00,11,3,15.1000,44.3000,1.483934,46.768321,43
2004-03-24T12:00:00,12,3,15.6000,40.6000,1.309354,45.173947,42
2004-03-24T13:00:00,13,3,16.9000,34.6000,1.483934,51.019987,48
2004-03-24T14:00:00,14,3,16.6000,35.6000,1.920386,56.334569,53
2004-03-24T16:00:00,16,3,9.6000,81.1000,2.356837,66.963733,64
2004-03-24T17:00:00,17,3,11.7000,69.1000,2.444127,69.089565,67
2004-03-24T18:00:00,18,3,10.7000,68.5000,2.356837,58.991860,55
2004-03-24T19:00:00,19,3,10.7000,67.3000,3.928061,71.215398,69
2004-03-24T20:00:00,20,3,10.8000,65.7000,3.055159,72.278315,70
2004-03-24T21:00:00,21,3,10.3000,66.3000,2.269547,66.432274,64
2004-03-24T22:00:00,22,3,10.1000,66.9000,1.483934,57.397485,54
2004-03-24T23:00:00,23,3,10.4000,61.1000,1.134773,46.236863,43
2004-03-25T00:00:00,0,3,10.3000,59.9000,1.134773,47.299779,44
2004-03-25T01:00:00,1,3,11.0000,58.4000,0.872903,30.824575,28
2004-03-25T02:00:00,2,3,9.1000,68.1000,0.611032,28.698743,26
2004-03-25T04:00:00,4,3,9.3000,72.3000,0.436451,14.880829,13
2004-03-25T05:00:00,5,3,9.9000,66.8000,0.436451,10.629164,9
2004-03-25T06:00:00,6,3,7.6000,83.2000,0.523742,27.104368,25
2004-03-25T07:00:00,7,3,8.1000,79.0000,0.960193,43.579572,41
2004-03-25T08:00:00,8,3,8.7000,74.6000,2.356837,59.523318,56
2004-03-25T09:00:00,9,3,8.6000,75.1000,3.055159,63.243525,61
2004-03-25T10:00:00,10,3,9.7000,69.7000,2.007676,52.614361,49
2004-03-25T11:00:00,11,3,11.0000,64.4000,1.396644,52.082903,49
2004-03-25T12:00:00,12,3,13.6000,53.0000,1.134773,46.768321,43
2004-03-25T13:00:00,13,3,14.2000,48.4000,1.745805,51.019987,48
2004-03-25T14:00:00,14,3,14.2000,46.3000,1.658515,43.048114,41
2004-03-25T15:00:00,15,3,16.0000,41.3000,1.658515,48.894154,45
2004-03-25T16:00:00,16,3,17.7000,35.4000,1.920386,55.803110,52
2004-03-25T17:00:00,17,3,17.1000,37.4000,1.745805,46.768321,43
2004-03-25T18:00:00,18,3,14.9000,40.5000,2.531417,54.740194,51
2004-03-25T19:00:00,19,3,13.4000,47.8000,4.539093,74.935606,72
2004-03-25T20:00:00,20,3,12.6000,52.5000,4.015352,70.683940,68
2004-03-25T21:00:00,21,3,12.2000,53.2000,2.182256,63.243525,61
2004-03-25T22:00:00,22,3,10.6000,56.1000,1.309354,56.334569,53
2004-03-25T23:00:00,23,3,9.9000,59.5000,1.047483,48.894154,45
2004-03-26T00:00:00,0,3,9.6000,61.1000,1.483934,51.551445,48
2004-03-26T01:00:00,1,3,9.7000,61.6000,1.222064,48.362696,45
2004-03-26T02:00:00,2,3,9.4000,62.6000,1.047483,44.111030,42
2004-03-26T04:00:00,4,3,8.0000,69.4000,0.611032,31.356034,29
2004-03-26T05:00:00,5,3,7.7000,72.4000,0.698322,38.796448,36
2004-03-26T06:00:00,6,3,8.0000,71.8000,0.785612,41.453739,39
2004-03-26T07:00:00,7,3,8.5000,66.3000,1.396644,47.831238,44
2004-03-26T08:00:00,8,3,9.8000,59.6000,2.967869,58.460401,55
2004-03-26T09:00:00,9,3,11.2000,57.0000,3.317030,60.586234,57
2004-03-26T10:00:00,10,3,14.8000,44.1000,2.705998,63.243525,61
2004-03-26T11:00:00,11,3,16.8000,35.3000,2.356837,64.306442,62
2004-03-26T12:00:00,12,3,19.2000,27.1000,1.745805,51.551445,48
2004-03-26T13:00:00,13,3,19.1000,26.2000,2.007676,52.614361,49
2004-03-26T14:00:00,14,3,16.3000,30.8000,1.658515,45.173947,42
2004-03-26T15:00:00,15,3,14.2000,36.8000,1.134773,39.859365,37
2004-03-26T16:00:00,16,3,13.4000,41.0000,1.658515,46.236863,43
2004-03-26T17:00:00,17,3,14.2000,43.3000,2.007676,54.208736,51
2004-03-26T18:00:00,18,3,12.1000,45.6000,2.094966,55.803110,52
2004-03-26T19:00:00,19,3,10.4000,48.0000,2.356837,52.082903,49
2004-03-26T20:00:00,20,3,10.0000,51.1000,2.269547,49.425612,46
2004-03-26T21:00:00,21,3,9.8000,50.8000,1.309354,48.362696,45
2004-03-26T22:00:00,22,3,9.7000,50.4000,1.047483,45.173947,42
2004-03-26T23:00:00,23,3,9.9000,50.2000,0.960193,39.327906,37
2004-03-27T00:00:00,0,3,9.4000,53.4000,1.309354,46.236863,43
2004-03-27T01:00:00,1,3,8.6000,57.8000,0.872903,41.985197,39
2004-03-27T02:00:00,2,3,8.1000,62.1000,1.047483,41.453739,39
2004-03-27T05:00:00,5,3,8.2000,58.9000,0.698322,25.509993,24
2004-03-27T06:00:00,6,3,6.3000,66.6000,0.785612,31.356034,29
2004-03-27T07:00:00,7,3,7.2000,62.9000,0.960193,34.544783,32
2004-03-27T08:00:00,8,3,7.2000,63.9000,1.309354,37.733532,35
2004-03-27T09:00:00,9,3,11.1000,50.5000,1.571225,44.642488,42
2004-03-27T10:00:00,10,3,15.5000,36.1000,1.833095,49.425612,46
2004-03-27T11:00:00,11,3,17.8000,29.2000,1.833095,52.614361,49
2004-03-27T12:00:00,12,3,17.6000,30.1000,1.658515,49.425612,46
2004-03-27T13:00:00,13,3,19.1000,26.8000,1.833095,51.019987,48
2004-03-27T14:00:00,14,3,17.7000,28.6000,2.182256,60.586234,57
2004-03-27T15:00:00,15,3,17.8000,28.4000,1.658515,53.677278,50
2004-03-27T16:00:00,16,3,18.7000,26.0000,1.920386,57.397485,54
2004-03-27T17:00:00,17,3,17.1000,31.3000,2.007676,62.180609,60
2004-03-27T18:00:00,18,3,15.8000,36.1000,2.356837,66.432274,64
2004-03-27T19:00:00,19,3,14.7000,40.1000,2.618708,70.683940,68
2004-03-27T20:00:00,20,3,13.6000,44.9000,2.444127,63.243525,61
2004-03-27T21:00:00,21,3,12.5000,48.1000,1.920386,56.866027,53
2004-03-27T22:00:00,22,3,11.8000,50.8000,1.396644,51.019987,48
2004-03-27T23:00:00,23,3,10.9000,56.1000,1.833095,55.803110,52
2004-03-28T00:00:00,0,3,10.9000,55.9000,2.007676,54.208736,51
2004-03-28T01:00:00,1,3,10.3000,58.1000,2.007676,51.551445,48
2004-03-28T02:00:00,2,3,9.3000,62.2000,1.483934,41.985197,39
2004-03-28T04:00:00,4,3,8.3000,64.9000,1.134773,36.670615,34
2004-03-28T05:00:00,5,3,9.6000,58.5000,0.698322,27.635826,25
2004-03-28T06:00:00,6,3,7.7000,66.4000,0.960193,32.950408,30
2004-03-28T07:00:00,7,3,7.4000,68.0000,1.222064,36.670615,34
2004-03-28T08:00:00,8,3,9.7000,58.6000,1.134773,39.859365,37
2004-03-28T09:00:00,9,3,12.5000,50.1000,1.658515,44.111030,42
2004-03-28T10:00:00,10,3,16.8000,36.9000,2.007676,49.957070,46
2004-03-28T11:00:00,11,3,19.2000,31.3000,2.007676,51.019987,48
2004-03-28T12:00:00,12,3,21.3000,26.4000,1.571225,45.705405,42
2004-03-28T13:00:00,13,3,21.2000,23.1000,1.222064,38.264990,36
2004-03-28T14:00:00,14,3,18.6000,25.0000,0.872903,28.167284,26
2004-03-28T15:00:00,15,3,18.0000,27.3000,1.222064,34.544783,32
2004-03-28T16:00:00,16,3,18.2000,28.3000,1.134773,37.202074,35
2004-03-28T17:00:00,17,3,17.0000,31.4000,1.134773,39.859365,37
2004-03-28T18:00:00,18,3,15.6000,35.0000,1.222064,45.705405,42
2004-03-28T19:00:00,19,3,14.1000,40.2000,1.658515,49.957070,46
2004-03-28T20:00:00,20,3,13.4000,43.2000,1.571225,54.740194,51
2004-03-28T21:00:00,21,3,12.3000,46.8000,0.960193,43.048114,41
2004-03-28T22:00:00,22,3,11.9000,46.5000,0.960193,42.516656,40
2004-03-28T23:00:00,23,3,11.5000,46.6000,0.960193,40.922281,38
2004-03-29T00:00:00,0,3,10.6000,48.0000,0.785612,30.824575,28
2004-03-29T01:00:00,1,3,10.7000,45.8000,0.523742,16.475204,15
2004-03-29T02:00:00,2,3,10.4000,46.6000,0.436451,20.195411,19
2004-03-29T04:00:00,4,3,11.3000,46.9000,0.523742,31.356034,29
2004-03-29T05:00:00,5,3,10.1000,51.2000,0.611032,37.202074,35
2004-03-29T06:00:00,6,3,9.9000,50.7000,0.785612,39.859365,37
2004-03-29T07:00:00,7,3,8.1000,56.8000,2.531417,54.740194,51
2004-03-29T08:00:00,8,3,10.9000,44.1000,3.578900,71.215398,69
2004-03-29T09:00:00,9,3,11.8000,37.6000,1.309354,52.082903,49
2004-03-29T10:00:00,10,3,13.9000,33.2000,1.309354,51.551445,48
2004-03-29T11:00:00,11,3,15.6000,30.1000,1.309354,52.082903,49
2004-03-29T12:00:00,12,3,16.5000,29.0000,1.222064,41.453739,39
2004-03-29T13:00:00,13,3,17.5000,27.9000,1.396644,44.111030,42
2004-03-29T14:00:00,14,3,17.9000,26.8000,1.309354,48.894154,45
2004-03-29T15:00:00,15,3,18.2000,26.1000,1.222064,43.048114,41
2004-03-29T16:00:00,16,3,18.0000,27.1000,1.309354,47.831238,44
2004-03-29T17:00:00,17,3,17.0000,28.9000,1.658515,50.488529,47
2004-03-29T18:00:00,18,3,16.1000,31.3000,2.182256,60.586234,57
2004-03-29T19:00:00,19,3,14.5000,35.4000,1.833095,56.334569,53
2004-03-29T20:00:00,20,3,13.2000,37.9000,1.396644,52.614361,49
2004-03-29T21:00:00,21,3,13.1000,34.4000,1.047483,47.831238,44
2004-03-29T22:00:00,22,3,13.5000,28.5000,0.960193,43.579572,41
2004-03-29T23:00:00,23,3,12.4000,31.9000,0.872903,39.327906,37
2004-03-30T00:00:00,0,3,13.1000,26.8000,0.872903,40.390823,38
2004-03-30T01:00:00,1,3,11.6000,33.6000,0.611032,35.076241,33
2004-03-30T02:00:00,2,3,10.5000,42.9000,0.611032,38.796448,36
2004-03-30T05:00:00,5,3,12.9000,33.9000,0.611032,37.733532,35
2004-03-30T06:00:00,6,3,11.3000,40.3000,0.960193,52.082903,49
2004-03-30T07:00:00,7,3,11.9000,38.4000,2.269547,61.117692,58
2004-03-30T08:00:00,8,3,13.3000,35.6000,3.491610,69.089565,67
2004-03-30T09:00:00,9,3,16.3000,28.8000,3.666191,79.718729,78
2004-03-30T10:00:00,10,3,17.9000,28.2000,4.102642,84.501853,83
2004-03-30T11:00:00,11,3,18.3000,26.6000,3.404320,77.592897,76
2004-03-30T12:00:00,12,3,20.8000,22.5000,3.229739,73.341231,71
2004-03-30T13:00:00,13,3,22.4000,20.0000,2.967869,68.026649,66
2004-03-30T14:00:00,14,3,20.9000,21.7000,1.920386,51.551445,48
2004-03-30T15:00:00,15,3,19.1000,26.5000,1.658515,48.362696,45
2004-03-30T16:00:00,16,3,18.1000,30.6000,1.396644,43.048114,41
2004-03-30T17:00:00,17,3,17.3000,34.7000,1.833095,52.614361,49
2004-03-30T18:00:00,18,3,15.8000,40.4000,1.920386,53.677278,50
2004-03-30T19:00:00,19,3,15.9000,42.0000,2.356837,56.334569,53
2004-03-30T20:00:00,20,3,15.9000,43.5000,2.094966,54.208736,51
2004-03-30T21:00:00,21,3,15.0000,46.1000,1.134773,44.642488,42
2004-03-30T22:00:00,22,3,15.1000,44.6000,1.047483,43.048114,41
2004-03-30T23:00:00,23,3,14.9000,43.5000,1.309354,48.362696,45
2004-03-31T00:00:00,0,3,14.8000,41.0000,1.134773,43.579572,41
2004-03-31T01:00:00,1,3,14.8000,40.8000,0.872903,34.013324,32
2004-03-31T02:00:00,2,3,14.8000,40.8000,0.785612,37.202074,35
2004-03-31T04:00:00,4,3,14.5000,36.1000,0.436451,13.817913,12
2004-03-31T05:00:00,5,3,14.6000,36.0000,0.523742,30.824575,28
2004-03-31T06:00:00,6,3,14.4000,38.5000,0.872903,49.425612,46
2004-03-31T07:00:00,7,3,13.8000,58.2000,2.705998,58.460401,55
2004-03-31T08:00:00,8,3,13.2000,61.1000,3.578900,61.117692,58
2004-03-31T09:00:00,9,3,10.4000,74.4000,1.920386,66.432274,64
2004-03-31T10:00:00,10,3,11.5000,71.0000,1.483934,62.712067,60
2004-03-31T11:00:00,11,3,12.2000,70.0000,1.658515,57.928943,54
2004-03-31T12:00:00,12,3,12.3000,73.3000,2.531417,65.369358,63
2004-03-31T13:00:00,13,3,11.3000,78.1000,1.920386,60.586234,57
2004-03-31T14:00:00,14,3,13.6000,69.2000,2.269547,60.586234,57
2004-03-31T15:00:00,15,3,14.9000,59.3000,2.705998,63.243525,61
2004-03-31T16:00:00,16,3,15.7000,50.9000,2.007676,58.991860,55
2004-03-31T17:00:00,17,3,15.2000,52.9000,2.094966,54.740194,51
2004-03-31T18:00:00,18,3,15.5000,50.8000,2.444127,54.740194,51
2004-03-31T19:00:00,19,3,14.3000,52.9000,2.356837,56.866027,53
2004-03-31T20:00:00,20,3,13.2000,56.0000,2.007676,55.803110,52
2004-03-31T21:00:00,21,3,12.6000,57.0000,1.309354,48.362696,45
2004-03-31T22:00:00,22,3,12.3000,57.8000,1.222064,41.985197,39
2004-03-31T23:00:00,23,3,12.0000,58.4000,1.047483,41.985197,39
2004-04-01T00:00:00,0,4,12.0000,61.6000,1.396644,45.705405,42
2004-04-01T01:00:00,1,4,11.5000,63.9000,1.047483,37.202074,35
2004-04-01T02:00:00,2,4,10.7000,67.2000,0.960193,29.230201,27
2004-04-01T04:00:00,4,4,10.2000,66.6000,0.611032,26.041452,25
2004-04-01T05:00:00,5,4,11.0000,63.7000,0.785612,26.572910,25
2004-04-01T06:00:00,6,4,9.6000,68.8000,1.483934,35.607699,33
2004-04-01T07:00:00,7,4,9.5000,69.6000,3.666191,49.957070,46
2004-04-01T08:00:00,8,4,11.9000,60.9000,5.411996,63.243525,61
2004-04-01T09:00:00,9,4,16.2000,48.6000,4.015352,73.872689,71
2004-04-01T10:00:00,10,4,19.2000,39.6000,2.444127,60.054776,57
2004-04-01T11:00:00,11,4,19.7000,38.4000,1.396644,46.768321,43
2004-04-01T12:00:00,12,4,20.6000,36.7000,1.483934,38.796448,36
2004-04-01T13:00:00,13,4,21.8000,33.9000,1.483934,38.796448,36
2004-04-01T17:00:00,17,4,23.6000,27.5000,2.880578,56.334569,53
2004-04-01T18:00:00,18,4,22.8000,32.1000,3.666191,70.152482,68
2004-04-01T19:00:00,19,4,20.8000,36.7000,4.800964,87.159144,86
2004-04-01T20:00:00,20,4,18.3000,40.9000,4.277222,85.564769,84
2004-04-01T21:00:00,21,4,16.8000,44.0000,2.182256,65.900816,63
2004-04-01T22:00:00,22,4,15.8000,48.0000,1.745805,60.054776,57
2004-04-01T23:00:00,23,4,14.9000,52.0000,1.745805,54.740194,51
2004-04-02T00:00:00,0,4,14.1000,54.4000,1.745805,55.271652,52
2004-04-02T01:00:00,1,4,13.3000,58.8000,1.134773,49.425612,46
2004-04-02T02:00:00,2,4,13.3000,60.9000,0.872903,31.887492,29
2004-04-02T05:00:00,5,4,11.3000,72.9000,0.611032,35.076241,33
2004-04-02T06:00:00,6,4,11.4000,71.8000,0.960193,43.579572,41
2004-04-02T07:00:00,7,4,11.9000,73.7000,2.269547,57.928943,54
2004-04-02T08:00:00,8,4,12.6000,70.2000,3.404320,60.586234,57
2004-04-02T09:00:00,9,4,13.6000,65.3000,4.364513,73.872689,71
2004-04-02T10:00:00,10,4,16.9000,52.3000,2.880578,67.495191,65
2004-04-02T11:00:00,11,4,19.4000,44.1000,2.531417,67.495191,65
2004-04-02T12:00:00,12,4,22.9000,33.8000,2.705998,71.746856,69
2004-04-02T13:00:00,13,4,23.6000,31.3000,2.618708,69.089565,67
2004-04-02T14:00:00,14,4,24.7000,30.5000,2.356837,66.963733,64
2004-04-02T15:00:00,15,4,26.1000,27.3000,2.356837,64.306442,62
2004-04-02T16:00:00,16,4,27.6000,22.8000,2.269547,64.837900,62
2004-04-02T17:00:00,17,4,26.9000,22.3000,3.229739,73.341231,71
2004-04-02T18:00:00,18,4,24.3000,30.1000,3.928061,87.690602,86
2004-04-02T19:00:00,19,4,21.2000,40.1000,4.102642,81.844562,80
2004-04-02T20:00:00,20,4,19.4000,42.5000,4.800964,89.284977,88
2004-04-02T21:00:00,21,4,18.5000,43.0000,2.618708,77.592897,76
2004-04-02T22:00:00,22,4,17.8000,47.0000,1.658515,65.900816,63
2004-04-02T23:00:00,23,4,16.8000,53.2000,2.007676,65.900816,63
2004-04-03T00:00:00,0,4,17.1000,51.8000,1.396644,56.334569,53
2004-04-03T01:00:00,1,4,16.2000,54.2000,1.134773,46.768321,43
2004-04-03T02:00:00,2,4,15.1000,58.2000,1.047483,44.111030,42
2004-04-03T04:00:00,4,4,14.5000,58.0000,0.698322,39.327906,37
2004-04-03T05:00:00,5,4,13.7000,61.6000,0.698322,34.013324,32
2004-04-03T06:00:00,6,4,13.9000,59.6000,0.785612,36.670615,34
2004-04-03T07:00:00,7,4,13.3000,61.7000,1.745805,48.362696,45
2004-04-03T08:00:00,8,4,15.1000,55.8000,2.618708,51.019987,48
2004-04-03T09:00:00,9,4,17.0000,50.5000,2.705998,56.334569,53
2004-04-05T10:00:00,10,4,15.6000,57.4000,2.705998,65.900816,63
2004-04-05T11:00:00,11,4,16.6000,55.2000,2.618708,64.306442,62
2004-04-05T12:00:00,12,4,17.0000,54.3000,2.793288,60.586234,57
2004-04-05T13:00:00,13,4,18.0000,51.5000,2.705998,60.586234,57
2004-04-05T14:00:00,14,4,19.5000,47.5000,2.182256,56.334569,53
2004-04-05T15:00:00,15,4,21.6000,41.7000,1.833095,47.299779,44
2004-04-05T16:00:00,16,4,22.2000,38.3000,1.745805,43.579572,41
2004-04-05T17:00:00,17,4,20.3000,42.8000,2.793288,58.991860,55
2004-04-05T18:00:00,18,4,19.7000,45.4000,3.578900,70.152482,68
2004-04-05T19:00:00,19,4,18.8000,47.5000,3.404320,64.306442,62
2004-04-05T20:00:00,20,4,17.9000,49.4000,2.705998,61.649151,58
2004-04-05T21:00:00,21,4,17.5000,50.9000,1.745805,53.145820,50
2004-04-05T22:00:00,22,4,17.4000,51.8000,1.483934,47.299779,44
2004-04-05T23:00:00,23,4,17.0000,53.9000,1.396644,48.894154,45
2004-04-06T00:00:00,0,4,16.6000,55.4000,0.872903,37.733532,35
2004-04-06T01:00:00,1,4,15.9000,57.0000,0.698322,27.104368,25
2004-04-06T02:00:00,2,4,15.0000,59.2000,0.436451,20.726870,19
2004-04-06T04:00:00,4,4,14.1000,61.6000,0.436451,18.601037,17
2004-04-06T05:00:00,5,4,14.6000,58.8000,0.698322,34.013324,32
2004-04-06T06:00:00,6,4,14.4000,58.9000,1.483934,49.957070,46
2004-04-06T07:00:00,7,4,15.3000,55.2000,3.928061,71.215398,69
2004-04-06T08:00:00,8,4,16.2000,52.5000,5.411996,68.558107,66
2004-04-06T09:00:00,9,4,18.4000,46.3000,3.840771,66.432274,64
2004-04-06T10:00:00,10,4,19.6000,41.8000,2.531417,56.866027,53
2004-04-06T11:00:00,11,4,20.2000,40.1000,1.396644,41.453739,39
2004-04-06T12:00:00,12,4,20.9000,36.6000,2.269547,48.362696,45
2004-04-06T13:00:00,13,4,20.4000,34.7000,2.531417,61.649151,58
2004-04-06T14:00:00,14,4,19.3000,35.4000,2.182256,69.621024,67
2004-04-06T15:00:00,15,4,18.6000,36.9000,1.658515,60.054776,57
2004-04-06T16:00:00,16,4,18.8000,36.8000,1.658515,52.082903,49
2004-04-06T17:00:00,17,4,17.5000,40.6000,2.356837,61.649151,58
2004-04-06T18:00:00,18,4,16.8000,44.3000,2.618708,63.774983,61
2004-04-06T19:00:00,19,4,16.3000,47.7000,2.880578,66.963733,64
2004-04-06T20:00:00,20,4,15.6000,50.7000,2.793288,66.963733,64
2004-04-06T21:00:00,21,4,15.7000,49.4000,1.571225,47.831238,44
2004-04-06T22:00:00,22,4,15.8000,48.6000,1.134773,43.048114,41
2004-04-06T23:00:00,23,4,15.7000,47.0000,0.960193,39.327906,37
2004-04-07T00:00:00,0,4,15.7000,45.9000,0.785612,35.607699,33
2004-04-07T01:00:00,1,4,15.6000,44.9000,0.611032,24.447077,23
2004-04-07T02:00:00,2,4,15.6000,44.4000,0.349161,15.943746,14
2004-04-07T04:00:00,4,4,15.7000,45.4000,0.261871,10.097706,9
2004-04-07T05:00:00,5,4,15.3000,50.1000,0.261871,17.006662,16
2004-04-07T06:00:00,6,4,14.2000,58.6000,0.698322,32.418950,30
2004-04-07T07:00:00,7,4,14.3000,58.2000,2.444127,58.991860,55
2004-04-07T08:00:00,8,4,15.0000,52.0000,2.705998,54.208736,51
2004-04-07T09:00:00,9,4,13.6000,61.4000,2.007676,61.649151,58
2004-04-07T10:00:00,10,4,16.1000,53.1000,1.396644,51.019987,48
2004-04-07T11:00:00,11,4,16.6000,44.3000,1.309354,51.551445,48
2004-04-07T12:00:00,12,4,17.4000,40.3000,1.396644,58.460401,55
2004-04-07T13:00:00,13,4,18.1000,42.2000,1.571225,54.740194,51
2004-04-07T14:00:00,14,4,14.4000,51.8000,1.222064,41.985197,39
2004-04-07T15:00:00,15,4,10.9000,76.4000,1.658515,55.271652,52
2004-04-07T16:00:00,16,4,16.4000,47.7000,1.047483,36.670615,34
2004-04-07T17:00:00,17,4,18.0000,37.1000,2.007676,51.019987,48
2004-04-07T18:00:00,18,4,14.7000,48.7000,2.880578,64.306442,62
2004-04-07T19:00:00,19,4,11.3000,71.3000,2.705998,68.558107,66
2004-04-07T20:00:00,20,4,10.0000,74.0000,2.880578,61.649151,58
2004-04-07T21:00:00,21,4,9.8000,71.8000,1.047483,37.733532,35
2004-04-07T22:00:00,22,4,9.3000,75.2000,1.134773,45.173947,42
2004-04-07T23:00:00,23,4,9.6000,76.0000,1.658515,53.677278,50
2004-04-08T00:00:00,0,4,9.3000,75.0000,1.222064,51.551445,48
2004-04-08T01:00:00,1,4,9.0000,76.7000,1.309354,47.299779,44
2004-04-08T02:00:00,2,4,8.2000,79.6000,0.960193,38.264990,36
2004-04-08T05:00:00,5,4,8.1000,72.1000,0.698322,32.950408,30
2004-04-08T06:00:00,6,4,8.1000,70.4000,0.960193,34.013324,32
2004-04-08T07:00:00,7,4,8.1000,70.5000,2.269547,42.516656,40
2004-04-08T08:00:00,8,4,9.9000,64.3000,4.451803,62.712067,60
2004-04-08T09:00:00,9,4,13.0000,54.2000,3.666191,69.089565,67
2004-04-08T10:00:00,10,4,16.5000,42.6000,2.269547,60.054776,57
2004-04-08T11:00:00,11,4,19.3000,34.2000,2.094966,59.523318,56
2004-04-08T12:00:00,12,4,21.5000,27.4000,1.833095,51.019987,48
2004-04-08T13:00:00,13,4,20.4000,26.7000,2.269547,66.432274,64
2004-04-08T14:00:00,14,4,20.6000,22.6000,2.444127,68.026649,66
2004-04-08T15:00:00,15,4,20.6000,24.8000,2.182256,53.677278,50
2004-04-08T16:00:00,16,4,21.0000,25.4000,1.658515,50.488529,47
2004-04-08T17:00:00,17,4,21.5000,24.5000,3.142449,73.341231,71
2004-04-08T18:00:00,18,4,19.3000,28.6000,4.015352,81.844562,80
2004-04-08T19:00:00,19,4,18.0000,32.9000,5.499286,90.879351,89
2004-04-08T20:00:00,20,4,15.8000,39.8000,3.753481,72.278315,70
2004-04-08T21:00:00,21,4,15.3000,41.5000,1.396644,49.425612,46
2004-04-08T22:00:00,22,4,14.1000,46.0000,1.222064,52.614361,49
2004-04-09T23:00:00,23,4,12.0000,67.9000,2.007676,50.488529,47
2004-04-10T00:00:00,0,4,12.0000,66.9000,1.134773,41.985197,39
2004-04-10T01:00:00,1,4,11.5000,70.1000,1.483934,41.453739,39
2004-04-10T02:00:00,2,4,11.4000,69.8000,1.483934,39.859365,37
2004-04-10T04:00:00,4,4,10.8000,70.3000,0.698322,27.635826,25
2004-04-10T05:00:00,5,4,10.2000,73.4000,0.872903,29.230201,27
2004-04-10T06:00:00,6,4,10.8000,70.5000,1.222064,34.544783,32
2004-04-10T07:00:00,7,4,11.0000,71.0000,1.483934,38.264990,36
2004-04-10T08:00:00,8,4,12.4000,64.0000,1.745805,40.390823,38
2004-04-10T09:00:00,9,4,15.0000,53.1000,1.745805,44.642488,42
2004-04-10T10:00:00,10,4,16.6000,44.4000,1.658515,47.831238,44
2004-04-10T11:00:00,11,4,18.0000,38.4000,1.833095,47.299779,44
2004-04-10T12:00:00,12,4,20.6000,30.0000,1.571225,46.236863,43
2004-04-10T13:00:00,13,4,19.9000,26.7000,1.309354,46.768321,43
2004-04-10T14:00:00,14,4,19.8000,23.1000,1.134773,43.048114,41
2004-04-10T15:00:00,15,4,21.4000,22.7000,1.222064,47.299779,44
2004-04-10T16:00:00,16,4,22.1000,21.3000,1.309354,48.362696,45
2004-04-10T17:00:00,17,4,21.1000,24.5000,1.483934,55.271652,52
2004-04-10T18:00:00,18,4,18.3000,31.6000,1.745805,58.991860,55
2004-04-10T19:00:00,19,4,16.1000,35.0000,2.182256,68.558107,66
2004-04-10T20:00:00,20,4,14.8000,41.5000,2.094966,70.683940,68
2004-04-10T21:00:00,21,4,13.2000,50.3000,1.745805,61.117692,58
2004-04-10T22:00:00,22,4,12.3000,55.5000,2.531417,66.432274,64
2004-04-10T23:00:00,23,4,11.8000,56.6000,2.182256,62.180609,60
2004-04-11T00:00:00,0,4,11.2000,56.2000,1.222064,44.642488,42
2004-04-11T01:00:00,1,4,11.0000,56.6000,1.047483,33.481866,31
2004-04-11T02:00:00,2,4,9.3000,64.3000,0.872903,36.139157,34
2004-04-11T05:00:00,5,4,7.7000,70.7000,0.611032,26.041452,25
2004-04-11T06:00:00,6,4,7.4000,71.0000,0.698322,26.041452,25
2004-04-11T07:00:00,7,4,8.2000,66.6000,0.785612,27.635826,25
2004-04-11T08:00:00,8,4,8.7000,64.3000,0.960193,30.824575,28
2004-04-11T09:00:00,9,4,13.0000,47.9000,0.872903,27.104368,25
2004-04-11T10:00:00,10,4,17.4000,35.4000,1.396644,40.922281,38
2004-04-11T11:00:00,11,4,20.2000,29.2000,1.571225,47.831238,44
2004-04-11T12:00:00,12,4,22.7000,22.9000,2.269547,62.712067,60
2004-04-11T13:00:00,13,4,22.3000,22.4000,0.960193,37.202074,35
2004-04-11T14:00:00,14,4,22.2000,18.9000,0.523742,18.601037,17
2004-04-11T15:00:00,15,4,22.0000,19.0000,0.785612,24.447077,23
2004-04-11T16:00:00,16,4,21.0000,23.6000,0.872903,30.824575,28
2004-04-11T17:00:00,17,4,19.6000,27.4000,1.047483,32.418950,30
2004-04-11T18:00:00,18,4,17.9000,30.8000,1.222064,42.516656,40
2004-04-11T19:00:00,19,4,16.4000,35.3000,1.745805,49.425612,46
2004-04-11T20:00:00,20,4,15.6000,37.5000,0.960193,41.453739,39
2004-04-11T21:00:00,21,4,15.5000,36.7000,0.960193,40.390823,38
2004-04-11T22:00:00,22,4,14.5000,39.0000,0.960193,39.327906,37
2004-04-11T23:00:00,23,4,14.2000,38.2000,0.960193,43.048114,41
2004-04-12T00:00:00,0,4,13.7000,38.3000,0.611032,30.824575,28
2004-04-12T01:00:00,1,4,14.1000,34.0000,0.523742,31.356034,29
2004-04-12T02:00:00,2,4,14.6000,34.0000,0.611032,28.698743,26
2004-04-12T04:00:00,4,4,13.9000,30.9000,0.261871,13.286455,12
2004-04-12T05:00:00,5,4,13.5000,37.9000,0.261871,13.817913,12
2004-04-12T06:00:00,6,4,13.9000,43.6000,0.349161,26.041452,25
2004-04-12T07:00:00,7,4,13.5000,50.1000,0.436451,28.167284,26
2004-04-12T08:00:00,8,4,13.3000,53.6000,0.523742,30.293117,28
2004-04-12T09:00:00,9,4,13.4000,56.0000,0.698322,38.796448,36
2004-04-12T10:00:00,10,4,13.0000,59.6000,0.872903,41.453739,39
2004-04-12T11:00:00,11,4,12.7000,62.7000,1.134773,49.425612,46
2004-04-12T12:00:00,12,4,12.1000,60.5000,0.960193,37.733532,35
2004-04-12T13:00:00,13,4,11.2000,64.4000,0.523742,29.761659,27
2004-04-12T14:00:00,14,4,10.7000,67.6000,0.611032,31.887492,29
2004-04-12T15:00:00,15,4,11.4000,61.2000,1.047483,40.922281,38
2004-04-12T16:00:00,16,4,9.9000,70.5000,1.222064,43.579572,41
2004-04-12T17:00:00,17,4,10.3000,65.2000,1.047483,40.922281,38
2004-04-12T18:00:00,18,4,11.0000,58.9000,1.134773,48.362696,45
2004-04-12T19:00:00,19,4,10.6000,59.5000,1.571225,49.425612,46
2004-04-12T20:00:00,20,4,10.6000,57.7000,1.047483,43.579572,41
2004-04-12T21:00:00,21,4,10.6000,56.1000,0.698322,39.327906,37
2004-04-12T22:00:00,22,4,10.3000,58.0000,0.698322,36.139157,34
2004-04-12T23:00:00,23,4,10.4000,58.4000,0.698322,34.544783,32
2004-04-13T00:00:00,0,4,10.7000,58.2000,0.611032,30.824575,28
2004-04-13T01:00:00,1,4,10.5000,59.9000,0.436451,19.132495,18
2004-04-13T02:00:00,2,4,10.5000,60.8000,0.261871,15.412288,14
2004-04-13T04:00:00,4,4,11.1000,60.1000,0.261871,14.880829,13
2004-04-13T05:00:00,5,4,10.1000,68.4000,0.611032,36.139157,34
2004-04-13T06:00:00,6,4,10.0000,68.7000,1.396644,52.614361,49
2004-04-13T07:00:00,7,4,11.0000,64.2000,3.404320,69.089565,67
2004-04-13T08:00:00,8,4,12.0000,58.1000,3.928061,68.026649,66
2004-04-13T09:00:00,9,4,12.8000,52.0000,2.356837,63.774983,61
2004-04-13T10:00:00,10,4,12.6000,50.8000,1.396644,49.425612,46
2004-04-13T11:00:00,11,4,13.8000,47.4000,1.396644,51.019987,48
2004-04-13T12:00:00,12,4,15.1000,42.7000,1.396644,44.642488,42
2004-04-13T13:00:00,13,4,16.3000,38.1000,1.309354,46.236863,43
2004-04-13T14:00:00,14,4,16.6000,36.7000,1.571225,46.236863,43
2004-04-13T15:00:00,15,4,15.8000,40.5000,1.833095,54.740194,51
2004-04-13T16:00:00,16,4,16.3000,41.8000,1.483934,46.768321,43
2004-04-13T17:00:00,17,4,16.1000,42.8000,2.618708,62.712067,60
2004-04-13T18:00:00,18,4,15.3000,46.8000,4.015352,71.215398,69
2004-04-13T19:00:00,19,4,14.7000,47.0000,4.364513,76.529980,74
2004-04-13T20:00:00,20,4,14.1000,49.6000,3.055159,68.558107,66
2004-04-13T21:00:00,21,4,13.5000,54.1000,1.833095,57.397485,54
2004-04-13T22:00:00,22,4,12.3000,59.2000,1.833095,55.271652,52
2004-04-13T23:00:00,23,4,11.6000,62.2000,1.309354,47.831238,44
2004-04-14T00:00:00,0,4,11.5000,61.4000,0.960193,39.327906,37
2004-04-14T01:00:00,1,4,10.9000,64.6000,0.785612,38.796448,36
2004-04-14T02:00:00,2,4,11.1000,63.2000,0.611032,31.887492,29
2004-04-14T05:00:00,5,4,10.2000,65.8000,0.785612,32.950408,30
2004-04-14T06:00:00,6,4,10.3000,65.6000,1.396644,37.733532,35
2004-04-14T07:00:00,7,4,10.8000,64.0000,3.404320,49.957070,46
2004-04-14T08:00:00,8,4,13.3000,55.6000,4.364513,52.614361,49
2004-04-14T09:00:00,9,4,15.8000,46.8000,3.753481,63.243525,61
2004-04-14T10:00:00,10,4,19.5000,34.4000,2.356837,54.740194,51
2004-04-14T11:00:00,11,4,21.1000,30.2000,1.833095,50.488529,47
2004-04-14T12:00:00,12,4,18.4000,34.2000,1.833095,50.488529,47
2004-04-15T09:00:00,9,4,13.5000,53.4000,3.404320,60.586234,57
2004-04-15T10:00:00,10,4,15.0000,49.3000,3.317030,67.495191,65
2004-04-15T11:00:00,11,4,17.1000,42.1000,3.317030,71.746856,69
2004-04-15T12:00:00,12,4,18.4000,36.9000,3.404320,71.746856,69
2004-04-15T13:00:00,13,4,19.3000,35.4000,3.055159,63.774983,61
2004-04-15T14:00:00,14,4,19.2000,35.7000,3.491610,68.558107,66
2004-04-15T15:00:00,15,4,21.5000,30.4000,2.618708,60.586234,57
2004-04-15T16:00:00,16,4,19.6000,34.6000,2.705998,68.558107,66
2004-04-15T17:00:00,17,4,19.6000,35.5000,4.539093,79.187271,78
2004-04-15T18:00:00,18,4,18.3000,44.1000,5.150125,79.187271,78
2004-04-15T19:00:00,19,4,17.4000,47.8000,6.372189,83.970395,82
2004-04-15T20:00:00,20,4,16.8000,49.8000,5.324705,78.655813,77
2004-04-15T21:00:00,21,4,16.2000,53.2000,4.015352,71.215398,69
2004-04-15T22:00:00,22,4,14.9000,59.1000,2.182256,58.991860,55
2004-04-15T23:00:00,23,4,13.9000,64.0000,1.920386,56.334569,53
2004-04-16T00:00:00,0,4,13.7000,66.8000,1.745805,57.397485,54
2004-04-16T01:00:00,1,4,13.4000,69.6000,1.658515,49.425612,46
2004-04-16T02:00:00,2,4,12.8000,71.9000,1.396644,44.111030,42
2004-04-16T04:00:00,4,4,11.9000,74.8000,0.872903,36.670615,34
2004-04-16T05:00:00,5,4,11.6000,76.4000,1.047483,40.922281,38
2004-04-16T06:00:00,6,4,11.7000,75.3000,1.745805,46.236863,43
2004-04-16T07:00:00,7,4,12.8000,71.0000,3.928061,57.928943,54
2004-04-16T08:00:00,8,4,13.8000,61.1000,3.578900,61.649151,58
2004-04-16T09:00:00,9,4,15.3000,51.4000,2.269547,55.803110,52
2004-04-16T10:00:00,10,4,16.6000,48.7000,2.007676,56.334569,53
2004-04-16T11:00:00,11,4,17.6000,46.7000,2.269547,57.397485,54
2004-04-16T12:00:00,12,4,19.2000,42.7000,2.094966,53.145820,50
2004-04-16T13:00:00,13,4,15.7000,62.5000,3.753481,79.187271,78
2004-04-16T14:00:00,14,4,14.5000,75.7000,4.015352,78.655813,77
2004-04-16T15:00:00,15,4,14.4000,77.4000,3.491610,66.963733,64
2004-04-16T16:00:00,16,4,14.6000,74.9000,4.102642,74.404147,72
2004-04-16T17:00:00,17,4,14.6000,76.0000,4.975544,75.467064,73
2004-04-16T18:00:00,18,4,14.0000,76.3000,4.539093,74.935606,72
2004-04-16T19:00:00,19,4,13.9000,78.0000,5.586576,79.187271,78
2004-04-16T20:00:00,20,4,13.8000,78.0000,5.237415,74.404147,72
2004-04-16T21:00:00,21,4,13.5000,79.4000,2.967869,62.180609,60
2004-04-16T22:00:00,22,4,13.1000,80.1000,2.356837,54.740194,51
2004-04-16T23:00:00,23,4,12.8000,81.0000,2.705998,52.614361,49
2004-04-17T00:00:00,0,4,12.7000,80.6000,2.269547,53.145820,50
2004-04-17T01:00:00,1,4,12.5000,81.8000,1.920386,46.768321,43
2004-04-17T02:00:00,2,4,12.7000,81.2000,1.658515,44.111030,42
2004-04-23T05:00:00,5,4,14.2000,52.2000,0.523742,31.356034,29
2004-04-23T06:00:00,6,4,14.3000,55.4000,0.698322,35.607699,33
2004-04-23T07:00:00,7,4,14.0000,58.0000,3.491610,50.488529,47
2004-04-23T08:00:00,8,4,15.4000,53.3000,4.888254,65.369358,63
2004-04-23T09:00:00,9,4,19.1000,42.1000,4.364513,75.467064,73
2004-04-23T10:00:00,10,4,23.7000,31.0000,2.793288,75.467064,73
2004-04-23T11:00:00,11,4,26.9000,25.7000,3.317030,89.816435,88
2004-04-23T12:00:00,12,4,29.7000,20.6000,2.880578,75.467064,73
2004-04-23T13:00:00,13,4,29.2000,21.5000,2.618708,72.278315,70
2004-04-23T14:00:00,14,4,29.6000,20.1000,2.793288,78.124355,77
2004-04-23T15:00:00,15,4,30.0000,19.4000,3.840771,104.165806,102
2004-04-23T16:00:00,16,4,29.5000,20.1000,4.015352,98.851224,98
2004-04-23T17:00:00,17,4,27.0000,26.8000,4.539093,94.068101,94
2004-04-23T18:00:00,18,4,24.9000,30.8000,4.189932,87.159144,86
2004-04-23T19:00:00,19,4,23.1000,36.7000,4.888254,85.564769,84
2004-04-23T20:00:00,20,4,21.5000,40.8000,4.015352,77.592897,76
2004-04-23T21:00:00,21,4,20.5000,41.5000,1.571225,52.082903,49
2004-04-23T22:00:00,22,4,19.2000,44.9000,1.920386,57.397485,54
2004-04-23T23:00:00,23,4,18.8000,47.7000,1.745805,56.866027,53
2004-04-24T00:00:00,0,4,18.2000,49.7000,2.444127,60.054776,57
2004-04-24T01:00:00,1,4,16.1000,57.4000,2.269547,53.145820,50
2004-04-24T02:00:00,2,4,16.3000,55.3000,1.571225,46.236863,43
2004-04-24T05:00:00,5,4,14.8000,57.7000,0.611032,34.544783,32
2004-04-24T06:00:00,6,4,14.0000,59.7000,0.785612,34.013324,32
2004-04-24T07:00:00,7,4,14.6000,56.8000,1.309354,38.796448,36
2004-04-24T08:00:00,8,4,16.7000,51.9000,2.182256,45.705405,42
2004-04-24T09:00:00,9,4,20.0000,45.0000,2.618708,55.803110,52
2004-04-24T10:00:00,10,4,23.9000,33.7000,2.269547,56.866027,53
2004-04-24T11:00:00,11,4,26.8000,29.5000,2.269547,60.586234,57
2004-04-24T12:00:00,12,4,27.2000,32.4000,2.269547,55.803110,52
2004-04-24T13:00:00,13,4,26.9000,32.1000,1.658515,39.327906,37
2004-04-24T14:00:00,14,4,24.3000,41.8000,1.745805,50.488529,47
2004-04-24T15:00:00,15,4,25.6000,36.0000,1.483934,47.299779,44
2004-04-24T16:00:00,16,4,27.0000,31.8000,1.658515,50.488529,47
2004-04-24T17:00:00,17,4,27.5000,31.6000,1.571225,49.425612,46
2004-04-24T18:00:00,18,4,24.9000,38.1000,2.444127,65.369358,63
2004-04-24T19:00:00,19,4,23.4000,39.7000,3.055159,71.215398,69
2004-04-24T20:00:00,20,4,21.2000,50.8000,2.967869,66.963733,64
2004-04-24T21:00:00,21,4,15.6000,73.5000,1.745805,41.985197,39
2004-04-24T22:00:00,22,4,12.9000,79.7000,0.960193,28.698743,26
2004-04-24T23:00:00,23,4,11.5000,76.9000,1.134773,36.670615,34
2004-04-25T00:00:00,0,4,12.2000,66.8000,1.047483,35.607699,33
2004-04-25T01:00:00,1,4,12.4000,64.1000,1.134773,38.796448,36
2004-04-25T02:00:00,2,4,12.7000,58.7000,0.872903,38.796448,36
2004-04-25T05:00:00,5,4,12.5000,50.9000,0.261871,10.629164,9
2004-04-25T06:00:00,6,4,12.8000,49.3000,0.436451,19.663953,18
2004-04-25T07:00:00,7,4,13.5000,48.6000,0.523742,26.572910,25
2004-04-25T08:00:00,8,4,14.4000,45.9000,0.523742,23.915619,22
2004-04-25T09:00:00,9,4,15.1000,43.9000,0.698322,25.509993,24
2004-04-25T10:00:00,10,4,16.6000,38.6000,0.872903,29.761659,27
2004-04-25T11:00:00,11,4,17.2000,35.0000,0.785612,30.824575,28
2004-04-25T12:00:00,12,4,17.4000,33.9000,0.872903,27.635826,25
2004-04-25T13:00:00,13,4,17.9000,30.7000,0.698322,27.635826,25
2004-04-25T14:00:00,14,4,18.3000,27.2000,0.611032,23.384161,22
2004-04-25T15:00:00,15,4,19.4000,25.7000,0.785612,31.356034,29
2004-04-25T16:00:00,16,4,20.2000,24.1000,1.134773,39.327906,37
2004-04-25T17:00:00,17,4,19.6000,24.9000,1.222064,40.390823,38
2004-04-25T18:00:00,18,4,18.5000,27.8000,1.309354,44.111030,42
2004-04-25T19:00:00,19,4,17.8000,30.3000,2.356837,53.145820,50
2004-04-25T20:00:00,20,4,16.6000,34.0000,2.182256,53.677278,50
2004-04-25T21:00:00,21,4,15.5000,37.0000,1.222064,47.831238,44
2004-04-25T22:00:00,22,4,14.8000,39.5000,2.444127,49.425612,46
2004-04-25T23:00:00,23,4,14.5000,42.0000,1.833095,41.985197,39
2004-04-26T00:00:00,0,4,14.1000,44.9000,0.960193,30.293117,28
2004-04-26T01:00:00,1,4,14.2000,45.5000,0.611032,22.852702,21
2004-04-26T02:00:00,2,4,14.1000,45.3000,0.349161,13.286455,12
2004-04-26T05:00:00,5,4,13.9000,43.9000,0.349161,23.384161,22
2004-04-26T06:00:00,6,4,14.0000,43.8000,0.698322,38.264990,36
2004-04-26T07:00:00,7,4,14.4000,43.6000,1.658515,48.362696,45
2004-04-26T08:00:00,8,4,15.0000,41.7000,1.833095,47.299779,44
2004-04-26T09:00:00,9,4,16.3000,38.4000,1.222064,44.642488,42
2004-04-26T10:00:00,10,4,18.3000,32.3000,1.222064,44.111030,42
2004-04-26T11:00:00,11,4,18.8000,31.7000,1.134773,41.453739,39
2004-04-26T12:00:00,12,4,19.6000,30.9000,1.309354,42.516656,40
2004-04-26T13:00:00,13,4,20.2000,30.7000,1.396644,39.859365,37
2004-04-26T14:00:00,14,4,19.7000,32.5000,1.134773,40.922281,38
2004-04-26T15:00:00,15,4,20.7000,31.6000,1.222064,40.922281,38
2004-04-26T16:00:00,16,4,20.0000,32.7000,1.309354,43.048114,41
2004-04-26T17:00:00,17,4,18.6000,35.4000,1.920386,53.677278,50
2004-04-26T18:00:00,18,4,18.3000,35.9000,2.793288,63.243525,61
2004-04-26T19:00:00,19,4,17.8000,37.5000,2.618708,58.991860,55
2004-04-26T20:00:00,20,4,17.3000,38.8000,2.269547,57.928943,54
2004-04-26T21:00:00,21,4,17.3000,38.8000,1.396644,53.677278,50
2004-04-26T22:00:00,22,4,16.4000,40.8000,1.309354,47.299779,44
2004-04-26T23:00:00,23,4,16.0000,41.4000,1.047483,39.859365,37
2004-04-27T00:00:00,0,4,15.4000,43.0000,0.698322,27.104368,25
2004-04-27T01:00:00,1,4,15.7000,42.5000,0.611032,20.726870,19
2004-04-27T02:00:00,2,4,15.6000,43.4000,0.436451,17.006662,16
2004-04-27T05:00:00,5,4,15.5000,47.3000,0.611032,36.139157,34
2004-04-27T06:00:00,6,4,14.4000,53.1000,1.222064,40.390823,38
2004-04-27T07:00:00,7,4,15.9000,48.5000,3.578900,64.837900,62
2004-04-27T08:00:00,8,4,18.1000,40.3000,4.015352,68.558107,66
2004-04-27T09:00:00,9,4,19.6000,35.9000,1.658515,49.957070,46
2004-04-27T10:00:00,10,4,22.8000,29.1000,1.658515,52.614361,49
2004-04-27T11:00:00,11,4,24.8000,25.3000,1.483934,43.048114,41
2004-04-27T12:00:00,12,4,27.2000,22.0000,2.094966,46.236863,43
2004-04-27T13:00:00,13,4,28.2000,20.4000,2.618708,56.866027,53
2004-04-27T14:00:00,14,4,25.4000,24.2000,1.745805,50.488529,47
2004-04-27T15:00:00,15,4,25.7000,23.8000,2.356837,58.460401,55
2004-04-27T16:00:00,16,4,27.2000,22.1000,1.920386,52.614361,49
2004-04-27T17:00:00,17,4,27.0000,22.3000,2.531417,60.054776,57
2004-04-27T18:00:00,18,4,24.5000,27.8000,2.967869,67.495191,65
2004-04-27T19:00:00,19,4,23.7000,30.2000,3.404320,69.621024,67
2004-04-27T20:00:00,20,4,21.5000,34.5000,3.142449,72.809773,70
2004-04-27T21:00:00,21,4,19.9000,37.8000,2.182256,64.837900,62
2004-04-27T22:00:00,22,4,18.9000,40.6000,1.571225,53.145820,50
2004-04-27T23:00:00,23,4,17.9000,43.5000,1.745805,57.397485,54
2004-04-28T00:00:00,0,4,17.4000,46.3000,1.134773,44.111030,42
2004-04-28T01:00:00,1,4,18.1000,44.7000,0.872903,39.327906,37
2004-04-28T02:00:00,2,4,16.5000,50.1000,0.523742,34.013324,32
2004-04-28T05:00:00,5,4,16.3000,52.8000,0.436451,20.726870,19
2004-04-28T06:00:00,6,4,13.9000,60.7000,0.960193,36.670615,34
2004-04-28T07:00:00,7,4,15.0000,58.3000,4.800964,55.271652,54
2004-04-28T08:00:00,8,4,16.1000,54.8000,3.666191,53.145820,50
2004-04-28T09:00:00,9,4,19.3000,46.4000,4.015352,77.592897,76
2004-04-28T10:00:00,10,4,24.2000,33.8000,2.967869,82.376020,81
2004-04-28T11:00:00,11,4,26.7000,28.7000,2.444127,73.872689,71
2004-04-28T12:00:00,12,4,27.4000,28.2000,2.182256,64.306442,62
2004-04-28T13:00:00,13,4,28.1000,26.9000,2.094966,57.397485,54
2004-04-28T14:00:00,14,4,27.7000,26.5000,2.793288,66.963733,64
2004-04-28T15:00:00,15,4,28.4000,23.4000,3.055159,77.061438,76
2004-04-28T16:00:00,16,4,28.4000,26.0000,2.531417,64.306442,62
2004-04-28T17:00:00,17,4,27.3000,30.0000,3.142449,77.061438,76
2004-04-28T18:00:00,18,4,24.3000,37.3000,4.189932,85.033311,84
2004-04-28T19:00:00,19,4,23.1000,42.2000,4.713674,82.376020,81
2004-04-28T20:00:00,20,4,21.8000,43.6000,4.626383,86.096228,85
2004-04-28T21:00:00,21,4,19.8000,46.8000,2.356837,68.558107,66
2004-04-28T22:00:00,22,4,19.6000,49.8000,1.222064,51.019987,48
2004-04-28T23:00:00,23,4,17.9000,56.2000,1.396644,48.894154,45
2004-04-29T00:00:00,0,4,17.4000,55.6000,1.309354,47.299779,44
2004-04-29T01:00:00,1,4,16.8000,59.5000,0.872903,32.418950,30
2004-04-29T02:00:00,2,4,15.9000,60.1000,0.523742,28.698743,26
2004-04-29T05:00:00,5,4,13.3000,67.0000,0.698322,30.293117,28
2004-04-29T06:00:00,6,4,12.9000,66.5000,1.309354,36.139157,34
2004-04-29T07:00:00,7,4,14.8000,61.3000,4.277222,50.488529,48
2004-04-29T08:00:00,8,4,16.1000,56.5000,6.284898,66.432274,68
2004-04-29T09:00:00,9,4,18.6000,47.8000,3.055159,71.746856,69
2004-04-29T10:00:00,10,4,23.8000,30.2000,1.833095,62.712067,60
2004-04-29T11:00:00,11,4,25.4000,25.0000,1.309354,48.362696,45
2004-04-29T12:00:00,12,4,25.6000,25.5000,1.745805,47.299779,44
2004-04-29T13:00:00,13,4,24.9000,29.9000,3.317030,68.558107,66
2004-04-29T14:00:00,14,4,22.4000,37.9000,2.967869,64.837900,62
2004-04-29T15:00:00,15,4,21.7000,44.0000,3.840771,73.341231,71
2004-04-29T16:00:00,16,4,21.4000,44.4000,3.404320,72.278315,70
2004-04-29T17:00:00,17,4,20.8000,45.3000,4.277222,75.998522,73
2004-04-29T18:00:00,18,4,20.2000,48.6000,4.713674,77.061438,76
2004-04-29T19:00:00,19,4,20.2000,50.8000,5.673866,77.592897,76
2004-04-29T20:00:00,20,4,18.6000,57.6000,3.753481,64.837900,62
2004-04-29T21:00:00,21,4,18.2000,58.8000,2.531417,59.523318,56
2004-04-29T22:00:00,22,4,17.8000,61.0000,2.356837,54.208736,51
2004-04-29T23:00:00,23,4,17.0000,70.7000,2.444127,51.551445,48
2004-04-30T00:00:00,0,4,16.2000,76.9000,2.007676,45.173947,42
2004-04-30T01:00:00,1,4,15.7000,78.6000,1.483934,40.390823,38
2004-04-30T02:00:00,2,4,15.7000,78.4000,1.047483,39.327906,37
2004-04-30T05:00:00,5,4,15.7000,74.7000,0.698322,35.076241,33
2004-04-30T06:00:00,6,4,15.9000,73.1000,1.483934,47.831238,44
2004-04-30T07:00:00,7,4,16.6000,68.2000,2.618708,58.991860,55
2004-04-30T08:00:00,8,4,18.7000,57.6000,2.967869,54.740194,51
2004-04-30T09:00:00,9,4,17.6000,65.0000,2.880578,62.180609,60
2004-04-30T10:00:00,10,4,16.3000,73.2000,2.356837,61.649151,58
2004-04-30T11:00:00,11,4,16.0000,78.5000,2.269547,57.928943,54
2004-04-30T12:00:00,12,4,17.3000,72.4000,2.793288,61.649151,58
2004-04-30T13:00:00,13,4,19.4000,60.9000,2.967869,61.117692,58
2004-04-30T14:00:00,14,4,21.4000,50.9000,2.269547,49.957070,46
2004-04-30T15:00:00,15,4,22.7000,45.8000,2.967869,64.306442,62
2004-04-30T16:00:00,16,4,20.9000,60.8000,3.491610,60.586234,57
2004-04-30T17:00:00,17,4,21.0000,54.3000,3.928061,58.460401,55
2004-04-30T18:00:00,18,4,20.8000,54.4000,3.666191,64.837900,62
2004-04-30T19:00:00,19,4,19.8000,58.6000,4.975544,71.746856,69
2004-04-30T20:00:00,20,4,19.1000,61.1000,3.840771,70.683940,68
2004-04-30T21:00:00,21,4,18.2000,65.4000,2.705998,58.460401,55
2004-04-30T22:00:00,22,4,18.1000,66.1000,2.618708,54.208736,51
2004-04-30T23:00:00,23,4,17.7000,66.9000,2.705998,57.397485,54
2004-05-01T00:00:00,0,5,17.8000,66.8000,3.055159,58.460401,55
2004-05-01T01:00:00,1,5,17.3000,68.3000,2.094966,44.642488,42
2004-05-01T02:00:00,2,5,16.5000,70.2000,1.396644,37.733532,35
2004-05-01T05:00:00,5,5,16.7000,67.1000,0.523742,17.006662,16
2004-05-01T06:00:00,6,5,16.7000,66.9000,0.611032,18.601037,17
2004-05-01T07:00:00,7,5,16.9000,66.5000,1.047483,35.607699,33
2004-05-01T08:00:00,8,5,17.7000,62.0000,1.309354,38.796448,36
2004-05-01T09:00:00,9,5,19.4000,54.6000,1.571225,45.705405,42
2004-05-01T10:00:00,10,5,21.6000,46.1000,1.833095,47.299779,44
2004-05-01T11:00:00,11,5,24.6000,36.7000,1.658515,45.705405,42
2004-05-01T12:00:00,12,5,26.0000,31.9000,1.745805,45.705405,42
2004-05-01T13:00:00,13,5,25.6000,31.5000,1.134773,35.076241,33
2004-05-01T14:00:00,14,5,24.8000,34.8000,1.134773,36.139157,34
2004-05-01T15:00:00,15,5,26.1000,30.3000,1.571225,43.579572,41
2004-05-01T16:00:00,16,5,25.5000,33.5000,1.745805,48.362696,45
2004-05-01T17:00:00,17,5,23.7000,37.2000,1.571225,50.488529,47
2004-05-01T18:00:00,18,5,22.3000,38.9000,2.094966,55.271652,52
2004-05-01T19:00:00,19,5,20.7000,42.8000,3.491610,69.621024,67
2004-05-01T20:00:00,20,5,19.0000,51.7000,2.444127,59.523318,56
2004-05-01T21:00:00,21,5,17.8000,55.5000,1.745805,53.145820,50
2004-05-01T22:00:00,22,5,17.4000,57.6000,3.142449,61.117692,58
2004-05-01T23:00:00,23,5,17.6000,58.5000,3.229739,68.558107,66
2004-05-02T00:00:00,0,5,17.2000,59.3000,2.007676,52.614361,49
2004-05-02T01:00:00,1,5,17.1000,60.4000,1.571225,39.327906,37
2004-05-02T02:00:00,2,5,16.4000,62.2000,0.785612,29.230201,27
2004-05-02T05:00:00,5,5,14.7000,65.2000,0.523742,19.663953,18
2004-05-02T06:00:00,6,5,13.1000,70.2000,0.611032,23.915619,22
2004-05-02T07:00:00,7,5,14.3000,66.2000,0.698322,24.447077,23
2004-05-02T08:00:00,8,5,16.0000,61.6000,1.047483,36.139157,34
2004-05-02T09:00:00,9,5,17.7000,56.4000,1.222064,40.922281,38
2004-05-02T10:00:00,10,5,21.3000,44.7000,1.396644,41.985197,39
2004-05-02T11:00:00,11,5,23.6000,36.4000,1.134773,38.264990,36
2004-05-02T12:00:00,12,5,24.3000,34.0000,1.134773,36.139157,34
2004-05-02T13:00:00,13,5,24.4000,32.7000,0.960193,34.013324,32
2004-05-02T14:00:00,14,5,24.6000,31.7000,1.047483,38.796448,36
2004-05-02T15:00:00,15,5,23.9000,34.3000,1.309354,44.642488,42
2004-05-02T16:00:00,16,5,25.9000,28.1000,0.960193,35.607699,33
2004-05-02T17:00:00,17,5,24.5000,32.3000,1.658515,56.334569,53
2004-05-02T18:00:00,18,5,22.6000,39.3000,2.007676,60.586234,57
2004-05-02T19:00:00,19,5,21.2000,47.5000,2.880578,65.369358,63
2004-05-02T20:00:00,20,5,19.9000,54.9000,2.269547,57.397485,54
2004-05-02T21:00:00,21,5,19.4000,52.1000,1.920386,53.145820,50
2004-05-02T22:00:00,22,5,19.4000,42.6000,2.007676,62.712067,60
2004-05-02T23:00:00,23,5,19.1000,44.1000,1.745805,64.306442,62
2004-05-03T00:00:00,0,5,18.0000,49.3000,1.396644,49.957070,46
2004-05-03T01:00:00,1,5,17.6000,54.6000,0.698322,27.635826,25
2004-05-03T02:00:00,2,5,16.4000,62.1000,0.523742,20.726870,19
2004-05-03T05:00:00,5,5,15.8000,64.3000,0.611032,30.293117,28
2004-05-03T06:00:00,6,5,16.0000,65.8000,1.134773,42.516656,40
2004-05-03T07:00:00,7,5,16.8000,62.5000,2.967869,53.677278,50
2004-05-03T08:00:00,8,5,16.9000,66.1000,4.102642,57.928943,54
2004-05-03T09:00:00,9,5,17.4000,68.9000,2.967869,57.928943,54
2004-05-03T10:00:00,10,5,21.4000,45.0000,2.182256,58.991860,55
2004-05-03T11:00:00,11,5,23.9000,30.7000,1.745805,54.208736,51
2004-05-03T12:00:00,12,5,26.8000,25.2000,1.658515,51.019987,48
2004-05-03T13:00:00,13,5,28.4000,23.6000,1.483934,47.831238,44
2004-05-03T14:00:00,14,5,30.3000,20.1000,1.222064,36.670615,34
2004-05-03T15:00:00,15,5,30.9000,19.7000,1.309354,39.327906,37
2004-05-03T16:00:00,16,5,30.2000,20.5000,2.094966,54.208736,51
2004-05-03T17:00:00,17,5,26.4000,34.6000,3.404320,68.026649,66
2004-05-03T18:00:00,18,5,24.9000,39.4000,3.666191,69.089565,67
2004-05-03T19:00:00,19,5,23.5000,43.7000,3.229739,63.774983,61
2004-05-03T20:00:00,20,5,19.3000,63.1000,2.793288,60.054776,57
2004-05-03T21:00:00,21,5,18.7000,64.6000,1.745805,53.145820,50
2004-05-03T22:00:00,22,5,19.5000,57.1000,0.960193,37.202074,35
2004-05-03T23:00:00,23,5,18.9000,62.5000,1.309354,44.111030,42
2004-05-04T00:00:00,0,5,18.4000,65.8000,1.134773,43.048114,41
2004-05-04T01:00:00,1,5,16.4000,79.2000,0.872903,36.670615,34
2004-05-04T02:00:00,2,5,16.1000,80.0000,0.523742,25.509993,24
2004-05-04T05:00:00,5,5,15.7000,80.5000,0.523742,24.978535,23
2004-05-04T06:00:00,6,5,16.0000,80.8000,1.658515,46.768321,43
2004-05-04T07:00:00,7,5,16.6000,78.0000,3.928061,57.928943,54
2004-05-04T08:00:00,8,5,16.1000,79.2000,3.753481,60.054776,57
2004-05-04T09:00:00,9,5,17.7000,70.8000,2.793288,55.271652,52
2004-05-04T10:00:00,10,5,20.3000,54.8000,1.134773,34.544783,32
2004-05-04T11:00:00,11,5,21.2000,49.3000,1.920386,46.236863,43
2004-05-04T12:00:00,12,5,21.5000,47.9000,2.269547,52.614361,49
2004-05-04T13:00:00,13,5,21.4000,47.7000,2.007676,53.145820,50
2004-05-04T14:00:00,14,5,20.4000,54.0000,2.094966,55.803110,52
2004-05-04T15:00:00,15,5,19.9000,57.1000,2.269547,51.551445,48
2004-05-04T16:00:00,16,5,19.9000,55.2000,1.047483,28.698743,26
2004-05-04T17:00:00,17,5,19.5000,55.7000,1.396644,31.356034,29
2004-05-04T18:00:00,18,5,18.3000,62.8000,3.404320,57.928943,54
2004-05-04T19:00:00,19,5,17.2000,68.3000,4.102642,66.432274,64
2004-05-04T20:00:00,20,5,16.1000,75.2000,4.713674,70.152482,68
2004-05-04T21:00:00,21,5,16.6000,70.8000,2.618708,58.460401,55
2004-05-04T22:00:00,22,5,18.5000,56.0000,0.785612,28.167284,26
2004-05-04T23:00:00,23,5,17.3000,59.5000,0.960193,32.418950,30
2004-05-05T00:00:00,0,5,18.6000,52.3000,0.611032,21.789786,20
2004-05-05T01:00:00,1,5,19.0000,49.8000,0.436451,11.692080,10
2004-05-05T02:00:00,2,5,15.7000,64.5000,0.436451,14.880829,13
2004-05-05T05:00:00,5,5,14.6000,77.1000,0.698322,28.698743,26
2004-05-05T06:00:00,6,5,14.5000,78.3000,1.134773,43.048114,41
2004-05-05T07:00:00,7,5,15.1000,76.8000,3.055159,56.866027,53
2004-05-05T09:00:00,9,5,16.4000,72.4000,3.404320,65.900816,63
2004-05-05T10:00:00,10,5,16.3000,68.6000,2.531417,65.369358,63
2004-05-05T11:00:00,11,5,17.2000,62.9000,2.269547,63.774983,61
2004-05-05T12:00:00,12,5,17.4000,61.1000,2.618708,60.054776,57
2004-05-05T13:00:00,13,5,16.8000,66.8000,3.229739,60.586234,57
2004-05-05T14:00:00,14,5,17.3000,62.6000,3.404320,63.774983,61
2004-05-05T15:00:00,15,5,17.5000,60.8000,3.055159,66.432274,64
2004-05-05T16:00:00,16,5,17.5000,59.2000,2.094966,46.768321,43
2004-05-05T17:00:00,17,5,17.7000,56.9000,1.396644,38.264990,36
2004-05-05T18:00:00,18,5,17.1000,61.5000,2.618708,54.740194,51
2004-05-05T19:00:00,19,5,17.5000,63.9000,1.396644,35.607699,33
2004-05-05T20:00:00,20,5,15.9000,70.7000,1.833095,41.985197,39
2004-05-05T21:00:00,21,5,15.1000,75.1000,1.571225,47.299779,44
2004-05-05T22:00:00,22,5,13.9000,72.5000,0.960193,35.607699,33
2004-05-05T23:00:00,23,5,12.0000,79.8000,1.309354,44.111030,42
2004-05-06T00:00:00,0,5,12.5000,75.8000,1.222064,40.390823,38
2004-05-06T01:00:00,1,5,12.0000,75.0000,0.785612,30.824575,28
2004-05-06T02:00:00,2,5,12.6000,72.2000,0.436451,15.943746,14
2004-05-06T05:00:00,5,5,13.2000,64.6000,0.523742,26.572910,25
2004-05-06T06:00:00,6,5,13.1000,65.6000,1.134773,48.894154,45
2004-05-06T07:00:00,7,5,14.7000,58.5000,2.531417,53.677278,50
2004-05-06T08:00:00,8,5,15.9000,53.1000,3.142449,64.306442,62
2004-05-06T09:00:00,9,5,17.9000,46.1000,2.967869,69.089565,67
2004-05-06T10:00:00,10,5,20.2000,37.7000,2.182256,60.586234,57
2004-05-06T11:00:00,11,5,18.5000,42.8000,1.833095,53.145820,50
2004-05-06T12:00:00,12,5,13.0000,64.3000,0.960193,29.761659,27
2004-05-06T13:00:00,13,5,15.1000,54.5000,1.571225,39.859365,37
2004-05-06T14:00:00,14,5,13.6000,65.5000,2.618708,64.306442,62
2004-05-06T15:00:00,15,5,12.3000,78.3000,2.705998,68.026649,66
2004-05-06T16:00:00,16,5,12.7000,74.2000,3.142449,73.872689,71
2004-05-06T17:00:00,17,5,14.4000,64.2000,2.880578,64.837900,62
2004-05-06T18:00:00,18,5,15.6000,58.3000,1.571225,48.894154,45
2004-05-06T19:00:00,19,5,15.0000,61.4000,1.833095,51.551445,48
2004-05-06T20:00:00,20,5,13.7000,65.8000,1.920386,52.082903,49
2004-05-06T21:00:00,21,5,12.3000,66.4000,1.396644,49.425612,46
2004-05-06T22:00:00,22,5,15.4000,58.8000,0.785612,34.544783,32
2004-05-06T23:00:00,23,5,14.1000,64.9000,1.571225,43.048114,41
2004-05-07T00:00:00,0,5,13.8000,64.7000,2.007676,54.208736,51
2004-05-07T01:00:00,1,5,13.5000,67.8000,1.745805,48.362696,45
2004-05-07T02:00:00,2,5,13.7000,69.4000,0.785612,29.761659,27
2004-05-07T05:00:00,5,5,14.6000,61.1000,0.611032,25.509993,24
2004-05-07T06:00:00,6,5,14.3000,60.5000,1.309354,38.264990,36
2004-05-07T07:00:00,7,5,14.9000,56.9000,3.229739,56.334569,53
2004-05-07T08:00:00,8,5,16.4000,50.2000,3.666191,56.866027,53
2004-05-07T09:00:00,9,5,16.0000,50.9000,2.967869,67.495191,65
2004-05-07T10:00:00,10,5,18.6000,42.8000,2.094966,60.586234,57
2004-05-07T11:00:00,11,5,19.7000,33.7000,1.134773,53.677278,50
2004-05-07T12:00:00,12,5,21.2000,27.7000,1.309354,50.488529,47
2004-05-07T13:00:00,13,5,19.7000,28.5000,1.920386,58.460401,55
2004-05-07T14:00:00,14,5,19.8000,29.7000,1.571225,53.677278,50
2004-05-07T15:00:00,15,5,19.2000,35.6000,1.658515,56.334569,53
2004-05-07T16:00:00,16,5,14.2000,60.5000,2.007676,61.649151,58
2004-05-07T17:00:00,17,5,12.9000,69.1000,3.142449,65.900816,63
2004-05-07T18:00:00,18,5,12.7000,70.4000,3.753481,70.683940,68
2004-05-07T19:00:00,19,5,13.9000,62.7000,1.920386,51.019987,48
2004-05-07T20:00:00,20,5,13.9000,62.9000,1.309354,45.173947,42
2004-05-07T21:00:00,21,5,13.4000,65.2000,1.745805,51.551445,48
2004-05-07T22:00:00,22,5,13.4000,64.6000,1.745805,51.551445,48
2004-05-07T23:00:00,23,5,13.3000,63.6000,1.833095,53.677278,50
2004-05-08T00:00:00,0,5,13.3000,61.8000,1.309354,45.173947,42
2004-05-08T01:00:00,1,5,13.6000,59.7000,1.920386,42.516656,40
2004-05-08T02:00:00,2,5,14.6000,53.3000,0.436451,17.538120,16
2004-05-10T09:00:00,9,5,17.8000,51.1000,3.840771,62.180609,60
2004-05-10T10:00:00,10,5,20.0000,45.0000,2.182256,56.866027,53
2004-05-10T11:00:00,11,5,20.3000,44.1000,1.833095,50.488529,47
2004-05-10T12:00:00,12,5,20.7000,42.4000,2.094966,49.425612,46
2004-05-10T13:00:00,13,5,20.8000,40.6000,1.920386,55.271652,52
2004-05-10T14:00:00,14,5,21.5000,39.7000,1.920386,54.208736,51
2004-05-10T15:00:00,15,5,25.0000,30.1000,2.007676,57.928943,54
2004-05-10T16:00:00,16,5,25.2000,29.7000,1.833095,51.551445,48
2004-05-10T17:00:00,17,5,23.4000,32.0000,2.182256,55.271652,52
2004-05-10T18:00:00,18,5,21.0000,37.8000,3.142449,65.900816,63
2004-05-10T19:00:00,19,5,19.2000,45.7000,3.491610,71.746856,69
2004-05-10T20:00:00,20,5,17.7000,50.9000,2.618708,64.837900,62
2004-05-10T21:00:00,21,5,16.8000,53.6000,1.833095,57.928943,54
2004-05-10T22:00:00,22,5,15.8000,56.2000,1.483934,50.488529,47
2004-05-10T23:00:00,23,5,16.0000,56.5000,0.960193,45.705405,42
2004-05-11T00:00:00,0,5,14.2000,64.1000,0.785612,41.453739,39
2004-05-11T01:00:00,1,5,15.0000,59.8000,0.349161,28.167284,26
2004-05-11T02:00:00,2,5,14.3000,61.9000,0.174581,22.852702,21
2004-05-11T05:00:00,5,5,12.0000,68.0000,0.523742,25.509993,24
2004-05-11T06:00:00,6,5,11.3000,70.4000,1.222064,34.013324,32
2004-05-11T07:00:00,7,5,12.7000,65.6000,4.015352,50.488529,47
2004-05-11T08:00:00,8,5,14.5000,59.8000,4.800964,63.774983,61
2004-05-11T09:00:00,9,5,17.5000,49.8000,4.189932,81.313104,80
2004-05-11T10:00:00,10,5,21.9000,35.2000,3.928061,86.627686,85
2004-05-11T11:00:00,11,5,23.5000,29.5000,2.618708,63.243525,61
2004-05-11T12:00:00,12,5,24.3000,29.8000,2.182256,51.019987,48
2004-05-11T13:00:00,13,5,23.8000,31.7000,2.007676,49.957070,46
2004-05-11T14:00:00,14,5,24.2000,31.2000,1.745805,45.705405,42
2004-05-11T15:00:00,15,5,26.5000,27.2000,1.658515,48.362696,45
2004-05-11T16:00:00,16,5,25.7000,28.4000,1.658515,51.551445,48
2004-05-11T17:00:00,17,5,26.3000,27.5000,3.055159,66.432274,64
2004-05-11T18:00:00,18,5,24.4000,31.6000,4.015352,74.404147,72
2004-05-11T19:00:00,19,5,23.1000,35.3000,5.499286,83.970395,82
2004-05-11T20:00:00,20,5,21.1000,40.2000,4.364513,84.501853,83
2004-05-11T21:00:00,21,5,19.2000,52.3000,2.880578,68.026649,66
2004-05-11T22:00:00,22,5,18.1000,58.7000,2.356837,60.586234,57
2004-05-11T23:00:00,23,5,17.3000,58.8000,1.920386,53.145820,50
2004-05-12T00:00:00,0,5,16.9000,58.8000,1.483934,46.768321,43
2004-05-12T01:00:00,1,5,17.6000,57.6000,0.698322,35.607699,33
2004-05-12T02:00:00,2,5,15.6000,63.9000,0.698322,34.544783,32
2004-05-12T05:00:00,5,5,14.0000,68.3000,0.698322,30.293117,28
2004-05-12T06:00:00,6,5,14.5000,65.7000,1.309354,38.796448,36
2004-05-12T07:00:00,7,5,15.5000,62.2000,3.578900,50.488529,47
2004-05-12T08:00:00,8,5,17.0000,56.8000,5.150125,58.460401,57
2004-05-12T09:00:00,9,5,18.8000,52.4000,4.451803,64.306442,62
2004-05-12T10:00:00,10,5,19.7000,51.9000,3.404320,57.397485,54
2004-05-12T11:00:00,11,5,20.9000,44.6000,2.967869,66.432274,64
2004-05-12T12:00:00,12,5,21.9000,43.3000,2.880578,62.180609,60
2004-05-12T13:00:00,13,5,20.4000,55.7000,4.451803,69.621024,67
2004-05-12T14:00:00,14,5,17.4000,67.0000,2.705998,66.963733,64
2004-05-12T15:00:00,15,5,17.1000,64.0000,2.182256,60.586234,57
2004-05-12T16:00:00,16,5,17.3000,61.1000,2.094966,65.369358,63
2004-05-12T17:00:00,17,5,17.7000,56.3000,2.444127,61.649151,58
2004-05-12T18:00:00,18,5,17.4000,48.6000,2.531417,56.866027,53
2004-05-12T19:00:00,19,5,17.6000,43.7000,2.967869,65.369358,63
2004-05-12T20:00:00,20,5,16.7000,47.2000,1.920386,59.523318,56
2004-05-12T21:00:00,21,5,16.8000,45.6000,1.396644,53.677278,50
2004-05-12T22:00:00,22,5,16.1000,52.0000,1.134773,48.362696,45
2004-05-12T23:00:00,23,5,15.5000,57.1000,1.134773,46.768321,43
2004-05-13T00:00:00,0,5,16.2000,50.2000,1.396644,51.019987,48
2004-05-13T01:00:00,1,5,16.4000,50.5000,1.047483,39.859365,37
2004-05-13T02:00:00,2,5,16.2000,52.8000,0.523742,24.978535,23
2004-05-13T05:00:00,5,5,16.2000,53.7000,0.349161,26.041452,25
2004-05-13T06:00:00,6,5,15.9000,55.3000,0.872903,45.173947,42
2004-05-13T07:00:00,7,5,16.2000,55.6000,1.745805,56.334569,53
2004-05-13T08:00:00,8,5,16.0000,59.3000,3.142449,72.278315,70
2004-05-13T09:00:00,9,5,16.6000,55.6000,2.094966,63.243525,61
2004-05-13T10:00:00,10,5,17.4000,51.8000,2.094966,64.837900,62
2004-05-13T11:00:00,11,5,17.6000,49.7000,1.396644,47.831238,44
2004-05-13T12:00:00,12,5,17.2000,52.8000,1.658515,51.551445,48
2004-05-13T13:00:00,13,5,18.2000,49.6000,2.094966,52.082903,49
2004-05-13T14:00:00,14,5,19.5000,45.0000,1.483934,49.425612,46
2004-05-13T15:00:00,15,5,19.5000,45.5000,1.833095,52.082903,49
2004-05-13T16:00:00,16,5,19.8000,44.3000,2.705998,65.369358,63
2004-05-13T17:00:00,17,5,20.3000,43.1000,4.015352,78.655813,77
2004-05-13T18:00:00,18,5,20.3000,44.4000,3.928061,78.655813,77
2004-05-13T19:00:00,19,5,19.8000,47.9000,3.404320,70.683940,68
2004-05-13T20:00:00,20,5,19.1000,52.3000,4.015352,74.935606,72
2004-05-13T21:00:00,21,5,18.2000,54.7000,2.880578,69.621024,67
2004-05-13T22:00:00,22,5,17.8000,55.0000,2.356837,64.306442,62
2004-05-13T23:00:00,23,5,17.5000,56.4000,2.880578,65.369358,63
2004-05-14T00:00:00,0,5,17.3000,57.8000,2.182256,56.866027,53
2004-05-14T01:00:00,1,5,16.8000,57.5000,1.833095,55.271652,52
2004-05-14T02:00:00,2,5,16.3000,57.0000,1.134773,48.362696,45
2004-05-14T05:00:00,5,5,16.0000,58.3000,1.047483,54.208736,51
2004-05-14T06:00:00,6,5,17.2000,52.3000,1.309354,50.488529,47
2004-05-14T07:00:00,7,5,18.5000,49.4000,3.229739,74.404147,72
2004-05-14T09:00:00,9,5,21.0000,37.9000,2.880578,73.341231,71
2004-05-14T10:00:00,10,5,22.8000,32.4000,2.182256,60.054776,57
2004-05-14T11:00:00,11,5,25.5000,25.6000,1.658515,53.677278,50
2004-05-14T12:00:00,12,5,25.9000,23.6000,1.745805,51.551445,48
2004-05-14T13:00:00,13,5,27.7000,20.8000,2.182256,60.586234,57
2004-05-14T14:00:00,14,5,27.1000,21.6000,1.833095,58.460401,55
2004-05-14T15:00:00,15,5,28.4000,20.2000,1.833095,54.740194,51
2004-05-14T16:00:00,16,5,28.1000,21.9000,2.007676,63.243525,61
2004-05-14T17:00:00,17,5,27.6000,22.3000,2.618708,66.963733,64
2004-05-14T18:00:00,18,5,25.2000,24.3000,3.578900,76.529980,74
2004-05-14T19:00:00,19,5,24.6000,25.1000,3.928061,87.159144,86
2004-05-14T20:00:00,20,5,23.1000,27.2000,3.055159,78.655813,77
2004-05-14T21:00:00,21,5,22.0000,28.6000,1.833095,63.243525,61
2004-05-14T22:00:00,22,5,20.8000,34.5000,2.007676,58.991860,55
2004-05-14T23:00:00,23,5,20.4000,35.3000,1.658515,61.117692,58
2004-05-15T00:00:00,0,5,19.1000,38.3000,1.658515,54.740194,51
2004-05-15T01:00:00,1,5,18.0000,40.5000,1.047483,43.048114,41
2004-05-15T02:00:00,2,5,17.4000,43.4000,0.872903,37.733532,35
2004-05-15T05:00:00,5,5,15.7000,46.9000,0.436451,23.384161,22
2004-05-15T06:00:00,6,5,15.3000,49.7000,0.523742,26.041452,25
2004-05-15T07:00:00,7,5,16.0000,47.4000,1.222064,36.139157,34
2004-05-15T08:00:00,8,5,17.6000,43.3000,2.269547,57.397485,54
2004-05-15T09:00:00,9,5,20.3000,37.4000,2.444127,62.180609,60
2004-05-15T10:00:00,10,5,23.1000,30.3000,2.269547,67.495191,65
2004-05-15T11:00:00,11,5,25.0000,24.2000,1.396644,49.425612,46
2004-05-15T12:00:00,12,5,25.6000,23.5000,1.483934,49.957070,46
2004-05-15T13:00:00,13,5,25.5000,22.6000,1.483934,46.236863,43
2004-05-15T14:00:00,14,5,26.1000,21.1000,1.134773,39.859365,37
2004-05-15T15:00:00,15,5,28.2000,19.4000,1.222064,43.048114,41
2004-05-15T16:00:00,16,5,27.4000,20.5000,1.222064,45.705405,42
2004-05-15T17:00:00,17,5,26.0000,22.7000,1.483934,51.551445,48
2004-05-15T18:00:00,18,5,23.8000,27.1000,2.007676,62.180609,60
2004-05-15T19:00:00,19,5,23.0000,28.7000,2.182256,63.774983,61
2004-05-15T20:00:00,20,5,21.7000,31.8000,2.880578,79.187271,78
2004-05-15T21:00:00,21,5,20.9000,33.2000,1.920386,65.900816,63
2004-05-15T22:00:00,22,5,20.2000,34.3000,1.396644,51.551445,48
2004-05-15T23:00:00,23,5,19.6000,37.0000,2.269547,59.523318,56
2004-05-16T00:00:00,0,5,18.1000,40.9000,2.007676,50.488529,47
2004-05-16T01:00:00,1,5,17.0000,43.3000,1.309354,46.768321,43
2004-05-16T02:00:00,2,5,16.7000,43.4000,0.785612,28.698743,26
2004-05-16T05:00:00,5,5,13.5000,50.1000,0.349161,23.915619,22
2004-05-16T06:00:00,6,5,14.2000,49.9000,0.349161,24.978535,23
2004-05-16T07:00:00,7,5,13.8000,51.4000,0.698322,30.824575,28
2004-05-16T08:00:00,8,5,16.3000,45.1000,0.785612,36.670615,34
2004-05-16T09:00:00,9,5,19.2000,35.4000,1.396644,47.299779,44
2004-05-16T10:00:00,10,5,25.5000,21.1000,1.745805,55.803110,52
2004-05-16T11:00:00,11,5,28.2000,19.0000,1.396644,48.894154,45
2004-05-16T12:00:00,12,5,29.5000,19.8000,1.222064,43.579572,41
2004-05-16T13:00:00,13,5,30.6000,19.4000,0.785612,29.761659,27
2004-05-16T14:00:00,14,5,29.9000,22.0000,0.785612,31.887492,29
2004-05-16T15:00:00,15,5,31.5000,21.9000,1.047483,34.013324,32
2004-05-16T16:00:00,16,5,31.2000,24.6000,1.222064,45.173947,42
2004-05-16T17:00:00,17,5,30.4000,26.5000,1.658515,56.866027,53
2004-05-16T18:00:00,18,5,26.8000,33.5000,1.571225,56.334569,53
2004-05-16T19:00:00,19,5,25.5000,37.4000,2.356837,66.432274,64
2004-05-16T20:00:00,20,5,23.7000,39.4000,2.094966,62.712067,60
2004-05-16T21:00:00,21,5,22.9000,37.0000,1.396644,50.488529,47
2004-05-16T22:00:00,22,5,20.8000,36.3000,1.222064,51.551445,48
2004-05-16T23:00:00,23,5,20.3000,28.5000,1.222064,49.425612,46
2004-05-17T00:00:00,0,5,19.6000,26.5000,1.222064,45.173947,42
2004-05-17T01:00:00,1,5,19.1000,25.9000,0.785612,35.607699,33
2004-05-17T02:00:00,2,5,18.4000,27.6000,0.436451,19.663953,18
2004-05-17T05:00:00,5,5,15.8000,36.5000,0.436451,39.859365,37
2004-05-17T06:00:00,6,5,16.0000,38.1000,1.134773,54.208736,51
2004-05-17T07:00:00,7,5,17.6000,35.0000,2.269547,60.054776,57
2004-05-17T08:00:00,8,5,18.5000,31.2000,1.745805,75.467064,73
2004-05-17T09:00:00,9,5,19.8000,28.5000,1.571225,47.831238,44
2004-05-17T10:00:00,10,5,22.3000,24.1000,1.483934,49.957070,46
2004-05-17T11:00:00,11,5,24.2000,21.7000,1.309354,48.894154,45
2004-05-17T12:00:00,12,5,25.1000,20.8000,1.658515,51.551445,48
2004-05-17T13:00:00,13,5,25.8000,19.5000,1.483934,46.768321,43
2004-05-17T14:00:00,14,5,26.3000,18.9000,1.309354,45.705405,42
2004-05-17T15:00:00,15,5,25.8000,18.6000,1.483934,52.614361,49
2004-05-17T16:00:00,16,5,25.7000,19.4000,1.483934,50.488529,47
2004-05-17T17:00:00,17,5,26.7000,17.1000,2.094966,55.803110,52
2004-05-17T18:00:00,18,5,24.3000,19.8000,2.705998,64.306442,62
2004-05-17T19:00:00,19,5,23.5000,20.8000,2.967869,66.432274,64
2004-05-17T20:00:00,20,5,22.0000,24.0000,2.618708,64.837900,62
2004-05-17T21:00:00,21,5,21.1000,26.2000,1.047483,43.048114,41
2004-05-17T22:00:00,22,5,20.9000,28.8000,1.047483,38.796448,36
2004-05-17T23:00:00,23,5,20.2000,31.2000,1.134773,42.516656,40
2004-05-18T00:00:00,0,5,20.0000,31.5000,0.872903,34.544783,32
2004-05-18T01:00:00,1,5,20.8000,32.3000,0.349161,31.356034,29
2004-05-18T02:00:00,2,5,20.0000,34.5000,0.261871,26.572910,25
2004-05-18T05:00:00,5,5,17.0000,44.6000,0.436451,19.663953,18
2004-05-18T06:00:00,6,5,17.1000,45.3000,0.785612,28.698743,26
2004-05-18T07:00:00,7,5,17.1000,46.5000,2.356837,49.957070,46
2004-05-18T08:00:00,8,5,18.8000,39.7000,5.673866,73.872689,71
2004-05-18T09:00:00,9,5,20.3000,38.1000,2.793288,61.117692,58
2004-05-18T10:00:00,10,5,25.3000,27.0000,2.094966,63.243525,61
2004-05-18T11:00:00,11,5,27.4000,22.8000,1.658515,54.740194,51
2004-05-18T12:00:00,12,5,30.0000,20.0000,2.356837,65.369358,63
2004-05-18T13:00:00,13,5,30.9000,19.1000,2.531417,66.963733,64
2004-05-18T14:00:00,14,5,30.6000,20.2000,1.745805,56.334569,53
2004-05-18T15:00:00,15,5,32.2000,18.9000,2.007676,67.495191,65
2004-05-18T16:00:00,16,5,31.7000,19.5000,1.658515,55.803110,52
2004-05-18T17:00:00,17,5,30.9000,20.5000,2.618708,69.089565,67
2004-05-18T18:00:00,18,5,27.5000,24.7000,3.840771,85.033311,84
2004-05-18T19:00:00,19,5,25.8000,27.0000,4.102642,86.096228,85
2004-05-18T20:00:00,20,5,23.7000,30.0000,2.967869,71.746856,69
2004-05-18T21:00:00,21,5,22.2000,33.4000,2.094966,64.837900,62
2004-05-18T22:00:00,22,5,21.1000,36.5000,1.047483,39.859365,37
2004-05-18T23:00:00,23,5,20.2000,38.6000,1.483934,51.019987,48
2004-05-19T00:00:00,0,5,19.3000,43.0000,1.047483,44.642488,42
2004-05-19T01:00:00,1,5,19.2000,43.6000,0.611032,36.139157,34
2004-05-19T02:00:00,2,5,18.4000,45.7000,0.436451,34.544783,32
2004-05-19T05:00:00,5,5,17.0000,49.2000,0.261871,24.447077,23
2004-05-19T06:00:00,6,5,16.4000,52.1000,0.611032,28.698743,26
2004-05-19T07:00:00,7,5,16.4000,53.4000,2.705998,49.957070,46
2004-05-19T08:00:00,8,5,18.6000,46.8000,5.411996,82.376020,81
2004-05-19T09:00:00,9,5,21.0000,41.1000,4.015352,87.690602,86
2004-05-19T10:00:00,10,5,26.4000,28.9000,2.269547,71.215398,69
2004-05-19T11:00:00,11,5,27.7000,26.3000,1.833095,64.837900,62
2004-05-19T12:00:00,12,5,30.1000,22.1000,1.745805,60.054776,57
2004-05-19T13:00:00,13,5,31.0000,22.9000,1.920386,61.117692,58
2004-05-19T14:00:00,14,5,31.0000,22.6000,1.833095,62.712067,60
2004-05-19T15:00:00,15,5,31.6000,21.0000,2.007676,66.432274,64
2004-05-19T16:00:00,16,5,30.4000,24.7000,2.182256,71.746856,69
2004-05-19T17:00:00,17,5,28.8000,26.3000,2.967869,79.187271,78
2004-05-19T18:00:00,18,5,26.4000,30.1000,3.753481,86.096228,85
2004-05-19T19:00:00,19,5,24.7000,31.5000,3.317030,80.250187,79
2004-05-19T20:00:00,20,5,22.9000,36.5000,3.317030,81.844562,80
2004-05-19T21:00:00,21,5,20.8000,41.8000,1.745805,62.712067,60
2004-05-19T22:00:00,22,5,19.7000,47.1000,1.483934,54.740194,51
2004-05-19T23:00:00,23,5,18.9000,52.2000,1.745805,64.837900,62
2004-05-20T00:00:00,0,5,18.5000,50.1000,1.309354,54.208736,51
2004-05-20T01:00:00,1,5,18.0000,53.0000,0.698322,38.796448,36
2004-05-20T02:00:00,2,5,18.4000,51.7000,0.436451,31.356034,29
2004-05-20T05:00:00,5,5,17.3000,54.1000,0.261871,18.601037,17
2004-05-20T06:00:00,6,5,15.8000,59.0000,0.785612,36.139157,34
2004-05-20T07:00:00,7,5,16.6000,55.9000,2.444127,51.551445,48
2004-05-20T08:00:00,8,5,18.7000,52.8000,4.713674,77.592897,76
2004-05-20T09:00:00,9,5,20.7000,46.4000,3.491610,44.111030,42
2004-05-20T10:00:00,10,5,26.1000,30.0000,1.920386,62.180609,60
2004-05-20T11:00:00,11,5,28.6000,25.8000,1.920386,62.180609,60
2004-05-20T12:00:00,12,5,30.3000,23.3000,1.745805,57.397485,54
2004-05-20T13:00:00,13,5,31.3000,22.3000,1.745805,56.866027,53
2004-05-20T14:00:00,14,5,31.1000,22.3000,1.658515,63.774983,61
2004-05-20T15:00:00,15,5,32.4000,20.4000,2.356837,79.718729,78
2004-05-20T16:00:00,16,5,32.6000,19.3000,1.920386,73.341231,71
2004-05-20T17:00:00,17,5,31.2000,20.3000,3.055159,78.655813,77
2004-05-20T18:00:00,18,5,27.7000,24.8000,3.578900,89.284977,88
2004-05-20T19:00:00,19,5,25.7000,27.9000,3.840771,91.410810,90
2004-05-20T20:00:00,20,5,24.1000,29.9000,3.928061,95.131017,95
2004-05-20T21:00:00,21,5,22.2000,34.4000,2.531417,75.998522,73
2004-05-20T22:00:00,22,5,20.7000,38.0000,2.269547,72.809773,70
2004-05-20T23:00:00,23,5,20.2000,42.8000,1.833095,62.180609,60
2004-05-21T00:00:00,0,5,20.5000,42.0000,1.047483,49.425612,46
2004-05-21T01:00:00,1,5,20.1000,42.0000,0.523742,34.013324,32
2004-05-21T02:00:00,2,5,20.0000,41.5000,0.261871,30.824575,28
2004-05-21T05:00:00,5,5,16.4000,50.2000,0.261871,24.978535,23
2004-05-21T06:00:00,6,5,14.9000,54.7000,0.611032,32.950408,30
2004-05-21T07:00:00,7,5,16.4000,51.3000,3.666191,60.054776,57
2004-05-21T08:00:00,8,5,18.2000,46.2000,4.189932,66.963733,64
2004-05-21T09:00:00,9,5,20.7000,40.0000,2.967869,73.872689,71
2004-05-21T10:00:00,10,5,26.5000,27.0000,2.444127,78.655813,77
2004-05-21T11:00:00,11,5,28.5000,23.8000,1.571225,62.180609,60
2004-05-21T12:00:00,12,5,29.7000,23.7000,1.658515,56.334569,53
2004-05-21T13:00:00,13,5,31.7000,21.7000,1.745805,52.082903,49
2004-05-21T14:00:00,14,5,31.7000,21.5000,1.658515,52.082903,49
2004-05-21T15:00:00,15,5,32.8000,19.5000,1.745805,58.460401,55
2004-05-21T16:00:00,16,5,32.5000,18.6000,2.007676,60.586234,57
2004-05-21T17:00:00,17,5,30.2000,22.6000,2.356837,64.837900,62
2004-05-21T18:00:00,18,5,27.6000,25.7000,3.142449,82.376020,81
2004-05-21T19:00:00,19,5,25.9000,24.9000,3.317030,77.061438,76
2004-05-21T20:00:00,20,5,23.9000,29.4000,3.055159,77.592897,76
2004-05-21T21:00:00,21,5,22.3000,32.1000,2.182256,69.089565,67
2004-05-21T22:00:00,22,5,20.5000,35.9000,2.182256,66.963733,64
2004-05-21T23:00:00,23,5,19.8000,37.2000,2.618708,67.495191,65
2004-05-22T00:00:00,0,5,19.1000,41.9000,3.229739,66.963733,64
2004-05-22T01:00:00,1,5,17.8000,46.1000,2.880578,65.900816,63
2004-05-22T02:00:00,2,5,17.6000,47.6000,1.309354,49.425612,46
2004-05-22T05:00:00,5,5,15.8000,53.8000,0.436451,31.356034,29
2004-05-22T06:00:00,6,5,16.5000,53.5000,0.436451,35.076241,33
2004-05-22T07:00:00,7,5,17.2000,52.9000,1.047483,42.516656,40
2004-05-22T08:00:00,8,5,19.3000,48.3000,1.920386,49.957070,46
2004-05-22T09:00:00,9,5,20.6000,47.1000,1.920386,54.208736,51
2004-05-22T10:00:00,10,5,23.7000,40.0000,1.833095,51.019987,48
2004-05-22T11:00:00,11,5,25.6000,32.5000,1.571225,48.362696,45
2004-05-22T12:00:00,12,5,27.2000,28.1000,1.920386,55.271652,52
2004-05-22T13:00:00,13,5,27.9000,28.1000,1.745805,44.642488,42
2004-05-22T14:00:00,14,5,28.3000,27.8000,1.222064,40.390823,38
2004-05-22T15:00:00,15,5,29.2000,27.0000,1.571225,46.236863,43
2004-05-22T16:00:00,16,5,28.9000,29.3000,1.833095,53.677278,50
2004-05-22T17:00:00,17,5,25.4000,39.8000,2.444127,61.117692,58
2004-05-22T18:00:00,18,5,25.2000,40.1000,2.444127,58.460401,55
2004-05-22T19:00:00,19,5,24.5000,39.4000,2.356837,54.740194,51
2004-05-22T20:00:00,20,5,22.3000,45.4000,1.571225,47.831238,44
2004-05-22T21:00:00,21,5,21.2000,48.3000,1.047483,36.139157,34
2004-05-22T22:00:00,22,5,20.6000,50.5000,2.269547,45.173947,42
2004-05-22T23:00:00,23,5,20.2000,52.9000,2.705998,53.145820,50
2004-05-23T00:00:00,0,5,19.8000,54.5000,3.578900,60.586234,57
2004-05-23T01:00:00,1,5,19.5000,56.2000,3.142449,57.397485,54
2004-05-23T02:00:00,2,5,19.0000,58.0000,1.658515,41.453739,39
2004-05-23T05:00:00,5,5,17.7000,56.0000,0.261871,19.663953,18
2004-05-23T06:00:00,6,5,17.9000,52.4000,0.349161,28.167284,26
2004-05-23T07:00:00,7,5,18.9000,49.3000,0.698322,41.985197,39
2004-05-23T08:00:00,8,5,20.0000,48.6000,0.698322,34.544783,32
2004-05-23T09:00:00,9,5,20.6000,41.2000,0.698322,34.013324,32
2004-05-23T10:00:00,10,5,23.6000,34.0000,0.698322,35.076241,33
2004-05-23T11:00:00,11,5,26.7000,28.1000,0.785612,28.167284,26
2004-05-23T12:00:00,12,5,26.8000,28.1000,1.047483,36.670615,34
2004-05-23T13:00:00,13,5,27.7000,25.8000,0.872903,30.293117,28
2004-05-23T14:00:00,14,5,28.8000,22.7000,0.698322,19.132495,18
2004-05-23T15:00:00,15,5,26.8000,27.3000,0.960193,30.293117,28
2004-05-23T16:00:00,16,5,25.9000,28.7000,1.309354,38.796448,36
2004-05-23T17:00:00,17,5,25.8000,27.7000,1.309354,43.048114,41
2004-05-23T18:00:00,18,5,24.8000,29.5000,1.222064,48.362696,45
2004-05-23T19:00:00,19,5,25.3000,36.3000,0.960193,34.544783,32
2004-05-23T20:00:00,20,5,23.9000,40.4000,0.785612,29.761659,27
2004-05-23T21:00:00,21,5,21.4000,46.6000,0.872903,36.670615,34
2004-05-23T22:00:00,22,5,20.5000,49.3000,0.960193,38.796448,36
2004-05-23T23:00:00,23,5,19.2000,42.3000,0.872903,40.390823,38
2004-05-24T00:00:00,0,5,19.2000,37.9000,0.611032,35.607699,33
2004-05-24T01:00:00,1,5,17.2000,43.1000,0.436451,23.384161,22
2004-05-24T02:00:00,2,5,15.8000,45.2000,0.174581,11.160622,10
2004-05-24T05:00:00,5,5,16.1000,36.5000,0.087290,15.412288,14
2004-05-24T06:00:00,6,5,16.5000,36.2000,0.436451,36.670615,34
2004-05-24T07:00:00,7,5,17.5000,30.9000,1.396644,58.991860,55
2004-05-24T08:00:00,8,5,18.4000,24.0000,1.745805,43.048114,41
2004-05-24T09:00:00,9,5,19.2000,23.8000,1.134773,29.761659,27
2004-05-24T10:00:00,10,5,21.7000,18.1000,0.872903,47.831238,44
2004-05-24T11:00:00,11,5,22.3000,17.0000,0.785612,45.173947,42
2004-05-24T12:00:00,12,5,22.8000,16.1000,1.047483,44.111030,42
2004-05-24T13:00:00,13,5,23.8000,14.5000,1.134773,45.173947,42
2004-05-24T14:00:00,14,5,25.1000,13.1000,0.960193,45.173947,42
2004-05-24T15:00:00,15,5,25.8000,12.9000,1.047483,43.048114,41
2004-05-24T16:00:00,16,5,25.5000,14.0000,1.222064,48.894154,45
2004-05-24T17:00:00,17,5,24.5000,15.4000,1.745805,57.397485,54
2004-05-24T18:00:00,18,5,22.6000,17.2000,2.094966,56.334569,53
2004-05-24T19:00:00,19,5,21.2000,18.9000,1.833095,60.586234,57
2004-05-24T20:00:00,20,5,19.1000,22.8000,1.047483,51.019987,48
2004-05-24T21:00:00,21,5,18.4000,24.6000,0.611032,40.922281,38
2004-05-24T22:00:00,22,5,17.3000,25.6000,0.611032,38.796448,36
2004-05-24T23:00:00,23,5,16.5000,24.9000,0.698322,45.705405,42
2004-05-25T00:00:00,0,5,16.7000,28.3000,0.436451,44.642488,42
2004-05-25T01:00:00,1,5,15.5000,32.2000,0.174581,29.761659,27
2004-05-25T05:00:00,5,5,11.6000,40.0000,0.087290,27.104368,25
2004-05-25T06:00:00,6,5,13.4000,34.5000,0.174581,23.915619,22
2004-05-25T07:00:00,7,5,15.2000,31.0000,0.960193,43.579572,41
2004-05-25T08:00:00,8,5,16.3000,27.5000,2.618708,53.145820,50
2004-05-25T09:00:00,9,5,19.2000,20.0000,1.833095,48.362696,45
2004-05-25T10:00:00,10,5,24.9000,13.0000,2.269547,69.089565,67
2004-05-25T11:00:00,11,5,28.3000,9.9000,2.793288,82.376020,81
2004-05-25T12:00:00,12,5,29.2000,9.8000,1.833095,60.586234,57
2004-05-25T13:00:00,13,5,31.6000,9.2000,1.920386,67.495191,65
2004-05-25T14:00:00,14,5,32.6000,9.3000,2.094966,73.341231,71
2004-05-26T10:00:00,10,5,26.1000,23.8000,1.920386,72.278315,70
2004-05-26T11:00:00,11,5,28.8000,21.1000,1.571225,71.746856,69
2004-05-26T12:00:00,12,5,29.6000,19.4000,1.396644,61.117692,58
2004-05-26T13:00:00,13,5,31.6000,16.4000,1.571225,59.523318,56
2004-05-26T14:00:00,14,5,32.3000,13.3000,1.396644,59.523318,56
2004-05-26T15:00:00,15,5,31.8000,13.5000,1.396644,57.928943,54
2004-05-26T16:00:00,16,5,31.8000,13.8000,1.134773,59.523318,56
2004-05-28T15:00:00,15,5,29.6000,18.9000,1.483934,61.117692,58
2004-05-28T16:00:00,16,5,28.0000,23.2000,1.483934,62.180609,60
2004-05-28T17:00:00,17,5,23.6000,41.0000,1.833095,55.803110,52
2004-05-28T18:00:00,18,5,21.5000,48.1000,1.920386,60.586234,57
2004-05-28T19:00:00,19,5,22.1000,44.1000,1.571225,54.740194,51
2004-05-28T20:00:00,20,5,20.2000,47.2000,1.571225,63.243525,61
2004-05-28T21:00:00,21,5,20.0000,47.6000,0.785612,54.208736,51
2004-05-28T22:00:00,22,5,19.8000,46.8000,0.872903,51.019987,48
2004-05-28T23:00:00,23,5,19.6000,47.0000,1.745805,57.928943,54
2004-05-29T00:00:00,0,5,19.3000,46.3000,1.571225,63.243525,61
2004-05-29T01:00:00,1,5,18.5000,48.7000,0.960193,54.740194,51
2004-05-29T02:00:00,2,5,18.0000,51.4000,0.523742,44.642488,42
2004-05-29T06:00:00,6,5,17.9000,46.1000,0.087290,23.915619,22
2004-05-29T07:00:00,7,5,18.4000,43.9000,0.436451,42.516656,40
2004-05-29T08:00:00,8,5,18.9000,42.1000,0.523742,40.922281,38
2004-05-29T09:00:00,9,5,19.2000,39.7000,0.436451,36.139157,34
2004-05-29T10:00:00,10,5,20.8000,36.6000,0.611032,35.076241,33
2004-05-29T11:00:00,11,5,21.3000,35.8000,0.611032,37.202074,35
2004-05-29T12:00:00,12,5,21.8000,34.9000,0.785612,39.327906,37
2004-05-29T13:00:00,13,5,22.8000,31.4000,0.611032,34.013324,32
2004-05-29T14:00:00,14,5,22.9000,31.3000,0.349161,31.887492,29
2004-05-29T15:00:00,15,5,22.9000,30.7000,0.436451,33.481866,31
2004-05-29T16:00:00,16,5,23.8000,29.2000,0.523742,39.859365,37
2004-05-29T17:00:00,17,5,23.2000,30.2000,0.523742,41.985197,39
2004-05-29T18:00:00,18,5,22.4000,31.3000,0.698322,44.111030,42
2004-05-29T19:00:00,19,5,21.7000,32.2000,0.872903,49.425612,46
2004-05-29T20:00:00,20,5,20.8000,33.2000,1.047483,59.523318,56
2004-05-29T21:00:00,21,5,20.1000,35.0000,0.872903,54.740194,51
2004-05-29T22:00:00,22,5,19.5000,36.9000,1.134773,49.425612,46
2004-05-29T23:00:00,23,5,19.0000,38.2000,2.356837,59.523318,56
2004-05-30T00:00:00,0,5,18.5000,39.4000,2.356837,66.432274,64
2004-05-30T01:00:00,1,5,17.8000,41.7000,1.396644,56.866027,53
2004-05-30T02:00:00,2,5,19.2000,42.0000,0.523742,40.390823,38
2004-05-30T05:00:00,5,5,17.2000,47.2000,0.087290,19.663953,18
2004-05-30T06:00:00,6,5,17.3000,47.6000,0.087290,23.915619,22
2004-05-30T07:00:00,7,5,18.6000,44.2000,0.174581,32.418950,30
2004-05-30T08:00:00,8,5,20.2000,37.8000,0.261871,35.607699,33
2004-05-30T09:00:00,9,5,22.0000,31.9000,0.261871,31.887492,29
2004-05-30T10:00:00,10,5,25.5000,25.9000,0.349161,34.013324,32
2004-05-30T11:00:00,11,5,27.5000,22.8000,0.261871,34.013324,32
2004-05-30T12:00:00,12,5,28.7000,20.7000,0.261871,31.356034,29
2004-05-30T13:00:00,13,5,29.1000,19.6000,0.087290,21.789786,20
2004-05-30T14:00:00,14,5,29.8000,18.4000,0.087290,24.447077,23
2004-05-30T15:00:00,15,5,32.0000,15.0000,0.174581,24.447077,23
2004-05-30T16:00:00,16,5,30.3000,17.0000,0.523742,40.922281,38
2004-05-30T17:00:00,17,5,31.7000,16.2000,0.436451,44.111030,42
2004-05-30T18:00:00,18,5,29.2000,19.6000,0.785612,47.831238,44
2004-05-30T19:00:00,19,5,27.4000,23.8000,0.960193,50.488529,47
2004-05-30T20:00:00,20,5,25.0000,26.9000,1.134773,60.054776,57
2004-05-30T21:00:00,21,5,23.6000,30.1000,1.309354,68.026649,66
2004-05-30T22:00:00,22,5,22.3000,33.6000,1.047483,62.180609,60
2004-05-30T23:00:00,23,5,21.4000,36.9000,0.349161,34.013324,32
2004-05-31T00:00:00,0,5,20.6000,39.9000,0.174581,14.880829,13
2004-05-31T01:00:00,1,5,19.7000,43.2000,0.261871,24.447077,23
2004-05-31T06:00:00,6,5,16.6000,52.1000,0.436451,31.887492,29
2004-05-31T07:00:00,7,5,17.4000,50.9000,1.396644,44.111030,42
2004-05-31T08:00:00,8,5,19.3000,46.0000,3.142449,68.558107,66
2004-05-31T09:00:00,9,5,20.9000,43.6000,1.920386,72.809773,70
2004-05-31T10:00:00,10,5,25.6000,33.3000,1.396644,64.306442,62
2004-05-31T11:00:00,11,5,28.9000,26.0000,1.222064,65.369358,63
2004-05-31T12:00:00,12,5,30.3000,22.8000,1.222064,63.774983,61
2004-05-31T13:00:00,13,5,30.9000,24.4000,1.309354,63.243525,61
2004-05-31T14:00:00,14,5,30.5000,26.2000,1.134773,64.306442,62
2004-05-31T15:00:00,15,5,30.7000,23.4000,1.047483,58.991860,55
2004-05-31T16:00:00,16,5,28.1000,29.8000,1.571225,68.026649,66
2004-05-31T17:00:00,17,5,26.9000,32.2000,2.618708,84.501853,83
2004-05-31T18:00:00,18,5,26.0000,34.6000,3.055159,85.564769,84
2004-05-31T19:00:00,19,5,24.5000,37.7000,2.094966,61.649151,58
2004-05-31T20:00:00,20,5,21.7000,46.9000,0.960193,51.019987,48
2004-05-31T21:00:00,21,5,19.3000,68.8000,0.698322,36.670615,34
2004-05-31T22:00:00,22,5,17.6000,81.6000,0.349161,30.824575,28
2004-05-31T23:00:00,23,5,17.8000,80.3000,0.523742,31.356034,29
2004-06-01T00:00:00,0,6,18.6000,75.7000,0.261871,23.915619,22
2004-06-01T05:00:00,5,6,16.8000,81.3000,0.087290,21.789786,20
2004-06-01T06:00:00,6,6,17.3000,78.6000,0.261871,34.544783,32
2004-06-01T07:00:00,7,6,16.9000,80.9000,1.222064,49.957070,46
2004-06-01T08:00:00,8,6,17.1000,79.8000,2.356837,53.145820,50
2004-06-01T09:00:00,9,6,18.5000,70.3000,2.007676,54.740194,51
2004-06-01T10:00:00,10,6,19.6000,66.7000,1.571225,47.299779,44
2004-06-01T11:00:00,11,6,20.4000,63.1000,1.396644,45.705405,42
2004-06-01T12:00:00,12,6,21.6000,61.8000,1.658515,47.299779,44
2004-06-01T13:00:00,13,6,24.0000,49.3000,2.182256,46.768321,43
2004-06-01T14:00:00,14,6,25.7000,43.8000,1.396644,38.796448,36
2004-06-01T15:00:00,15,6,24.6000,47.5000,1.309354,41.453739,39
2004-06-01T16:00:00,16,6,24.8000,47.4000,2.182256,50.488529,47
2004-06-01T17:00:00,17,6,23.7000,50.5000,3.142449,57.928943,54
2004-06-01T18:00:00,18,6,23.0000,53.8000,3.055159,50.488529,47
2004-06-01T19:00:00,19,6,21.5000,65.8000,4.189932,53.677278,50
2004-06-01T20:00:00,20,6,21.0000,66.9000,3.229739,46.768321,43
2004-06-01T21:00:00,21,6,20.6000,68.1000,1.833095,40.922281,38
2004-06-01T22:00:00,22,6,20.5000,66.9000,1.396644,39.859365,37
2004-06-01T23:00:00,23,6,20.2000,65.2000,1.920386,43.048114,41
2004-06-02T00:00:00,0,6,19.5000,68.0000,0.698322,30.293117,28
2004-06-05T04:00:00,4,6,19.6000,54.8000,0.611032,33.481866,31
2004-06-05T05:00:00,5,6,19.3000,57.3000,0.611032,37.733532,35
2004-06-05T06:00:00,6,6,19.7000,58.4000,1.047483,48.362696,45
2004-06-05T07:00:00,7,6,19.8000,59.4000,1.309354,50.488529,47
2004-06-05T08:00:00,8,6,20.9000,54.8000,1.309354,51.019987,48
2004-06-05T09:00:00,9,6,22.4000,47.9000,1.396644,43.048114,41
2004-06-05T10:00:00,10,6,24.1000,41.3000,0.960193,36.139157,34
2004-06-05T11:00:00,11,6,25.9000,36.9000,0.960193,30.293117,28
2004-06-05T12:00:00,12,6,30.7000,26.0000,1.222064,36.139157,34
2004-06-05T13:00:00,13,6,30.3000,25.2000,1.222064,38.264990,36
2004-06-05T14:00:00,14,6,30.1000,25.4000,0.872903,32.950408,30
2004-06-05T15:00:00,15,6,27.6000,35.1000,1.134773,39.859365,37
2004-06-05T16:00:00,16,6,26.6000,47.6000,1.658515,48.894154,45
2004-06-05T17:00:00,17,6,30.4000,31.3000,1.483934,47.299779,44
2004-06-05T18:00:00,18,6,27.8000,35.0000,2.007676,55.803110,52
2004-06-05T19:00:00,19,6,26.6000,37.9000,2.094966,58.991860,55
2004-06-05T20:00:00,20,6,23.4000,44.4000,1.571225,54.208736,51
2004-06-05T21:00:00,21,6,23.0000,51.1000,0.523742,15.943746,14
2004-06-05T22:00:00,22,6,22.1000,53.5000,0.698322,22.852702,21
2004-06-05T23:00:00,23,6,21.6000,53.6000,1.483934,35.607699,33
2004-06-06T00:00:00,0,6,21.9000,52.7000,0.960193,30.824575,28
2004-06-06T01:00:00,1,6,21.3000,54.9000,0.523742,12.754997,11
2004-06-06T02:00:00,2,6,17.5000,79.1000,0.960193,30.824575,28
2004-06-06T04:00:00,4,6,17.1000,81.8000,0.872903,32.950408,30
2004-06-06T05:00:00,5,6,16.6000,80.2000,0.436451,18.069579,17
2004-06-06T06:00:00,6,6,16.8000,77.4000,0.611032,24.447077,23
2004-06-06T07:00:00,7,6,18.3000,66.5000,0.872903,32.950408,30
2004-06-06T08:00:00,8,6,20.4000,55.8000,1.047483,37.202074,35
2004-06-06T09:00:00,9,6,21.6000,45.3000,0.611032,28.698743,26
2004-06-06T10:00:00,10,6,23.1000,39.4000,0.785612,32.418950,30
2004-06-06T11:00:00,11,6,25.4000,31.6000,0.698322,28.167284,26
2004-06-06T12:00:00,12,6,26.6000,29.0000,0.698322,26.041452,25
2004-06-06T13:00:00,13,6,25.9000,28.8000,0.436451,25.509993,24
2004-06-06T14:00:00,14,6,27.0000,28.0000,0.436451,23.915619,22
2004-06-06T15:00:00,15,6,23.6000,38.1000,0.611032,31.887492,29
2004-06-06T16:00:00,16,6,25.9000,32.0000,0.785612,31.356034,29
2004-06-06T17:00:00,17,6,26.3000,31.5000,0.872903,35.607699,33
2004-06-06T18:00:00,18,6,23.9000,36.8000,1.047483,38.264990,36
2004-06-06T19:00:00,19,6,23.7000,36.8000,1.134773,46.768321,43
2004-06-06T20:00:00,20,6,22.5000,37.8000,1.396644,49.957070,46
2004-06-06T21:00:00,21,6,21.8000,39.2000,1.222064,47.299779,44
2004-06-06T22:00:00,22,6,20.9000,42.6000,1.483934,51.019987,48
2004-06-06T23:00:00,23,6,20.0000,45.6000,1.483934,52.082903,49
2004-06-07T00:00:00,0,6,19.3000,47.9000,1.222064,50.488529,47
2004-06-07T01:00:00,1,6,18.7000,49.0000,0.698322,34.013324,32
2004-06-07T02:00:00,2,6,17.8000,54.1000,0.349161,20.195411,19
2004-06-07T05:00:00,5,6,18.2000,54.1000,0.436451,21.258328,20
2004-06-07T06:00:00,6,6,17.3000,57.6000,1.309354,40.390823,38
2004-06-07T07:00:00,7,6,19.9000,49.4000,2.269547,47.831238,44
2004-06-07T08:00:00,8,6,21.7000,44.2000,3.753481,62.712067,60
2004-06-07T09:00:00,9,6,23.5000,40.0000,2.705998,62.712067,60
2004-06-07T10:00:00,10,6,28.4000,29.7000,2.531417,64.837900,62
2004-06-07T11:00:00,11,6,31.6000,24.1000,2.182256,63.774983,61
2004-06-07T12:00:00,12,6,31.3000,24.1000,1.658515,70.152482,68
2004-06-07T13:00:00,13,6,34.4000,20.4000,2.182256,61.117692,58
2004-06-07T14:00:00,14,6,33.7000,21.3000,2.182256,67.495191,65
2004-06-07T15:00:00,15,6,35.9000,18.9000,2.444127,66.963733,64
2004-06-07T16:00:00,16,6,34.3000,19.4000,2.007676,60.054776,57
2004-06-07T17:00:00,17,6,33.5000,19.9000,2.880578,65.900816,63
2004-06-07T18:00:00,18,6,30.5000,24.2000,2.444127,57.397485,54
2004-06-07T19:00:00,19,6,30.3000,26.2000,4.189932,75.467064,73
2004-06-07T20:00:00,20,6,27.0000,36.7000,2.182256,66.432274,64
2004-06-07T21:00:00,21,6,24.6000,41.9000,1.745805,61.649151,58
2004-06-07T22:00:00,22,6,23.3000,44.5000,1.571225,53.677278,50
2004-06-07T23:00:00,23,6,22.4000,46.9000,1.483934,53.677278,50
2004-06-08T00:00:00,0,6,21.7000,50.8000,1.134773,48.894154,45
2004-06-08T01:00:00,1,6,21.0000,51.9000,0.611032,29.230201,27
2004-06-08T02:00:00,2,6,20.5000,54.3000,0.436451,22.321244,21
2004-06-08T04:00:00,4,6,21.0000,53.1000,0.261871,15.943746,14
2004-06-08T05:00:00,5,6,19.6000,57.1000,0.436451,21.258328,20
2004-06-08T06:00:00,6,6,18.2000,62.3000,1.222064,36.670615,34
2004-06-08T07:00:00,7,6,19.5000,57.7000,2.880578,53.145820,50
2004-06-08T08:00:00,8,6,21.6000,51.7000,5.062835,66.432274,64
2004-06-08T09:00:00,9,6,23.9000,44.4000,4.364513,92.473726,91
2004-06-08T10:00:00,10,6,28.1000,35.2000,3.055159,90.879351,89
2004-06-08T11:00:00,11,6,31.4000,28.6000,2.531417,79.187271,78
2004-06-08T12:00:00,12,6,33.7000,25.5000,2.182256,65.900816,63
2004-06-08T13:00:00,13,6,35.9000,20.8000,2.007676,63.243525,61
2004-06-08T14:00:00,14,6,37.5000,18.1000,2.094966,69.089565,67
2004-06-08T15:00:00,15,6,37.7000,17.7000,2.269547,75.998522,73
2004-06-08T17:00:00,17,6,36.6000,20.6000,3.055159,97.256850,97
2004-06-08T18:00:00,18,6,32.5000,26.0000,3.404320,85.564769,84
2004-06-08T19:00:00,19,6,30.8000,27.2000,3.928061,90.347893,89
2004-06-08T20:00:00,20,6,28.8000,30.2000,3.317030,75.998522,73
2004-06-08T21:00:00,21,6,26.7000,35.4000,2.444127,65.369358,63
2004-06-08T22:00:00,22,6,25.3000,40.7000,1.483934,47.299779,44
2004-06-08T23:00:00,23,6,24.9000,41.2000,1.047483,35.607699,33
2004-06-09T00:00:00,0,6,23.7000,45.1000,1.396644,43.048114,41
2004-06-09T01:00:00,1,6,22.5000,49.0000,0.872903,28.698743,26
2004-06-09T02:00:00,2,6,22.3000,50.6000,0.785612,30.293117,28
2004-06-09T04:00:00,4,6,20.8000,54.4000,0.436451,27.104368,25
2004-06-09T05:00:00,5,6,20.3000,56.0000,0.436451,30.824575,28
2004-06-09T06:00:00,6,6,20.5000,54.8000,0.872903,36.670615,34
2004-06-09T07:00:00,7,6,21.7000,50.6000,3.055159,56.866027,53
2004-06-09T08:00:00,8,6,23.4000,46.1000,5.586576,80.250187,79
2004-06-09T09:00:00,9,6,25.1000,43.0000,2.531417,77.592897,76
2004-06-09T10:00:00,10,6,30.1000,32.8000,2.967869,87.690602,86
2004-06-09T11:00:00,11,6,34.7000,25.9000,2.444127,84.501853,83
2004-06-09T12:00:00,12,6,37.2000,23.2000,2.444127,92.473726,91
2004-06-09T13:00:00,13,6,39.5000,18.3000,2.444127,88.753519,87
2004-06-09T14:00:00,14,6,40.6000,15.3000,2.007676,72.809773,70
2004-06-09T15:00:00,15,6,40.3000,16.1000,1.571225,61.649151,58
2004-06-09T16:00:00,16,6,40.3000,14.2000,1.745805,66.432274,64
2004-06-09T17:00:00,17,6,39.6000,16.7000,3.055159,103.102890,101
2004-06-09T18:00:00,18,6,37.3000,23.4000,4.277222,117.983719,104
2004-06-09T19:00:00,19,6,33.7000,27.7000,4.015352,109.480388,103
2004-06-09T20:00:00,20,6,30.7000,32.2000,2.967869,86.096228,85
2004-06-09T21:00:00,21,6,28.4000,35.7000,2.356837,70.152482,68
2004-06-09T22:00:00,22,6,26.5000,38.6000,1.658515,56.866027,53
2004-06-09T23:00:00,23,6,25.4000,40.1000,1.309354,44.642488,42
2004-06-10T00:00:00,0,6,24.1000,43.3000,0.872903,32.418950,30
2004-06-10T01:00:00,1,6,23.9000,45.6000,0.611032,22.321244,21
2004-06-10T02:00:00,2,6,22.0000,52.8000,0.872903,35.076241,33
2004-06-10T05:00:00,5,6,19.5000,59.4000,0.785612,40.390823,38
2004-06-10T06:00:00,6,6,20.0000,56.6000,1.047483,41.453739,39
2004-06-10T07:00:00,7,6,21.7000,53.9000,2.531417,55.271652,52
2004-06-10T08:00:00,8,6,23.7000,49.0000,4.189932,73.872689,71
2004-06-10T09:00:00,9,6,25.9000,44.3000,3.753481,88.222060,87
2004-06-10T10:00:00,10,6,30.1000,34.3000,2.705998,80.250187,79
2004-06-10T11:00:00,11,6,33.5000,27.2000,2.094966,71.215398,69
2004-06-10T12:00:00,12,6,35.4000,26.1000,2.444127,78.655813,77
2004-06-10T13:00:00,13,6,37.9000,23.2000,2.182256,66.963733,64
2004-06-10T14:00:00,14,6,39.7000,18.7000,2.269547,76.529980,74
2004-06-10T15:00:00,15,6,40.4000,17.2000,2.007676,70.683940,68
2004-06-10T16:00:00,16,6,40.0000,18.8000,2.094966,73.872689,71
2004-06-10T17:00:00,17,6,38.9000,18.8000,3.055159,94.599559,94
2004-06-10T18:00:00,18,6,35.8000,22.1000,4.189932,109.480388,103
2004-06-10T19:00:00,19,6,33.1000,25.9000,4.451803,112.137679,103
2004-06-10T20:00:00,20,6,30.9000,28.2000,4.102642,95.662475,95
2004-06-10T21:00:00,21,6,27.5000,32.6000,2.094966,61.649151,58
2004-06-10T22:00:00,22,6,26.3000,34.3000,2.182256,62.712067,60
2004-06-10T23:00:00,23,6,25.5000,34.1000,2.356837,61.117692,58
2004-06-11T00:00:00,0,6,24.7000,39.3000,1.309354,51.019987,48
2004-06-11T01:00:00,1,6,24.2000,39.5000,0.960193,45.705405,42
2004-06-11T02:00:00,2,6,24.8000,37.8000,0.523742,34.544783,32
2004-06-11T04:00:00,4,6,22.0000,44.3000,0.349161,28.167284,26
2004-06-11T05:00:00,5,6,19.3000,51.4000,0.523742,39.327906,37
2004-06-11T06:00:00,6,6,19.8000,50.4000,0.872903,36.670615,34
2004-06-11T07:00:00,7,6,20.5000,48.2000,4.015352,69.621024,67
2004-06-11T08:00:00,8,6,22.8000,42.7000,4.189932,71.215398,69
2004-06-11T09:00:00,9,6,25.6000,35.8000,3.491610,78.655813,77
2004-06-11T12:00:00,12,6,35.9000,19.6000,1.745805,58.991860,55
2004-06-11T13:00:00,13,6,37.2000,18.2000,1.745805,58.460401,55
2004-06-11T14:00:00,14,6,37.3000,16.6000,1.658515,58.460401,55
2004-06-11T15:00:00,15,6,37.4000,14.9000,1.658515,61.649151,58
2004-06-11T16:00:00,16,6,36.4000,15.1000,1.658515,63.774983,61
2004-06-11T17:00:00,17,6,35.4000,14.7000,2.269547,75.467064,73
2004-06-11T18:00:00,18,6,34.2000,14.2000,2.793288,77.592897,76
2004-06-11T19:00:00,19,6,31.1000,18.7000,2.967869,81.313104,80
2004-06-11T20:00:00,20,6,29.1000,22.0000,2.967869,83.970395,82
2004-06-11T21:00:00,21,6,27.2000,22.5000,2.531417,74.404147,72
2004-06-11T22:00:00,22,6,25.3000,24.6000,2.356837,67.495191,65
2004-06-11T23:00:00,23,6,24.9000,27.2000,1.134773,51.551445,48
2004-06-12T00:00:00,0,6,23.5000,32.2000,1.134773,48.362696,45
2004-06-12T01:00:00,1,6,23.5000,32.7000,0.785612,36.139157,34
2004-06-12T02:00:00,2,6,24.1000,32.0000,0.523742,27.635826,25
2004-06-12T04:00:00,4,6,20.8000,40.2000,0.436451,30.824575,28
2004-06-12T05:00:00,5,6,18.8000,46.6000,0.785612,41.453739,39
2004-06-12T06:00:00,6,6,19.8000,46.0000,0.611032,32.418950,30
2004-06-12T07:00:00,7,6,21.3000,42.3000,0.523742,34.013324,32
2004-06-12T08:00:00,8,6,21.3000,41.8000,1.134773,43.048114,41
2004-06-12T09:00:00,9,6,24.0000,36.6000,1.658515,48.894154,45
2004-06-12T10:00:00,10,6,27.2000,30.7000,1.833095,53.677278,50
2004-06-12T11:00:00,11,6,32.3000,23.6000,1.571225,51.019987,48
2004-06-12T12:00:00,12,6,31.9000,25.8000,1.571225,53.677278,50
2004-06-12T13:00:00,13,6,35.1000,21.8000,1.396644,48.362696,45
2004-06-12T14:00:00,14,6,36.0000,20.5000,1.047483,36.139157,34
2004-06-12T15:00:00,15,6,37.0000,20.1000,1.047483,40.390823,38
2004-06-12T16:00:00,16,6,36.4000,21.0000,1.222064,44.642488,42
2004-06-12T17:00:00,17,6,35.2000,22.6000,1.134773,40.390823,38
2004-06-12T18:00:00,18,6,32.5000,27.6000,0.960193,32.418950,30
2004-06-12T19:00:00,19,6,29.1000,35.1000,0.960193,27.635826,25
2004-06-12T20:00:00,20,6,26.9000,39.7000,0.960193,31.356034,29
2004-06-12T21:00:00,21,6,26.1000,42.2000,1.571225,47.299779,44
2004-06-12T22:00:00,22,6,25.5000,43.8000,2.007676,60.054776,57
2004-06-12T23:00:00,23,6,24.9000,45.6000,2.269547,59.523318,56
2004-06-13T00:00:00,0,6,25.2000,45.2000,1.745805,47.299779,44
2004-06-13T01:00:00,1,6,25.4000,45.5000,0.872903,28.167284,26
2004-06-13T02:00:00,2,6,26.2000,43.6000,0.523742,19.132495,18
2004-06-13T04:00:00,4,6,24.4000,48.3000,0.436451,20.726870,19
2004-06-13T05:00:00,5,6,23.3000,51.0000,0.349161,17.538120,16
2004-06-13T06:00:00,6,6,21.6000,48.1000,0.349161,19.663953,18
2004-06-13T07:00:00,7,6,21.4000,47.8000,0.349161,19.132495,18
2004-06-13T08:00:00,8,6,20.5000,46.8000,0.349161,22.321244,21
2004-06-13T09:00:00,9,6,20.8000,40.7000,0.436451,27.635826,25
2004-06-13T10:00:00,10,6,22.3000,35.3000,0.523742,31.887492,29
2004-06-13T11:00:00,11,6,21.7000,38.3000,0.611032,39.327906,37
2004-06-13T12:00:00,12,6,24.4000,29.6000,0.611032,34.544783,32
2004-06-13T13:00:00,13,6,23.4000,34.9000,0.523742,27.635826,25
2004-06-13T14:00:00,14,6,23.5000,35.2000,0.436451,21.258328,20
2004-06-13T15:00:00,15,6,22.4000,39.0000,0.523742,26.041452,25
2004-06-13T16:00:00,16,6,22.0000,41.7000,0.698322,29.761659,27
2004-06-13T17:00:00,17,6,21.7000,42.7000,0.698322,31.356034,29
2004-06-13T18:00:00,18,6,20.7000,43.4000,0.872903,36.139157,34
2004-06-13T19:00:00,19,6,20.3000,42.6000,0.872903,38.264990,36
2004-06-13T20:00:00,20,6,20.3000,44.1000,0.872903,41.453739,39
2004-06-13T21:00:00,21,6,20.1000,45.2000,0.785612,37.733532,35
2004-06-13T22:00:00,22,6,19.8000,45.7000,0.611032,28.698743,26
2004-06-13T23:00:00,23,6,19.6000,45.3000,0.698322,30.293117,28
2004-06-14T00:00:00,0,6,19.4000,45.9000,0.611032,23.915619,22
2004-06-14T01:00:00,1,6,19.7000,44.8000,0.436451,15.943746,14
2004-06-14T02:00:00,2,6,19.5000,46.3000,0.261871,8.503331,8
2004-06-14T05:00:00,5,6,19.1000,52.7000,0.261871,14.880829,13
2004-06-14T06:00:00,6,6,20.3000,49.3000,0.611032,32.950408,30
2004-06-14T07:00:00,7,6,21.1000,46.2000,1.309354,48.894154,45
2004-06-14T08:00:00,8,6,21.5000,44.5000,1.571225,51.019987,48
2004-06-14T09:00:00,9,6,22.4000,43.6000,1.222064,46.236863,43
2004-06-14T10:00:00,10,6,24.8000,39.1000,1.309354,44.642488,42
2004-06-14T11:00:00,11,6,23.9000,42.1000,1.047483,38.796448,36
2004-06-14T12:00:00,12,6,25.5000,38.3000,1.047483,38.264990,36
2004-06-14T13:00:00,13,6,25.4000,39.2000,1.134773,36.139157,34
2004-06-14T14:00:00,14,6,25.6000,37.0000,0.872903,32.950408,30
2004-06-14T15:00:00,15,6,24.5000,38.4000,1.222064,37.202074,35
2004-06-14T16:00:00,16,6,23.9000,39.9000,1.396644,44.111030,42
2004-06-14T17:00:00,17,6,24.2000,39.2000,2.356837,48.894154,45
2004-06-14T18:00:00,18,6,23.5000,41.2000,2.007676,54.740194,51
2004-06-14T19:00:00,19,6,22.3000,44.9000,1.309354,43.579572,41
2004-06-14T20:00:00,20,6,21.7000,46.5000,1.222064,39.327906,37
2004-06-14T21:00:00,21,6,22.0000,44.9000,0.872903,35.607699,33
2004-06-14T22:00:00,22,6,22.2000,44.1000,0.960193,39.327906,37
2004-06-14T23:00:00,23,6,21.8000,45.6000,1.047483,38.264990,36
2004-06-15T00:00:00,0,6,21.6000,46.0000,1.047483,41.985197,39
2004-06-15T01:00:00,1,6,21.6000,45.8000,0.611032,22.852702,21
2004-06-15T02:00:00,2,6,20.7000,48.3000,0.436451,17.538120,16
2004-06-15T04:00:00,4,6,20.8000,48.5000,0.349161,20.195411,19
2004-06-15T05:00:00,5,6,20.8000,49.4000,0.436451,27.104368,25
2004-06-15T06:00:00,6,6,19.9000,51.8000,0.872903,36.670615,34
2004-06-15T07:00:00,7,6,20.9000,49.3000,3.840771,61.649151,58
2004-06-15T08:00:00,8,6,23.7000,39.9000,3.491610,63.243525,61
2004-06-15T09:00:00,9,6,25.3000,35.8000,2.094966,51.019987,48
2004-06-15T10:00:00,10,6,28.8000,29.1000,1.833095,57.928943,54
2004-06-15T11:00:00,11,6,30.3000,26.9000,2.356837,61.117692,58
2004-06-15T12:00:00,12,6,32.8000,23.3000,2.444127,62.712067,60
2004-06-15T13:00:00,13,6,33.9000,21.4000,2.007676,62.712067,60
2004-06-15T14:00:00,14,6,35.3000,19.6000,1.745805,59.523318,56
2004-06-15T15:00:00,15,6,34.0000,20.8000,2.269547,74.404147,72
2004-06-15T16:00:00,16,6,35.3000,18.8000,2.356837,72.809773,70
2004-06-15T17:00:00,17,6,32.6000,24.1000,2.705998,75.998522,73
2004-06-15T18:00:00,18,6,30.8000,28.7000,2.705998,78.655813,77
2004-06-15T19:00:00,19,6,28.7000,31.2000,3.142449,83.970395,82
2004-06-15T20:00:00,20,6,26.8000,35.1000,2.531417,67.495191,65
2004-06-15T21:00:00,21,6,25.3000,39.4000,1.920386,57.928943,54
2004-06-15T22:00:00,22,6,23.9000,40.9000,1.745805,53.677278,50
2004-06-15T23:00:00,23,6,23.0000,44.4000,1.833095,60.586234,57
2004-06-16T00:00:00,0,6,22.2000,53.9000,1.658515,55.271652,52
2004-06-16T01:00:00,1,6,20.9000,59.8000,1.222064,43.048114,41
2004-06-16T02:00:00,2,6,21.3000,58.1000,0.698322,27.104368,25
2004-06-16T04:00:00,4,6,20.3000,58.9000,0.523742,21.258328,20
2004-06-16T05:00:00,5,6,21.3000,54.5000,0.436451,18.069579,17
2004-06-16T06:00:00,6,6,20.6000,57.4000,0.872903,32.418950,30
2004-06-16T07:00:00,7,6,21.3000,56.9000,2.356837,50.488529,47
2004-06-16T08:00:00,8,6,22.9000,52.4000,4.364513,75.467064,73
2004-06-16T09:00:00,9,6,24.1000,46.5000,2.880578,68.026649,66
2004-06-16T10:00:00,10,6,27.1000,38.8000,2.094966,61.117692,58
2004-06-16T11:00:00,11,6,28.4000,34.4000,1.483934,44.642488,42
2004-06-16T12:00:00,12,6,30.1000,30.9000,1.483934,45.173947,42
2004-06-16T13:00:00,13,6,32.7000,25.8000,2.094966,58.460401,55
2004-06-16T14:00:00,14,6,32.4000,25.7000,1.920386,56.866027,53
2004-06-16T15:00:00,15,6,33.6000,24.4000,1.920386,56.866027,53
2004-06-16T16:00:00,16,6,33.0000,26.0000,2.007676,60.054776,57
2004-06-16T17:00:00,17,6,33.2000,23.7000,2.269547,56.866027,53
2004-06-16T18:00:00,18,6,31.3000,25.4000,2.007676,56.334569,53
2004-06-16T19:00:00,19,6,28.3000,31.7000,2.880578,66.432274,64
2004-06-16T20:00:00,20,6,26.5000,35.0000,3.055159,73.872689,71
2004-06-16T21:00:00,21,6,24.4000,40.0000,2.182256,62.180609,60
2004-06-16T22:00:00,22,6,23.3000,43.4000,2.182256,56.866027,53
2004-06-16T23:00:00,23,6,22.5000,45.3000,2.094966,52.082903,49
2004-06-17T00:00:00,0,6,21.8000,47.8000,2.182256,51.551445,48
2004-06-17T01:00:00,1,6,20.9000,51.0000,1.833095,50.488529,47
2004-06-17T02:00:00,2,6,20.8000,51.7000,0.872903,36.139157,34
2004-06-17T05:00:00,5,6,20.2000,53.8000,0.436451,23.384161,22
2004-06-17T06:00:00,6,6,18.3000,60.8000,1.134773,40.922281,38
2004-06-17T07:00:00,7,6,20.2000,54.5000,3.142449,53.145820,50
2004-06-17T08:00:00,8,6,21.9000,49.9000,4.189932,66.432274,64
2004-06-17T09:00:00,9,6,25.2000,43.0000,3.229739,81.844562,80
2004-06-17T10:00:00,10,6,28.0000,36.6000,1.658515,66.432274,64
2004-06-17T11:00:00,11,6,27.1000,38.3000,1.483934,62.180609,60
2004-06-17T12:00:00,12,6,27.4000,37.0000,1.658515,55.803110,52
2004-06-17T13:00:00,13,6,29.4000,32.9000,1.571225,54.740194,51
2004-06-17T14:00:00,14,6,31.3000,28.7000,1.483934,56.334569,53
2004-06-17T15:00:00,15,6,31.5000,28.7000,1.571225,56.866027,53
2004-06-17T16:00:00,16,6,30.9000,30.3000,1.483934,54.208736,51
2004-06-17T17:00:00,17,6,31.4000,30.3000,2.444127,65.900816,63
2004-06-17T18:00:00,18,6,30.7000,31.4000,3.142449,70.683940,68
2004-06-17T19:00:00,19,6,29.0000,33.4000,2.880578,66.432274,64
2004-06-17T20:00:00,20,6,27.3000,37.5000,2.531417,65.900816,63
2004-06-17T21:00:00,21,6,25.8000,40.9000,1.483934,51.551445,48
2004-06-17T22:00:00,22,6,25.2000,43.0000,1.483934,49.957070,46
2004-06-17T23:00:00,23,6,24.6000,45.8000,2.444127,63.774983,61
2004-06-18T00:00:00,0,6,24.0000,47.3000,1.571225,55.803110,52
2004-06-18T01:00:00,1,6,23.5000,48.3000,0.872903,43.048114,41
2004-06-18T02:00:00,2,6,24.0000,45.8000,0.436451,22.852702,21
2004-06-18T04:00:00,4,6,22.8000,48.1000,0.261871,17.006662,16
2004-06-18T05:00:00,5,6,21.9000,50.1000,0.349161,19.132495,18
2004-06-18T06:00:00,6,6,20.4000,54.1000,0.698322,31.356034,29
2004-06-18T07:00:00,7,6,20.8000,52.6000,1.920386,48.894154,45
2004-06-18T08:00:00,8,6,22.8000,47.9000,3.840771,64.306442,62
2004-06-18T09:00:00,9,6,25.2000,42.9000,3.229739,80.250187,79
2004-06-18T10:00:00,10,6,29.3000,34.8000,2.182256,75.467064,73
2004-06-18T11:00:00,11,6,33.3000,27.8000,2.182256,74.935606,72
2004-06-18T12:00:00,12,6,34.9000,24.9000,2.007676,68.558107,66
2004-06-18T13:00:00,13,6,36.1000,22.7000,1.745805,56.334569,53
2004-06-18T14:00:00,14,6,37.6000,21.1000,1.745805,66.432274,64
2004-06-18T15:00:00,15,6,37.3000,21.9000,1.833095,66.963733,64
2004-06-18T16:00:00,16,6,37.2000,21.6000,2.094966,78.124355,77
2004-06-18T17:00:00,17,6,35.6000,23.4000,2.705998,95.662475,95
2004-06-18T18:00:00,18,6,33.1000,24.3000,2.531417,87.159144,86
2004-06-18T19:00:00,19,6,30.5000,29.5000,3.055159,95.662475,95
2004-06-18T20:00:00,20,6,28.7000,35.8000,2.531417,81.313104,80
2004-06-18T21:00:00,21,6,26.6000,42.2000,1.309354,55.803110,52
2004-06-18T22:00:00,22,6,25.2000,46.6000,1.483934,52.082903,49
2004-06-18T23:00:00,23,6,24.7000,47.7000,1.920386,56.866027,53
2004-06-19T00:00:00,0,6,24.4000,47.4000,1.396644,46.236863,43
2004-06-19T01:00:00,1,6,23.3000,49.9000,0.872903,42.516656,40
2004-06-19T02:00:00,2,6,23.8000,47.3000,0.523742,32.950408,30
2004-06-19T04:00:00,4,6,21.2000,55.0000,0.523742,28.698743,26
2004-06-19T05:00:00,5,6,21.7000,52.6000,0.436451,29.761659,27
2004-06-19T06:00:00,6,6,22.8000,48.9000,0.436451,32.950408,30
2004-06-19T07:00:00,7,6,23.5000,47.6000,0.785612,38.264990,36
2004-06-19T08:00:00,8,6,24.6000,44.9000,1.222064,45.705405,42
2004-06-19T09:00:00,9,6,27.0000,39.9000,1.396644,52.614361,49
2004-06-19T10:00:00,10,6,29.3000,35.9000,1.396644,52.082903,49
2004-06-19T11:00:00,11,6,31.2000,32.4000,1.483934,54.208736,51
2004-06-19T12:00:00,12,6,34.4000,26.6000,1.483934,44.642488,42
2004-06-19T13:00:00,13,6,36.1000,22.1000,1.309354,44.111030,42
2004-06-21T04:00:00,4,6,18.9000,55.2000,0.261871,12.754997,11
2004-06-21T05:00:00,5,6,18.2000,57.6000,0.436451,22.852702,21
2004-06-21T06:00:00,6,6,18.6000,56.0000,1.134773,34.013324,32
2004-06-21T07:00:00,7,6,20.8000,48.0000,2.182256,48.362696,45
2004-06-21T08:00:00,8,6,23.3000,38.6000,3.229739,57.928943,54
2004-06-21T09:00:00,9,6,25.1000,32.4000,2.182256,58.460401,55
2004-06-21T10:00:00,10,6,27.8000,25.8000,1.571225,58.991860,55
2004-06-21T11:00:00,11,6,29.6000,21.0000,1.309354,56.334569,53
2004-06-21T12:00:00,12,6,30.2000,18.0000,1.309354,55.271652,52
2004-06-21T13:00:00,13,6,30.1000,18.5000,1.047483,40.390823,38
2004-06-21T14:00:00,14,6,29.5000,19.4000,1.222064,44.642488,42
2004-06-21T15:00:00,15,6,31.1000,18.2000,1.396644,54.208736,51
2004-06-21T16:00:00,16,6,30.3000,19.0000,1.396644,54.208736,51
2004-06-21T17:00:00,17,6,30.1000,19.3000,1.920386,65.900816,63
2004-06-21T18:00:00,18,6,28.6000,22.3000,2.618708,78.124355,77
2004-06-21T19:00:00,19,6,26.1000,28.3000,2.618708,73.341231,71
2004-06-21T20:00:00,20,6,24.5000,35.7000,2.356837,66.963733,64
2004-06-21T21:00:00,21,6,23.1000,41.5000,1.833095,59.523318,56
2004-06-21T22:00:00,22,6,21.8000,46.3000,1.396644,50.488529,47
2004-06-21T23:00:00,23,6,20.9000,48.9000,1.134773,42.516656,40
2004-06-22T00:00:00,0,6,20.5000,49.9000,0.960193,41.985197,39
2004-06-22T01:00:00,1,6,20.0000,50.9000,0.611032,26.041452,25
2004-06-22T02:00:00,2,6,22.1000,44.3000,0.349161,19.132495,18
2004-06-22T04:00:00,4,6,19.8000,50.3000,0.174581,21.258328,20
2004-06-22T05:00:00,5,6,19.0000,52.8000,0.261871,19.663953,18
2004-06-22T06:00:00,6,6,17.8000,56.5000,0.785612,35.607699,33
2004-06-22T07:00:00,7,6,18.2000,55.8000,2.705998,56.334569,53
2004-06-22T08:00:00,8,6,20.6000,47.7000,4.364513,71.215398,69
2004-06-22T09:00:00,9,6,22.8000,41.9000,2.444127,65.369358,63
2004-06-22T10:00:00,10,6,27.1000,31.7000,2.444127,72.278315,70
2004-06-22T11:00:00,11,6,30.4000,26.4000,1.833095,57.928943,54
2004-06-22T12:00:00,12,6,31.1000,26.2000,2.705998,76.529980,74
2004-06-22T13:00:00,13,6,31.4000,25.3000,2.618708,81.844562,80
2004-06-22T14:00:00,14,6,30.8000,26.7000,1.833095,66.963733,64
2004-06-22T15:00:00,15,6,31.8000,25.6000,1.483934,52.082903,49
2004-06-22T16:00:00,16,6,33.5000,22.9000,1.920386,63.774983,61
2004-06-22T17:00:00,17,6,33.1000,23.5000,3.055159,77.061438,76
2004-06-22T18:00:00,18,6,31.7000,25.9000,3.142449,73.872689,71
2004-06-22T19:00:00,19,6,29.0000,30.4000,3.578900,78.655813,77
2004-06-22T20:00:00,20,6,27.4000,33.6000,3.491610,73.872689,71
2004-06-22T21:00:00,21,6,25.2000,36.4000,1.571225,49.425612,46
2004-06-22T22:00:00,22,6,24.0000,39.6000,1.483934,51.019987,48
2004-06-22T23:00:00,23,6,23.8000,39.6000,2.094966,55.271652,52
2004-06-23T00:00:00,0,6,22.9000,43.6000,1.047483,44.111030,42
2004-06-23T01:00:00,1,6,22.8000,43.9000,0.698322,35.076241,33
2004-06-23T02:00:00,2,6,21.8000,47.3000,0.436451,29.230201,27
2004-06-23T05:00:00,5,6,21.7000,46.8000,0.349161,21.258328,20
2004-06-23T06:00:00,6,6,20.3000,52.3000,0.872903,27.104368,25
2004-06-23T07:00:00,7,6,20.5000,52.3000,3.317030,62.180609,60
2004-06-23T08:00:00,8,6,21.7000,49.6000,2.793288,58.460401,55
2004-06-23T09:00:00,9,6,24.0000,43.1000,3.055159,72.278315,70
2004-06-23T10:00:00,10,6,28.5000,31.7000,2.793288,80.781646,79
2004-06-23T11:00:00,11,6,32.2000,25.1000,2.007676,63.243525,61
2004-06-23T12:00:00,12,6,34.9000,20.5000,1.920386,56.334569,53
2004-06-23T13:00:00,13,6,35.4000,19.9000,1.833095,53.677278,50
2004-06-23T14:00:00,14,6,34.4000,22.5000,1.658515,58.460401,55
2004-06-23T15:00:00,15,6,34.8000,22.8000,2.094966,65.900816,63
2004-06-23T16:00:00,16,6,34.3000,22.4000,2.182256,72.809773,70
2004-06-23T17:00:00,17,6,32.5000,25.3000,3.142449,84.501853,83
2004-06-23T18:00:00,18,6,31.3000,27.3000,3.404320,80.781646,79
2004-06-23T19:00:00,19,6,30.2000,29.0000,3.840771,88.222060,87
2004-06-23T20:00:00,20,6,28.5000,33.3000,4.189932,86.627686,85
2004-06-23T21:00:00,21,6,27.3000,35.3000,2.182256,64.306442,62
2004-06-23T22:00:00,22,6,26.1000,37.8000,2.444127,66.432274,64
2004-06-23T23:00:00,23,6,24.7000,47.1000,2.793288,63.774983,61
2004-06-24T00:00:00,0,6,23.6000,59.8000,2.269547,54.740194,51
2004-06-24T01:00:00,1,6,23.3000,60.5000,1.309354,34.013324,32
2004-06-24T02:00:00,2,6,23.3000,59.4000,0.872903,23.384161,22
2004-06-24T04:00:00,4,6,23.7000,53.5000,0.523742,18.601037,17
2004-06-24T05:00:00,5,6,21.2000,60.9000,0.523742,24.447077,23
2004-06-24T06:00:00,6,6,22.1000,56.2000,0.611032,28.698743,26
2004-06-24T07:00:00,7,6,21.9000,57.0000,1.047483,36.139157,34
2004-06-24T08:00:00,8,6,24.7000,45.9000,1.309354,40.922281,38
2004-06-24T09:00:00,9,6,27.0000,40.8000,1.134773,39.327906,37
2004-06-24T10:00:00,10,6,29.1000,37.4000,1.396644,48.894154,45
2004-06-24T11:00:00,11,6,31.1000,32.4000,1.309354,44.111030,42
2004-06-24T12:00:00,12,6,31.9000,30.3000,1.047483,30.824575,28
2004-06-24T13:00:00,13,6,32.8000,28.9000,0.960193,29.230201,27
2004-06-24T14:00:00,14,6,33.4000,27.8000,1.047483,32.418950,30
2004-06-24T15:00:00,15,6,35.3000,23.7000,1.134773,34.544783,32
2004-06-24T16:00:00,16,6,35.8000,22.4000,1.222064,39.327906,37
2004-06-24T17:00:00,17,6,35.3000,20.8000,1.396644,47.299779,44
2004-06-24T18:00:00,18,6,33.3000,23.9000,1.833095,54.740194,51
2004-06-24T19:00:00,19,6,30.3000,30.8000,2.618708,68.026649,66
2004-06-24T20:00:00,20,6,28.3000,34.5000,2.444127,64.837900,62
2004-06-24T21:00:00,21,6,27.1000,38.9000,3.317030,66.432274,64
2004-06-24T22:00:00,22,6,25.4000,43.2000,2.793288,63.243525,61
2004-06-24T23:00:00,23,6,24.6000,45.3000,3.578900,66.963733,64
2004-06-25T00:00:00,0,6,23.7000,46.0000,2.269547,53.145820,50
2004-06-25T01:00:00,1,6,23.0000,48.1000,1.745805,49.957070,46
2004-06-25T02:00:00,2,6,24.8000,43.4000,0.785612,27.635826,25
2004-06-25T04:00:00,4,6,21.7000,50.2000,0.523742,34.013324,32
2004-06-25T05:00:00,5,6,21.9000,50.7000,0.523742,24.447077,23
2004-06-25T06:00:00,6,6,20.1000,57.0000,1.396644,46.768321,43
2004-06-25T07:00:00,7,6,21.5000,51.8000,2.269547,55.271652,52
2004-06-25T08:00:00,8,6,22.9000,48.7000,2.531417,66.432274,64
2004-06-25T09:00:00,9,6,25.7000,41.0000,2.444127,80.250187,79
2004-06-25T10:00:00,10,6,29.9000,33.2000,1.658515,60.054776,57
2004-06-25T11:00:00,11,6,32.9000,28.0000,1.658515,54.208736,51
2004-06-25T12:00:00,12,6,34.0000,25.6000,1.833095,57.397485,54
2004-06-25T13:00:00,13,6,34.7000,22.6000,1.658515,49.425612,46
2004-06-25T14:00:00,14,6,35.5000,20.3000,1.396644,47.299779,44
2004-06-25T15:00:00,15,6,35.9000,18.8000,1.396644,44.642488,42
2004-06-25T16:00:00,16,6,36.2000,18.6000,1.833095,58.991860,55
2004-06-25T17:00:00,17,6,35.4000,15.3000,2.094966,61.117692,58
2004-06-25T18:00:00,18,6,32.9000,15.5000,2.444127,67.495191,65
2004-06-25T19:00:00,19,6,29.9000,19.8000,2.967869,68.558107,66
2004-06-25T20:00:00,20,6,28.1000,22.4000,2.967869,74.404147,72
2004-06-25T21:00:00,21,6,26.1000,24.7000,2.356837,72.809773,70
2004-06-25T22:00:00,22,6,25.0000,28.7000,2.269547,69.089565,67
2004-06-25T23:00:00,23,6,24.3000,31.0000,2.007676,64.306442,62
2004-06-26T00:00:00,0,6,24.0000,31.2000,1.047483,41.985197,39
2004-06-26T01:00:00,1,6,22.4000,34.9000,0.872903,36.670615,34
2004-06-26T02:00:00,2,6,21.2000,37.6000,0.785612,32.418950,30
2004-06-26T05:00:00,5,6,19.5000,42.4000,0.349161,30.824575,28
2004-06-26T06:00:00,6,6,18.6000,45.8000,0.785612,37.202074,35
2004-06-26T07:00:00,7,6,19.7000,44.1000,1.571225,55.271652,52
2004-06-26T08:00:00,8,6,21.9000,39.4000,1.920386,57.928943,54
2004-06-26T09:00:00,9,6,24.5000,34.3000,2.094966,68.558107,66
2004-06-26T10:00:00,10,6,30.0000,25.6000,2.007676,76.529980,74
2004-06-26T11:00:00,11,6,34.5000,18.9000,1.396644,53.677278,50
2004-06-26T12:00:00,12,6,36.3000,17.5000,1.222064,47.831238,44
2004-06-26T13:00:00,13,6,37.7000,16.0000,1.222064,45.705405,42
2004-06-26T14:00:00,14,6,38.3000,15.8000,0.872903,36.670615,34
2004-06-26T15:00:00,15,6,38.4000,17.5000,0.872903,34.544783,32
2004-06-26T16:00:00,16,6,37.2000,20.5000,1.047483,38.796448,36
2004-06-26T17:00:00,17,6,34.0000,26.4000,1.134773,38.796448,36
2004-06-26T18:00:00,18,6,32.3000,30.4000,1.309354,41.453739,39
2004-06-26T19:00:00,19,6,30.5000,33.9000,1.658515,52.082903,49
2004-06-26T20:00:00,20,6,29.2000,37.8000,1.571225,52.614361,49
2004-06-26T21:00:00,21,6,28.4000,39.1000,1.222064,44.111030,42
2004-06-26T22:00:00,22,6,27.7000,40.6000,1.483934,46.768321,43
2004-06-26T23:00:00,23,6,27.2000,42.5000,2.356837,62.180609,60
2004-06-27T00:00:00,0,6,26.5000,44.8000,1.833095,51.551445,48
2004-06-27T01:00:00,1,6,25.5000,47.6000,1.222064,39.859365,37
2004-06-27T02:00:00,2,6,25.2000,47.8000,0.872903,28.167284,26
2004-06-27T04:00:00,4,6,23.2000,52.3000,0.698322,23.915619,22
2004-06-27T05:00:00,5,6,24.0000,50.3000,0.436451,22.321244,21
2004-06-27T06:00:00,6,6,23.5000,51.2000,0.523742,23.384161,22
2004-06-27T07:00:00,7,6,23.5000,50.8000,0.523742,26.572910,25
2004-06-27T08:00:00,8,6,24.7000,47.6000,0.872903,31.887492,29
2004-06-27T09:00:00,9,6,27.2000,41.1000,1.396644,53.145820,50
2004-06-27T10:00:00,10,6,31.0000,32.4000,1.658515,58.991860,55
2004-06-27T11:00:00,11,6,35.2000,24.8000,1.483934,58.460401,55
2004-06-27T12:00:00,12,6,37.8000,18.5000,0.960193,39.327906,37
2004-06-27T13:00:00,13,6,39.0000,15.1000,0.698322,29.761659,27
2004-06-27T14:00:00,14,6,41.3000,12.8000,0.611032,26.572910,25
2004-06-27T15:00:00,15,6,41.8000,11.9000,0.611032,28.698743,26
2004-06-27T16:00:00,16,6,42.2000,14.2000,1.047483,47.831238,44
2004-06-27T17:00:00,17,6,41.4000,15.5000,1.396644,57.928943,54
2004-06-27T18:00:00,18,6,38.9000,21.4000,1.396644,58.460401,55
2004-06-27T19:00:00,19,6,34.3000,26.0000,1.483934,54.740194,51
2004-06-27T20:00:00,20,6,32.7000,27.7000,1.745805,63.774983,61
2004-06-27T21:00:00,21,6,30.5000,30.4000,2.007676,71.215398,69
2004-06-27T22:00:00,22,6,29.0000,33.6000,2.094966,72.809773,70
2004-06-27T23:00:00,23,6,28.2000,36.6000,1.483934,52.614361,49
2004-06-28T00:00:00,0,6,27.2000,38.9000,1.047483,41.453739,39
2004-06-28T01:00:00,1,6,26.7000,40.0000,0.872903,33.481866,31
2004-06-28T02:00:00,2,6,26.0000,41.2000,0.523742,21.789786,20
2004-06-28T04:00:00,4,6,24.0000,46.6000,0.349161,20.726870,19
2004-06-28T05:00:00,5,6,24.0000,46.4000,0.436451,31.887492,29
2004-06-28T06:00:00,6,6,23.7000,47.1000,0.611032,28.698743,26
2004-06-28T07:00:00,7,6,23.6000,47.3000,2.793288,63.243525,61
2004-06-28T08:00:00,8,6,25.5000,43.1000,4.888254,84.501853,83
2004-06-28T09:00:00,9,6,28.5000,36.8000,4.015352,96.725392,96
2004-06-28T10:00:00,10,6,32.6000,28.0000,2.880578,97.256850,97
2004-06-28T11:00:00,11,6,36.3000,23.4000,1.833095,76.529980,74
2004-06-28T12:00:00,12,6,37.5000,21.5000,1.658515,62.712067,60
2004-06-28T13:00:00,13,6,39.6000,19.0000,1.658515,56.334569,53
2004-06-28T14:00:00,14,6,40.1000,19.3000,1.396644,51.551445,48
2004-06-28T15:00:00,15,6,40.4000,20.0000,1.745805,68.558107,66
2004-06-28T16:00:00,16,6,39.9000,20.1000,1.571225,69.089565,67
2004-06-28T17:00:00,17,6,39.1000,19.6000,2.531417,86.627686,85
2004-06-28T18:00:00,18,6,37.0000,21.9000,2.967869,85.033311,84
2004-06-28T19:00:00,19,6,33.9000,26.8000,2.705998,74.404147,72
2004-06-28T20:00:00,20,6,31.9000,30.6000,2.182256,61.117692,58
2004-06-28T21:00:00,21,6,29.7000,33.9000,1.571225,48.894154,45
2004-06-28T22:00:00,22,6,28.6000,36.8000,1.571225,52.614361,49
2004-06-28T23:00:00,23,6,27.8000,38.7000,1.745805,51.019987,48
2004-06-29T00:00:00,0,6,27.8000,40.0000,1.309354,42.516656,40
2004-06-29T01:00:00,1,6,27.5000,41.3000,0.698322,34.544783,32
2004-06-29T02:00:00,2,6,27.3000,41.6000,0.349161,24.447077,23
2004-06-29T05:00:00,5,6,25.9000,45.1000,0.436451,28.698743,26
2004-06-29T06:00:00,6,6,25.3000,47.6000,0.611032,32.950408,30
2004-06-29T07:00:00,7,6,24.7000,49.5000,2.967869,54.208736,51
2004-06-29T08:00:00,8,6,27.1000,43.1000,4.975544,74.404147,72
2004-06-29T09:00:00,9,6,28.3000,39.8000,2.793288,64.306442,62
2004-06-29T10:00:00,10,6,32.4000,32.3000,2.356837,70.152482,68
2004-06-29T11:00:00,11,6,35.4000,27.8000,1.833095,64.837900,62
2004-06-29T12:00:00,12,6,35.5000,27.4000,2.444127,78.655813,77
2004-06-29T13:00:00,13,6,37.8000,24.4000,2.182256,70.683940,68
2004-06-29T14:00:00,14,6,37.2000,25.5000,1.833095,69.089565,67
2004-06-29T15:00:00,15,6,37.2000,25.6000,2.182256,74.935606,72
2004-06-29T16:00:00,16,6,38.0000,25.0000,2.356837,91.410810,90
2004-06-29T17:00:00,17,6,37.1000,26.9000,3.229739,105.228723,102
2004-06-29T18:00:00,18,6,36.9000,27.8000,3.229739,96.193933,96
2004-06-29T19:00:00,19,6,34.7000,31.9000,4.015352,107.354555,102
2004-06-29T20:00:00,20,6,31.9000,38.4000,2.269547,63.774983,61
2004-06-29T21:00:00,21,6,30.5000,42.3000,2.182256,61.117692,58
2004-06-29T22:00:00,22,6,29.3000,45.8000,2.007676,59.523318,56
2004-06-29T23:00:00,23,6,28.2000,48.1000,1.920386,51.551445,48
2004-06-30T00:00:00,0,6,27.3000,51.0000,2.182256,53.145820,50
2004-06-30T01:00:00,1,6,26.8000,52.4000,0.785612,24.978535,23
2004-06-30T02:00:00,2,6,26.0000,54.9000,0.698322,23.384161,22
2004-06-30T04:00:00,4,6,26.9000,51.8000,0.436451,22.321244,21
2004-06-30T05:00:00,5,6,24.6000,59.1000,0.611032,30.293117,28
2004-06-30T06:00:00,6,6,26.4000,53.1000,0.785612,32.418950,30
2004-06-30T07:00:00,7,6,27.3000,46.4000,1.920386,56.334569,53
2004-06-30T08:00:00,8,6,28.4000,40.4000,2.444127,72.278315,70
2004-06-30T09:00:00,9,6,30.8000,37.1000,2.531417,83.438937,82
2004-06-30T10:00:00,10,6,34.2000,30.7000,2.531417,90.879351,89
2004-06-30T11:00:00,11,6,37.0000,26.5000,2.618708,100.977057,100
2004-06-30T12:00:00,12,6,36.6000,27.8000,2.182256,82.376020,81
2004-06-30T13:00:00,13,6,36.9000,26.9000,2.007676,73.872689,71
2004-06-30T14:00:00,14,6,39.3000,22.2000,1.833095,80.781646,79
2004-06-30T15:00:00,15,6,38.5000,22.4000,1.658515,75.998522,73
2004-06-30T16:00:00,16,6,39.7000,20.4000,2.007676,89.284977,88
2004-06-30T17:00:00,17,6,38.8000,24.2000,3.666191,120.109552,105
2004-06-30T18:00:00,18,6,33.5000,38.0000,4.277222,110.011846,103
2004-06-30T19:00:00,19,6,34.0000,32.9000,4.277222,104.697264,102
2004-06-30T20:00:00,20,6,31.9000,33.7000,3.055159,83.970395,82
2004-06-30T21:00:00,21,6,30.2000,37.6000,2.182256,65.900816,63
2004-06-30T22:00:00,22,6,28.9000,41.0000,2.182256,58.460401,55
2004-06-30T23:00:00,23,6,27.8000,45.2000,2.269547,59.523318,56
2004-07-01T00:00:00,0,7,27.1000,47.4000,2.007676,54.208736,51
2004-07-01T01:00:00,1,7,26.2000,49.4000,1.309354,40.922281,38
2004-07-01T02:00:00,2,7,26.9000,49.3000,0.785612,26.572910,25
2004-07-01T04:00:00,4,7,24.9000,54.6000,0.523742,21.258328,20
2004-07-01T05:00:00,5,7,23.4000,58.6000,0.698322,35.076241,33
2004-07-01T06:00:00,6,7,24.4000,55.2000,0.785612,31.887492,29
2004-07-01T07:00:00,7,7,25.1000,54.3000,2.094966,45.173947,42
2004-07-01T08:00:00,8,7,26.6000,51.2000,3.404320,63.774983,61
2004-07-01T09:00:00,9,7,28.2000,47.1000,2.531417,71.215398,69
2004-07-01T10:00:00,10,7,31.6000,39.4000,2.356837,79.187271,78
2004-07-01T11:00:00,11,7,34.2000,31.8000,1.745805,66.432274,64
2004-07-01T12:00:00,12,7,36.6000,27.1000,2.094966,70.152482,68
2004-07-01T13:00:00,13,7,37.6000,26.9000,1.745805,60.586234,57
2004-07-01T14:00:00,14,7,38.1000,26.3000,1.571225,58.460401,55
2004-07-01T15:00:00,15,7,37.8000,26.9000,1.658515,64.306442,62
2004-07-01T16:00:00,16,7,37.8000,22.7000,1.571225,67.495191,65
2004-07-01T17:00:00,17,7,36.9000,24.7000,2.531417,83.438937,82
2004-07-01T18:00:00,18,7,34.5000,28.5000,2.880578,89.816435,88
2004-07-01T19:00:00,19,7,32.5000,30.9000,3.840771,95.131017,95
2004-07-01T20:00:00,20,7,30.9000,30.4000,2.967869,79.187271,78
2004-07-01T21:00:00,21,7,28.7000,34.7000,1.658515,58.991860,55
2004-07-01T22:00:00,22,7,27.7000,39.3000,1.833095,59.523318,56
2004-07-01T23:00:00,23,7,26.8000,45.1000,2.182256,63.774983,61
2004-07-02T00:00:00,0,7,26.1000,45.3000,2.007676,55.803110,52
2004-07-02T01:00:00,1,7,25.9000,46.1000,1.483934,47.831238,44
2004-07-02T02:00:00,2,7,25.3000,47.6000,1.309354,46.236863,43
2004-07-02T05:00:00,5,7,25.1000,48.0000,0.436451,32.418950,30
2004-07-02T06:00:00,6,7,24.8000,50.6000,0.698322,33.481866,31
2004-07-02T07:00:00,7,7,25.7000,49.7000,2.269547,54.208736,51
2004-07-02T08:00:00,8,7,27.4000,45.5000,4.277222,79.187271,78
2004-07-02T09:00:00,9,7,29.3000,40.0000,2.531417,78.124355,77
2004-07-02T10:00:00,10,7,33.6000,28.7000,2.444127,83.970395,82
2004-07-02T11:00:00,11,7,34.6000,27.7000,1.571225,59.523318,56
2004-07-02T12:00:00,12,7,35.6000,27.2000,1.571225,57.397485,54
2004-07-02T13:00:00,13,7,36.9000,23.3000,1.658515,63.774983,61
2004-07-02T14:00:00,14,7,38.8000,20.7000,1.483934,62.180609,60
2004-07-02T15:00:00,15,7,38.1000,22.6000,1.483934,63.243525,61
2004-07-02T16:00:00,16,7,37.1000,23.0000,1.658515,79.187271,78
2004-07-02T17:00:00,17,7,34.8000,19.3000,1.833095,92.473726,91
2004-07-02T18:00:00,18,7,33.6000,20.7000,2.094966,86.627686,85
2004-07-02T19:00:00,19,7,31.4000,18.5000,2.618708,85.564769,84
2004-07-02T20:00:00,20,7,29.5000,23.8000,2.444127,81.844562,80
2004-07-02T21:00:00,21,7,27.4000,27.1000,1.658515,65.900816,63
2004-07-02T22:00:00,22,7,26.1000,31.1000,1.833095,64.837900,62
2004-07-02T23:00:00,23,7,25.5000,34.0000,1.571225,63.243525,61
2004-07-03T00:00:00,0,7,24.0000,37.8000,2.182256,69.621024,67
2004-07-03T01:00:00,1,7,24.2000,37.3000,0.960193,44.642488,42
2004-07-03T02:00:00,2,7,23.4000,40.6000,0.611032,40.922281,38
2004-07-03T04:00:00,4,7,22.6000,43.0000,0.349161,21.789786,20
2004-07-03T05:00:00,5,7,20.2000,50.7000,0.611032,36.139157,34
2004-07-03T06:00:00,6,7,20.5000,49.3000,0.611032,36.670615,34
2004-07-03T07:00:00,7,7,21.4000,48.0000,1.571225,53.677278,50
2004-07-03T08:00:00,8,7,23.2000,43.9000,2.007676,63.774983,61
2004-07-03T09:00:00,9,7,25.3000,40.7000,1.658515,65.900816,63
2004-07-03T10:00:00,10,7,29.9000,31.1000,1.483934,60.054776,57
2004-07-03T11:00:00,11,7,33.9000,21.3000,1.134773,51.551445,48
2004-07-03T12:00:00,12,7,36.3000,16.0000,1.309354,49.957070,46
2004-07-03T13:00:00,13,7,36.6000,15.2000,1.134773,45.705405,42
2004-07-03T14:00:00,14,7,37.4000,15.8000,0.698322,37.202074,35
2004-07-03T15:00:00,15,7,37.9000,15.0000,0.698322,37.202074,35
2004-07-03T16:00:00,16,7,38.0000,16.8000,0.960193,43.579572,41
2004-07-03T17:00:00,17,7,36.9000,17.5000,1.047483,49.425612,46
2004-07-03T18:00:00,18,7,35.3000,17.0000,1.047483,47.299779,44
2004-07-03T19:00:00,19,7,31.9000,20.4000,1.222064,47.831238,44
2004-07-03T20:00:00,20,7,29.1000,29.6000,0.960193,35.607699,33
2004-07-03T21:00:00,21,7,27.4000,33.4000,1.309354,49.957070,46
2004-07-03T22:00:00,22,7,26.7000,35.8000,1.745805,57.928943,54
2004-07-03T23:00:00,23,7,25.2000,42.7000,1.658515,54.740194,51
2004-07-04T00:00:00,0,7,24.0000,51.9000,1.920386,53.677278,50
2004-07-04T01:00:00,1,7,24.5000,44.4000,0.960193,37.733532,35
2004-07-04T02:00:00,2,7,22.6000,51.0000,0.960193,37.733532,35
2004-07-04T04:00:00,4,7,21.2000,56.8000,0.523742,26.041452,25
2004-07-04T05:00:00,5,7,20.3000,59.6000,0.523742,22.852702,21
2004-07-04T06:00:00,6,7,21.3000,56.7000,0.523742,23.384161,22
2004-07-04T07:00:00,7,7,23.0000,54.6000,0.523742,22.321244,21
2004-07-04T08:00:00,8,7,23.7000,54.3000,0.960193,36.670615,34
2004-07-04T09:00:00,9,7,25.4000,49.3000,0.872903,34.544783,32
2004-07-04T10:00:00,10,7,29.6000,37.7000,0.872903,36.139157,34
2004-07-04T11:00:00,11,7,33.9000,26.2000,0.872903,30.824575,28
2004-07-04T12:00:00,12,7,35.8000,22.4000,0.698322,27.635826,25
2004-07-04T13:00:00,13,7,37.9000,18.8000,0.611032,24.447077,23
2004-07-04T14:00:00,14,7,38.5000,14.8000,0.349161,21.258328,20
2004-07-04T15:00:00,15,7,39.3000,14.5000,0.436451,24.978535,23
2004-07-04T16:00:00,16,7,38.9000,15.6000,0.523742,29.761659,27
2004-07-04T17:00:00,17,7,37.9000,12.7000,0.611032,34.013324,32
2004-07-04T18:00:00,18,7,35.8000,13.4000,0.785612,37.733532,35
2004-07-04T19:00:00,19,7,32.3000,19.7000,1.396644,54.740194,51
2004-07-04T20:00:00,20,7,30.1000,23.5000,1.396644,51.551445,48
2004-07-04T21:00:00,21,7,28.2000,28.7000,1.483934,57.397485,54
2004-07-04T22:00:00,22,7,26.0000,35.7000,1.134773,46.236863,43
2004-07-04T23:00:00,23,7,25.3000,39.2000,1.658515,55.271652,52
2004-07-05T00:00:00,0,7,24.7000,38.7000,1.309354,49.425612,46
2004-07-05T01:00:00,1,7,25.5000,35.7000,0.523742,29.230201,27
2004-07-05T02:00:00,2,7,22.5000,43.2000,0.349161,26.041452,25
2004-07-05T05:00:00,5,7,21.6000,45.7000,0.349161,22.852702,21
2004-07-05T06:00:00,6,7,21.1000,47.3000,0.611032,30.293117,28
2004-07-05T07:00:00,7,7,21.6000,44.1000,1.745805,42.516656,40
2004-07-05T08:00:00,8,7,23.7000,37.9000,3.404320,71.215398,69
2004-07-05T09:00:00,9,7,26.0000,30.1000,3.142449,83.438937,82
2004-07-05T10:00:00,10,7,30.6000,23.2000,2.793288,93.005184,93
2004-07-05T11:00:00,11,7,34.1000,19.1000,1.920386,78.124355,77
2004-07-05T12:00:00,12,7,36.2000,18.0000,1.920386,74.404147,72
2004-07-05T13:00:00,13,7,37.4000,17.3000,1.833095,72.809773,70
2004-07-05T14:00:00,14,7,39.5000,15.6000,1.571225,65.369358,63
2004-07-05T15:00:00,15,7,40.4000,14.9000,1.745805,73.341231,71
2004-07-05T16:00:00,16,7,40.1000,16.1000,1.571225,70.152482,68
2004-07-05T17:00:00,17,7,39.3000,18.9000,2.618708,92.473726,91
2004-07-05T18:00:00,18,7,37.3000,19.9000,3.753481,107.886014,102
2004-07-05T19:00:00,19,7,33.6000,22.9000,3.055159,93.536642,93
2004-07-05T20:00:00,20,7,30.7000,28.9000,2.182256,66.432274,64
2004-07-05T21:00:00,21,7,28.8000,32.8000,1.571225,52.082903,49
2004-07-05T22:00:00,22,7,27.3000,36.8000,1.658515,54.740194,51
2004-07-05T23:00:00,23,7,26.2000,39.7000,1.658515,55.271652,52
2004-07-06T00:00:00,0,7,25.4000,43.0000,1.658515,55.803110,52
2004-07-06T01:00:00,1,7,25.8000,41.0000,0.785612,39.859365,37
2004-07-06T02:00:00,2,7,23.3000,48.4000,0.611032,31.887492,29
2004-07-06T04:00:00,4,7,23.5000,46.7000,0.349161,19.132495,18
2004-07-06T05:00:00,5,7,21.8000,52.3000,0.611032,35.076241,33
2004-07-06T06:00:00,6,7,21.8000,52.5000,1.396644,51.551445,48
2004-07-06T07:00:00,7,7,22.9000,49.1000,3.317030,61.117692,58
2004-07-06T08:00:00,8,7,24.9000,43.3000,4.451803,77.061438,76
2004-07-06T09:00:00,9,7,26.7000,39.4000,2.967869,86.096228,85
2004-07-06T10:00:00,10,7,30.5000,32.9000,2.269547,78.124355,77
2004-07-06T11:00:00,11,7,34.2000,27.2000,1.920386,70.152482,68
2004-07-06T12:00:00,12,7,38.2000,20.9000,2.967869,95.131017,95
2004-07-06T13:00:00,13,7,39.6000,16.9000,2.967869,92.473726,91
2004-07-06T14:00:00,14,7,39.9000,15.8000,1.571225,70.152482,68
2004-07-06T15:00:00,15,7,40.2000,13.9000,1.745805,80.250187,79
2004-07-06T16:00:00,16,7,39.6000,13.2000,2.094966,89.284977,88
2004-07-06T17:00:00,17,7,39.5000,12.6000,3.317030,102.039973,101
2004-07-06T18:00:00,18,7,37.9000,13.9000,3.840771,103.102890,101
2004-07-06T19:00:00,19,7,34.2000,17.9000,3.404320,82.376020,81
2004-07-06T20:00:00,20,7,32.6000,20.6000,3.491610,84.501853,83
2004-07-06T21:00:00,21,7,30.4000,23.2000,2.182256,66.432274,64
2004-07-06T22:00:00,22,7,28.8000,25.1000,1.833095,57.397485,54
2004-07-06T23:00:00,23,7,27.8000,29.9000,2.094966,58.460401,55
2004-07-07T00:00:00,0,7,26.9000,32.6000,1.833095,52.614361,49
2004-07-07T01:00:00,1,7,26.3000,33.7000,1.396644,50.488529,47
2004-07-07T02:00:00,2,7,25.7000,33.9000,0.698322,36.670615,34
2004-07-07T04:00:00,4,7,25.5000,34.6000,0.349161,23.915619,22
2004-07-07T05:00:00,5,7,24.0000,37.8000,0.436451,28.167284,26
2004-07-07T06:00:00,6,7,23.9000,39.3000,1.134773,46.768321,43
2004-07-07T07:00:00,7,7,24.8000,38.4000,3.578900,72.278315,70
2004-07-07T08:00:00,8,7,26.9000,34.4000,3.578900,74.935606,72
2004-07-07T09:00:00,9,7,29.6000,28.7000,3.491610,100.445599,100
2004-07-07T10:00:00,10,7,34.6000,21.1000,1.920386,88.222060,87
2004-07-07T11:00:00,11,7,38.3000,17.0000,1.745805,81.844562,80
2004-07-07T12:00:00,12,7,40.4000,14.5000,1.745805,79.187271,78
2004-07-07T13:00:00,13,7,42.6000,9.6000,1.920386,75.467064,73
2004-07-07T14:00:00,14,7,42.5000,10.2000,1.920386,69.089565,67
2004-07-07T15:00:00,15,7,41.0000,11.6000,1.571225,64.306442,62
2004-07-07T16:00:00,16,7,41.3000,13.0000,1.571225,61.649151,58
2004-07-07T17:00:00,17,7,39.2000,14.5000,2.880578,94.068101,94
2004-07-07T18:00:00,18,7,36.9000,17.9000,3.753481,123.829759,105
2004-07-07T19:00:00,19,7,35.6000,20.4000,4.626383,118.515178,104
2004-07-07T20:00:00,20,7,33.7000,22.6000,3.753481,97.788308,97
2004-07-07T21:00:00,21,7,31.5000,27.8000,3.142449,87.690602,86
2004-07-07T22:00:00,22,7,31.1000,29.3000,2.094966,70.152482,68
2004-07-07T23:00:00,23,7,30.2000,30.9000,1.833095,64.837900,62
2004-07-08T00:00:00,0,7,29.8000,30.2000,1.047483,46.768321,43
2004-07-08T01:00:00,1,7,28.4000,32.5000,0.785612,41.985197,39
2004-07-08T02:00:00,2,7,27.5000,34.0000,0.523742,31.887492,29
2004-07-08T05:00:00,5,7,25.6000,38.8000,0.523742,39.327906,37
2004-07-08T06:00:00,6,7,27.5000,34.6000,0.523742,32.950408,30
2004-07-08T07:00:00,7,7,25.9000,37.4000,1.920386,61.117692,58
2004-07-08T08:00:00,8,7,28.5000,32.5000,2.793288,63.243525,61
2004-07-08T09:00:00,9,7,29.5000,32.7000,2.618708,82.376020,81
2004-07-08T10:00:00,10,7,29.8000,33.1000,2.356837,86.096228,85
2004-07-08T11:00:00,11,7,33.4000,26.8000,2.793288,100.445599,100
2004-07-08T12:00:00,12,7,40.3000,15.8000,1.222064,61.117692,58
2004-07-08T13:00:00,13,7,41.8000,15.0000,1.134773,57.928943,54
2004-07-08T14:00:00,14,7,41.1000,15.7000,1.222064,57.397485,54
2004-07-08T15:00:00,15,7,41.9000,14.8000,1.833095,77.061438,76
2004-07-08T16:00:00,16,7,40.9000,14.6000,2.094966,88.753519,87
2004-07-08T17:00:00,17,7,39.1000,16.9000,2.705998,106.291639,102
2004-07-08T18:00:00,18,7,36.4000,27.3000,3.055159,94.599559,94
2004-07-08T19:00:00,19,7,34.9000,29.3000,4.451803,109.480388,103
2004-07-08T20:00:00,20,7,33.6000,26.4000,3.928061,102.039973,101
2004-07-08T21:00:00,21,7,32.2000,27.6000,2.531417,72.809773,70
2004-07-08T22:00:00,22,7,30.5000,29.7000,2.269547,68.026649,66
2004-07-08T23:00:00,23,7,29.4000,35.6000,2.356837,64.306442,62
2004-07-09T00:00:00,0,7,29.1000,34.8000,2.793288,72.278315,70
2004-07-09T01:00:00,1,7,27.7000,41.9000,2.007676,57.928943,54
2004-07-09T02:00:00,2,7,27.9000,41.6000,0.872903,39.327906,37
2004-07-09T04:00:00,4,7,27.4000,42.2000,0.349161,21.258328,20
2004-07-09T05:00:00,5,7,26.6000,42.8000,0.523742,32.418950,30
2004-07-09T06:00:00,6,7,26.9000,40.3000,0.872903,44.111030,42
2004-07-09T07:00:00,7,7,27.0000,37.3000,2.531417,68.558107,66
2004-07-09T09:00:00,9,7,27.4000,32.0000,1.571225,61.117692,58
2004-07-09T10:00:00,10,7,30.5000,24.7000,1.571225,69.089565,67
2004-07-09T11:00:00,11,7,32.9000,20.1000,1.483934,72.809773,70
2004-07-09T12:00:00,12,7,33.9000,18.4000,1.309354,61.649151,58
2004-07-09T13:00:00,13,7,34.4000,19.3000,1.483934,68.558107,66
2004-07-09T14:00:00,14,7,34.2000,19.6000,1.134773,62.180609,60
2004-07-09T15:00:00,15,7,33.2000,20.4000,1.309354,73.341231,71
2004-07-09T16:00:00,16,7,32.4000,19.1000,1.309354,73.872689,71
2004-07-09T17:00:00,17,7,32.2000,17.1000,2.007676,95.662475,95
2004-07-09T18:00:00,18,7,31.0000,17.1000,1.920386,86.096228,85
2004-07-09T19:00:00,19,7,28.3000,24.9000,2.444127,83.970395,82
2004-07-09T20:00:00,20,7,26.6000,30.2000,2.356837,86.096228,85
2004-07-09T21:00:00,21,7,24.8000,36.8000,1.483934,59.523318,56
2004-07-09T22:00:00,22,7,23.7000,43.4000,1.309354,55.271652,52
2004-07-09T23:00:00,23,7,23.0000,46.2000,2.007676,66.432274,64
2004-07-10T00:00:00,0,7,22.7000,47.7000,2.007676,67.495191,65
2004-07-10T01:00:00,1,7,22.2000,49.5000,1.309354,50.488529,47
2004-07-10T02:00:00,2,7,21.6000,51.9000,0.872903,37.202074,35
2004-07-10T04:00:00,4,7,22.4000,49.7000,0.261871,17.538120,16
2004-07-10T05:00:00,5,7,21.7000,52.0000,0.349161,23.915619,22
2004-07-10T06:00:00,6,7,21.1000,53.2000,0.436451,29.761659,27
2004-07-10T07:00:00,7,7,22.0000,51.0000,0.785612,39.327906,37
2004-07-10T08:00:00,8,7,25.0000,41.6000,0.960193,44.642488,42
2004-07-10T09:00:00,9,7,26.7000,36.4000,1.222064,49.425612,46
2004-07-10T10:00:00,10,7,29.1000,29.7000,0.960193,51.551445,48
2004-07-10T11:00:00,11,7,31.2000,23.4000,0.785612,44.111030,42
2004-07-10T12:00:00,12,7,32.4000,20.5000,0.698322,37.733532,35
2004-07-10T13:00:00,13,7,33.3000,19.2000,0.698322,41.453739,39
2004-07-10T14:00:00,14,7,33.1000,16.8000,0.523742,32.950408,30
2004-07-10T15:00:00,15,7,33.1000,18.3000,0.523742,28.698743,26
2004-07-10T16:00:00,16,7,32.4000,18.0000,0.436451,31.356034,29
2004-07-10T17:00:00,17,7,31.8000,18.7000,0.611032,36.670615,34
2004-07-10T18:00:00,18,7,30.3000,21.4000,0.698322,35.607699,33
2004-07-10T19:00:00,19,7,27.2000,28.2000,0.785612,30.824575,28
2004-07-10T20:00:00,20,7,26.1000,33.7000,1.134773,40.922281,38
2004-07-10T21:00:00,21,7,24.7000,38.8000,1.134773,49.957070,46
2004-07-10T22:00:00,22,7,23.4000,43.2000,1.222064,51.551445,48
2004-07-10T23:00:00,23,7,23.1000,44.2000,1.658515,58.460401,55
2004-07-11T00:00:00,0,7,22.7000,45.3000,2.007676,61.649151,58
2004-07-11T01:00:00,1,7,21.6000,47.5000,0.872903,39.327906,37
2004-07-11T02:00:00,2,7,22.0000,45.8000,0.436451,27.104368,25
2004-07-11T04:00:00,4,7,20.6000,50.3000,0.349161,21.258328,20
2004-07-11T05:00:00,5,7,20.6000,50.6000,0.261871,19.132495,18
2004-07-11T06:00:00,6,7,21.3000,48.8000,0.174581,18.601037,17
2004-07-11T07:00:00,7,7,20.4000,52.6000,0.349161,25.509993,24
2004-07-11T08:00:00,8,7,23.5000,44.0000,0.261871,20.195411,19
2004-07-11T09:00:00,9,7,25.7000,37.9000,0.523742,28.698743,26
2004-07-11T10:00:00,10,7,27.9000,33.6000,0.523742,30.293117,28
2004-07-11T11:00:00,11,7,29.0000,28.3000,0.523742,28.698743,26
2004-07-11T12:00:00,12,7,29.5000,25.9000,0.436451,24.447077,23
2004-07-11T13:00:00,13,7,31.8000,22.3000,0.349161,19.132495,18
2004-07-11T14:00:00,14,7,32.2000,20.0000,0.174581,10.097706,9
2004-07-11T15:00:00,15,7,32.4000,19.3000,0.349161,18.069579,17
2004-07-11T16:00:00,16,7,33.0000,17.7000,0.523742,33.481866,31
2004-07-11T17:00:00,17,7,32.0000,19.8000,0.785612,45.705405,42
2004-07-11T18:00:00,18,7,29.6000,24.1000,0.611032,34.544783,32
2004-07-11T19:00:00,19,7,26.9000,27.1000,1.047483,53.677278,50
2004-07-11T20:00:00,20,7,25.3000,30.9000,1.396644,61.649151,58
2004-07-11T21:00:00,21,7,24.2000,35.9000,1.571225,65.900816,63
2004-07-11T22:00:00,22,7,23.2000,43.2000,2.094966,72.278315,70
2004-07-11T23:00:00,23,7,22.7000,43.9000,1.309354,57.397485,54
2004-07-12T00:00:00,0,7,21.6000,44.0000,0.785612,43.579572,41
2004-07-12T01:00:00,1,7,20.7000,46.4000,0.698322,36.139157,34
2004-07-12T02:00:00,2,7,21.2000,46.2000,0.174581,11.692080,10
2004-07-12T05:00:00,5,7,20.0000,51.8000,0.436451,22.852702,21
2004-07-12T06:00:00,6,7,18.5000,57.4000,1.222064,44.642488,42
2004-07-12T07:00:00,7,7,19.6000,54.3000,2.880578,57.397485,54
2004-07-12T08:00:00,8,7,21.3000,49.7000,3.142449,59.523318,56
2004-07-12T09:00:00,9,7,21.7000,46.3000,1.483934,55.271652,52
2004-07-12T10:00:00,10,7,23.4000,39.4000,1.309354,56.866027,53
2004-07-12T11:00:00,11,7,25.7000,33.0000,1.396644,54.208736,51
2004-07-12T12:00:00,12,7,28.5000,27.3000,1.833095,55.271652,52
2004-07-12T13:00:00,13,7,27.0000,27.9000,1.833095,51.019987,48
2004-07-12T14:00:00,14,7,24.2000,36.9000,1.396644,42.516656,40
2004-07-12T15:00:00,15,7,26.0000,34.9000,1.134773,38.264990,36
2004-07-12T16:00:00,16,7,24.8000,33.1000,1.396644,56.334569,53
2004-07-12T17:00:00,17,7,24.0000,36.3000,2.705998,63.243525,61
2004-07-12T18:00:00,18,7,23.6000,35.5000,2.880578,63.243525,61
2004-07-12T19:00:00,19,7,23.6000,35.7000,2.967869,68.026649,66
2004-07-12T20:00:00,20,7,23.3000,34.5000,2.444127,59.523318,56
2004-07-12T21:00:00,21,7,22.5000,36.8000,1.309354,50.488529,47
2004-07-12T22:00:00,22,7,21.3000,38.7000,1.134773,45.173947,42
2004-07-12T23:00:00,23,7,20.9000,39.4000,1.396644,53.677278,50
2004-07-13T00:00:00,0,7,19.8000,47.7000,1.309354,49.957070,46
2004-07-13T01:00:00,1,7,19.3000,51.4000,0.872903,40.390823,38
2004-07-13T02:00:00,2,7,18.4000,53.4000,0.436451,26.572910,25
2004-07-13T04:00:00,4,7,16.3000,59.8000,0.523742,27.104368,25
2004-07-13T05:00:00,5,7,16.6000,56.8000,0.611032,22.321244,21
2004-07-13T06:00:00,6,7,16.2000,57.4000,1.134773,32.950408,30
2004-07-13T07:00:00,7,7,17.3000,54.3000,3.491610,58.991860,55
2004-07-13T08:00:00,8,7,19.2000,48.8000,4.364513,68.558107,66
2004-07-13T09:00:00,9,7,21.7000,42.4000,3.142449,71.746856,69
2004-07-13T10:00:00,10,7,26.4000,29.9000,2.444127,73.872689,71
2004-07-13T11:00:00,11,7,31.3000,19.1000,2.269547,71.215398,69
2004-07-13T12:00:00,12,7,33.7000,15.4000,2.356837,74.935606,72
2004-07-13T13:00:00,13,7,34.5000,13.3000,2.007676,59.523318,56
2004-07-13T14:00:00,14,7,33.8000,13.9000,1.745805,55.803110,52
2004-07-13T15:00:00,15,7,30.1000,19.4000,1.134773,38.264990,36
2004-07-13T16:00:00,16,7,28.3000,21.3000,1.483934,47.831238,44
2004-07-13T17:00:00,17,7,31.9000,18.3000,2.444127,66.963733,64
2004-07-13T18:00:00,18,7,32.0000,20.1000,3.317030,81.844562,80
2004-07-13T19:00:00,19,7,28.9000,24.1000,4.277222,91.942268,90
2004-07-13T20:00:00,20,7,27.3000,27.1000,3.753481,86.096228,85
2004-07-13T21:00:00,21,7,26.0000,28.5000,2.269547,68.026649,66
2004-07-13T22:00:00,22,7,25.2000,28.6000,2.094966,63.774983,61
2004-07-13T23:00:00,23,7,24.3000,31.1000,1.658515,58.991860,55
2004-07-14T00:00:00,0,7,23.6000,33.8000,1.222064,47.299779,44
2004-07-14T01:00:00,1,7,23.0000,33.8000,0.960193,36.670615,34
2004-07-14T02:00:00,2,7,22.2000,38.4000,0.785612,37.202074,35
2004-07-14T04:00:00,4,7,20.5000,42.3000,0.436451,31.356034,29
2004-07-14T05:00:00,5,7,18.8000,49.0000,0.698322,38.796448,36
2004-07-14T06:00:00,6,7,18.8000,49.4000,1.134773,47.299779,44
2004-07-14T07:00:00,7,7,19.9000,46.5000,4.102642,75.467064,73
2004-07-14T08:00:00,8,7,22.1000,41.7000,4.015352,77.061438,76
2004-07-14T09:00:00,9,7,24.0000,36.4000,3.229739,82.907478,81
2004-07-14T10:00:00,10,7,30.2000,22.8000,2.444127,78.655813,77
2004-07-14T11:00:00,11,7,33.4000,17.1000,1.571225,64.837900,62
2004-07-14T12:00:00,12,7,35.1000,15.0000,1.658515,56.334569,53
2004-07-14T13:00:00,13,7,34.1000,16.0000,1.745805,56.334569,53
2004-07-14T14:00:00,14,7,35.7000,13.6000,1.745805,67.495191,65
2004-07-14T15:00:00,15,7,35.3000,13.8000,1.833095,60.054776,57
2004-07-14T16:00:00,16,7,32.3000,16.7000,1.833095,72.278315,70
2004-07-14T17:00:00,17,7,36.0000,13.3000,2.793288,81.313104,80
2004-07-14T18:00:00,18,7,35.8000,13.7000,3.491610,91.410810,90
2004-07-14T19:00:00,19,7,32.3000,18.4000,4.015352,100.977057,100
2004-07-14T20:00:00,20,7,29.7000,25.0000,2.618708,85.033311,84
2004-07-14T21:00:00,21,7,27.8000,26.6000,2.531417,84.501853,83
2004-07-14T22:00:00,22,7,26.3000,27.3000,1.658515,65.369358,63
2004-07-14T23:00:00,23,7,25.3000,30.0000,1.222064,53.677278,50
2004-07-15T00:00:00,0,7,24.0000,34.9000,1.833095,61.649151,58
2004-07-15T01:00:00,1,7,23.4000,38.6000,1.047483,42.516656,40
2004-07-15T02:00:00,2,7,23.5000,38.3000,0.523742,27.104368,25
2004-07-15T05:00:00,5,7,21.4000,45.6000,0.349161,24.447077,23
2004-07-15T06:00:00,6,7,21.1000,47.1000,0.611032,34.013324,32
2004-07-15T07:00:00,7,7,21.3000,48.4000,2.007676,57.397485,54
2004-07-15T08:00:00,8,7,22.9000,47.9000,3.491610,80.250187,79
2004-07-15T09:00:00,9,7,24.4000,45.5000,2.444127,81.313104,80
2004-07-15T10:00:00,10,7,27.6000,38.0000,1.396644,61.649151,58
2004-07-15T11:00:00,11,7,31.1000,29.6000,1.396644,61.649151,58
2004-07-15T12:00:00,12,7,33.4000,24.7000,1.745805,69.089565,67
2004-07-15T13:00:00,13,7,35.7000,18.9000,1.745805,69.621024,67
2004-07-15T14:00:00,14,7,36.2000,18.1000,1.483934,69.621024,67
2004-07-15T15:00:00,15,7,37.1000,17.7000,1.745805,71.746856,69
2004-07-15T16:00:00,16,7,36.5000,18.1000,1.920386,80.781646,79
2004-07-15T17:00:00,17,7,35.5000,19.1000,2.793288,105.228723,102
2004-07-15T18:00:00,18,7,33.7000,20.0000,3.142449,97.256850,97
2004-07-15T19:00:00,19,7,30.5000,22.7000,3.317030,93.005184,93
2004-07-15T20:00:00,20,7,28.7000,26.2000,4.189932,102.571432,101
2004-07-15T21:00:00,21,7,26.7000,28.9000,2.444127,74.404147,72
2004-07-15T22:00:00,22,7,25.7000,31.6000,2.269547,68.026649,66
2004-07-15T23:00:00,23,7,24.5000,35.7000,1.658515,53.145820,50
2004-07-16T00:00:00,0,7,24.3000,36.3000,1.483934,51.551445,48
2004-07-16T01:00:00,1,7,23.8000,36.9000,0.872903,35.607699,33
2004-07-16T02:00:00,2,7,23.7000,37.3000,0.611032,30.824575,28
2004-07-16T04:00:00,4,7,21.6000,42.2000,0.349161,23.915619,22
2004-07-16T05:00:00,5,7,20.3000,46.8000,0.523742,32.950408,30
2004-07-16T06:00:00,6,7,20.7000,45.9000,0.611032,31.356034,29
2004-07-16T07:00:00,7,7,20.5000,47.7000,2.094966,54.208736,51
2004-07-16T08:00:00,8,7,22.4000,46.6000,3.840771,81.844562,80
2004-07-16T09:00:00,9,7,24.2000,48.5000,2.705998,83.438937,82
2004-07-16T10:00:00,10,7,28.8000,33.0000,1.745805,73.341231,71
2004-07-16T11:00:00,11,7,32.8000,25.2000,1.833095,75.467064,73
2004-07-16T12:00:00,12,7,34.4000,19.9000,1.833095,66.432274,64
2004-07-16T13:00:00,13,7,36.5000,16.7000,1.833095,63.774983,61
2004-07-16T14:00:00,14,7,37.5000,14.3000,1.920386,79.718729,78
2004-07-16T15:00:00,15,7,38.0000,15.5000,1.396644,63.774983,61
2004-07-16T16:00:00,16,7,38.1000,16.5000,2.094966,91.942268,90
2004-07-16T17:00:00,17,7,37.3000,17.3000,2.880578,99.382683,99
2004-07-16T18:00:00,18,7,35.9000,17.7000,3.491610,109.480388,103
2004-07-16T19:00:00,19,7,32.4000,21.5000,3.578900,99.382683,99
2004-07-16T20:00:00,20,7,30.3000,25.6000,3.666191,90.347893,89
2004-07-16T21:00:00,21,7,28.5000,27.8000,2.531417,79.187271,78
2004-07-16T22:00:00,22,7,26.9000,30.5000,2.007676,65.900816,63
2004-07-16T23:00:00,23,7,25.7000,33.5000,1.920386,63.243525,61
2004-07-17T00:00:00,0,7,24.7000,36.9000,1.833095,57.397485,54
2004-07-17T01:00:00,1,7,23.6000,39.2000,1.396644,49.425612,46
2004-07-17T02:00:00,2,7,22.2000,43.0000,1.047483,40.922281,38
2004-07-17T04:00:00,4,7,21.3000,45.9000,0.785612,40.390823,38
2004-07-17T05:00:00,5,7,21.6000,45.0000,0.523742,30.824575,28
2004-07-17T06:00:00,6,7,21.3000,46.5000,0.611032,33.481866,31
2004-07-17T07:00:00,7,7,21.1000,46.9000,1.134773,39.859365,37
2004-07-17T08:00:00,8,7,22.8000,43.0000,1.745805,58.991860,55
2004-07-17T09:00:00,9,7,25.0000,38.3000,1.658515,61.649151,58
2004-07-17T10:00:00,10,7,30.9000,26.9000,1.920386,73.341231,71
2004-07-17T11:00:00,11,7,35.1000,19.2000,1.658515,62.180609,60
2004-07-17T12:00:00,12,7,36.9000,17.2000,1.309354,49.957070,46
2004-07-17T13:00:00,13,7,39.3000,13.9000,1.222064,48.362696,45
2004-07-17T14:00:00,14,7,40.3000,12.6000,0.872903,31.887492,29
2004-07-17T15:00:00,15,7,39.7000,13.5000,0.872903,35.076241,33
2004-07-17T16:00:00,16,7,41.1000,13.1000,1.222064,46.236863,43
2004-07-17T17:00:00,17,7,40.1000,14.9000,1.396644,56.334569,53
2004-07-17T18:00:00,18,7,37.4000,17.0000,1.396644,49.957070,46
2004-07-17T19:00:00,19,7,34.0000,19.2000,1.833095,59.523318,56
2004-07-17T20:00:00,20,7,31.7000,21.6000,1.745805,63.774983,61
2004-07-17T21:00:00,21,7,29.7000,24.2000,1.658515,56.334569,53
2004-07-17T22:00:00,22,7,27.9000,27.6000,2.007676,59.523318,56
2004-07-17T23:00:00,23,7,26.8000,29.9000,2.094966,63.774983,61
2004-07-18T00:00:00,0,7,25.8000,33.0000,1.920386,60.586234,57
2004-07-18T01:00:00,1,7,26.3000,33.1000,1.047483,37.202074,35
2004-07-18T02:00:00,2,7,24.3000,38.1000,0.960193,34.013324,32
2004-07-18T05:00:00,5,7,21.1000,45.6000,0.523742,26.572910,25
2004-07-18T06:00:00,6,7,20.2000,48.5000,0.611032,32.950408,30
2004-07-18T07:00:00,7,7,21.3000,45.5000,0.349161,28.167284,26
2004-07-18T08:00:00,8,7,22.6000,31.0000,0.523742,45.173947,42
2004-07-18T09:00:00,9,7,25.7000,34.8000,0.785612,54.208736,51
2004-07-18T10:00:00,10,7,31.6000,23.8000,0.785612,51.551445,48
2004-07-18T11:00:00,11,7,36.3000,16.3000,0.698322,48.362696,45
2004-07-18T12:00:00,12,7,37.9000,15.0000,0.349161,32.950408,30
2004-07-18T13:00:00,13,7,39.4000,13.7000,0.261871,30.293117,28
2004-07-18T14:00:00,14,7,40.2000,12.3000,0.087290,21.258328,20
2004-07-18T15:00:00,15,7,41.3000,11.9000,0.436451,31.887492,29
2004-07-18T16:00:00,16,7,41.4000,11.8000,0.349161,37.202074,35
2004-07-18T17:00:00,17,7,40.1000,13.6000,0.261871,28.167284,26
2004-07-18T18:00:00,18,7,37.6000,16.4000,0.349161,28.698743,26
2004-07-18T19:00:00,19,7,33.9000,20.3000,0.523742,30.824575,28
2004-07-18T20:00:00,20,7,31.6000,22.9000,0.698322,38.796448,36
2004-07-18T21:00:00,21,7,29.7000,24.8000,1.047483,52.614361,49
2004-07-18T22:00:00,22,7,29.0000,27.0000,1.396644,54.208736,51
2004-07-18T23:00:00,23,7,27.9000,30.4000,1.047483,53.677278,50
2004-07-19T00:00:00,0,7,28.0000,30.6000,0.436451,40.922281,38
2004-07-19T01:00:00,1,7,26.8000,32.3000,0.261871,29.230201,27
2004-07-19T02:00:00,2,7,26.6000,33.0000,0.087290,27.104368,25
2004-07-19T04:00:00,4,7,22.2000,42.8000,0.087290,26.572910,25
2004-07-19T05:00:00,5,7,21.2000,46.3000,0.261871,39.859365,37
2004-07-19T06:00:00,6,7,21.4000,46.5000,0.698322,47.299779,44
2004-07-19T07:00:00,7,7,22.9000,43.0000,2.007676,59.523318,56
2004-07-19T08:00:00,8,7,25.2000,38.6000,2.967869,75.467064,73
2004-07-19T09:00:00,9,7,27.1000,34.9000,2.182256,77.061438,76
2004-07-19T10:00:00,10,7,32.4000,24.8000,2.094966,87.690602,86
2004-07-19T11:00:00,11,7,36.8000,18.0000,1.833095,84.501853,83
2004-07-21T18:00:00,18,7,39.6000,18.8000,3.578900,74.404147,72
2004-07-21T19:00:00,19,7,36.1000,25.5000,3.317030,86.627686,85
2004-07-21T20:00:00,20,7,33.3000,29.9000,2.967869,76.529980,74
2004-07-21T21:00:00,21,7,31.2000,33.2000,2.531417,63.774983,61
2004-07-21T22:00:00,22,7,30.1000,35.8000,2.705998,63.774983,61
2004-07-21T23:00:00,23,7,28.9000,39.1000,3.055159,56.334569,53
2004-07-22T00:00:00,0,7,27.8000,43.3000,2.094966,50.488529,47
2004-07-22T01:00:00,1,7,26.9000,46.1000,1.396644,37.202074,35
2004-07-22T02:00:00,2,7,26.4000,47.1000,1.134773,35.607699,33
2004-07-22T04:00:00,4,7,23.8000,55.4000,0.872903,37.202074,35
2004-07-22T05:00:00,5,7,24.9000,50.6000,0.698322,26.572910,25
2004-07-22T06:00:00,6,7,25.0000,49.2000,0.960193,31.887492,29
2004-07-22T07:00:00,7,7,24.7000,50.9000,3.840771,67.495191,65
2004-07-22T10:00:00,10,7,34.0000,29.9000,2.880578,100.977057,100
2004-07-22T11:00:00,11,7,37.3000,22.9000,1.833095,67.495191,65
2004-07-22T12:00:00,12,7,40.1000,19.0000,1.833095,69.089565,67
2004-07-22T13:00:00,13,7,42.0000,15.8000,1.745805,66.432274,64
2004-07-22T14:00:00,14,7,42.8000,14.3000,1.309354,60.054776,57
2004-07-22T15:00:00,15,7,44.3000,13.0000,1.833095,75.998522,73
2004-07-22T16:00:00,16,7,44.6000,12.6000,2.007676,83.438937,82
2004-07-22T17:00:00,17,7,43.4000,14.8000,2.444127,90.347893,89
2004-07-22T18:00:00,18,7,40.6000,18.2000,3.142449,99.382683,99
2004-07-22T19:00:00,19,7,37.1000,21.3000,3.491610,96.193933,96
2004-07-22T20:00:00,20,7,34.5000,25.5000,3.229739,83.970395,82
2004-07-22T21:00:00,21,7,32.2000,30.4000,2.182256,59.523318,56
2004-07-22T22:00:00,22,7,30.4000,35.4000,2.007676,53.145820,50
2004-07-22T23:00:00,23,7,29.4000,38.7000,2.182256,55.803110,52
2004-07-23T00:00:00,0,7,28.6000,38.7000,2.356837,56.866027,53
2004-07-23T01:00:00,1,7,27.7000,40.5000,1.134773,38.264990,36
2004-07-23T02:00:00,2,7,28.0000,39.8000,0.698322,31.356034,29
2004-07-23T04:00:00,4,7,25.6000,45.8000,0.436451,29.230201,27
2004-07-23T05:00:00,5,7,23.6000,51.5000,0.698322,37.202074,35
2004-07-23T06:00:00,6,7,25.1000,46.5000,0.872903,31.356034,29
2004-07-23T07:00:00,7,7,24.5000,48.3000,2.531417,50.488529,47
2004-07-23T08:00:00,8,7,26.6000,42.8000,3.317030,63.774983,61
2004-07-23T09:00:00,9,7,29.0000,37.6000,3.055159,70.683940,68
2004-07-23T10:00:00,10,7,34.2000,28.5000,2.094966,70.683940,68
2004-07-23T11:00:00,11,7,37.3000,22.9000,1.571225,63.774983,61
2004-07-23T12:00:00,12,7,40.1000,17.5000,1.833095,70.152482,68
2004-07-23T13:00:00,13,7,42.2000,14.6000,1.833095,71.746856,69
2004-07-23T14:00:00,14,7,41.9000,15.2000,1.309354,64.306442,62
2004-07-23T15:00:00,15,7,43.1000,13.8000,1.309354,65.369358,63
2004-07-23T16:00:00,16,7,42.8000,13.8000,1.571225,68.558107,66
2004-07-23T17:00:00,17,7,41.1000,16.5000,1.833095,68.558107,66
2004-07-23T18:00:00,18,7,38.7000,20.3000,2.618708,82.907478,81
2004-07-23T19:00:00,19,7,35.8000,24.1000,2.444127,69.621024,67
2004-07-23T20:00:00,20,7,33.1000,28.3000,2.182256,61.117692,58
2004-07-23T21:00:00,21,7,30.1000,33.9000,1.222064,41.985197,39
2004-07-23T22:00:00,22,7,29.0000,36.6000,1.483934,45.705405,42
2004-07-23T23:00:00,23,7,28.5000,38.4000,1.571225,48.362696,45
2004-07-24T00:00:00,0,7,27.8000,39.9000,2.094966,52.614361,49
2004-07-24T01:00:00,1,7,27.0000,42.8000,1.658515,44.111030,42
2004-07-24T02:00:00,2,7,26.4000,44.5000,1.222064,39.327906,37
2004-07-24T04:00:00,4,7,25.1000,48.5000,0.611032,34.013324,32
2004-07-24T05:00:00,5,7,24.6000,52.2000,0.698322,32.418950,30
2004-07-24T06:00:00,6,7,24.4000,50.5000,0.611032,32.950408,30
2004-07-24T07:00:00,7,7,25.2000,49.1000,0.872903,34.544783,32
2004-07-24T08:00:00,8,7,26.6000,50.8000,1.483934,41.985197,39
2004-07-24T09:00:00,9,7,28.0000,46.9000,1.658515,47.831238,44
2004-07-24T10:00:00,10,7,32.7000,34.5000,2.007676,61.649151,58
2004-07-24T11:00:00,11,7,36.6000,26.5000,1.483934,47.299779,44
2004-07-24T12:00:00,12,7,37.8000,26.3000,1.134773,36.139157,34
2004-07-24T13:00:00,13,7,38.3000,27.1000,1.047483,28.167284,26
2004-07-24T14:00:00,14,7,35.4000,32.4000,0.698322,18.069579,17
2004-07-24T15:00:00,15,7,37.3000,28.8000,0.785612,20.195411,19
2004-07-24T16:00:00,16,7,36.6000,28.2000,0.960193,28.167284,26
2004-07-24T17:00:00,17,7,35.1000,29.6000,1.047483,32.950408,30
2004-07-24T18:00:00,18,7,32.3000,33.4000,1.134773,43.579572,41
2004-07-24T19:00:00,19,7,29.9000,37.9000,1.222064,46.768321,43
2004-07-24T20:00:00,20,7,28.2000,41.9000,1.047483,37.202074,35
2004-07-24T21:00:00,21,7,27.2000,45.9000,0.785612,28.167284,26
2004-07-24T22:00:00,22,7,27.3000,45.7000,0.960193,30.293117,28
2004-07-24T23:00:00,23,7,27.0000,47.1000,1.309354,38.796448,36
2004-07-25T00:00:00,0,7,23.7000,69.3000,1.483934,44.111030,42
2004-07-25T01:00:00,1,7,23.8000,63.5000,0.785612,27.635826,25
2004-07-25T02:00:00,2,7,24.7000,56.9000,0.611032,27.635826,25
2004-07-25T05:00:00,5,7,22.5000,69.1000,0.261871,9.034789,8
2004-07-25T06:00:00,6,7,23.4000,64.4000,0.349161,14.880829,13
2004-07-25T07:00:00,7,7,24.4000,57.9000,0.349161,15.412288,14
2004-07-25T08:00:00,8,7,24.5000,56.9000,0.436451,19.663953,18
2004-07-25T09:00:00,9,7,24.9000,54.8000,0.436451,16.475204,15
2004-07-25T10:00:00,10,7,27.0000,47.4000,0.611032,24.447077,23
2004-07-25T11:00:00,11,7,27.6000,43.7000,0.785612,35.076241,33
2004-07-25T12:00:00,12,7,28.2000,42.6000,0.698322,28.698743,26
2004-07-25T13:00:00,13,7,29.1000,40.8000,0.698322,26.572910,25
2004-07-25T14:00:00,14,7,29.8000,38.6000,0.611032,23.384161,22
2004-07-25T15:00:00,15,7,31.5000,34.5000,0.698322,27.635826,25
2004-07-25T16:00:00,16,7,31.2000,36.3000,0.611032,19.663953,18
2004-07-25T17:00:00,17,7,30.0000,41.3000,0.698322,27.104368,25
2004-07-25T18:00:00,18,7,27.6000,47.5000,1.047483,41.453739,39
2004-07-25T19:00:00,19,7,28.8000,41.3000,1.396644,47.831238,44
2004-07-25T20:00:00,20,7,28.5000,41.6000,1.396644,58.460401,55
2004-07-25T21:00:00,21,7,27.7000,43.4000,1.309354,45.705405,42
2004-07-25T22:00:00,22,7,27.3000,44.1000,1.309354,46.768321,43
2004-07-25T23:00:00,23,7,26.9000,45.5000,1.309354,48.362696,45
2004-07-26T00:00:00,0,7,26.6000,47.2000,1.309354,49.425612,46
2004-07-26T01:00:00,1,7,26.0000,48.0000,1.047483,36.139157,34
2004-07-26T02:00:00,2,7,26.2000,45.7000,0.698322,25.509993,24
2004-07-31T05:00:00,5,7,23.7000,54.6000,0.698322,26.041452,25
2004-07-31T06:00:00,6,7,22.6000,58.8000,1.047483,37.733532,35
2004-07-31T07:00:00,7,7,24.0000,53.4000,0.872903,37.733532,35
2004-07-31T08:00:00,8,7,25.2000,51.0000,1.309354,45.705405,42
2004-07-31T09:00:00,9,7,27.3000,47.1000,2.444127,66.432274,64
2004-07-31T10:00:00,10,7,32.8000,33.4000,2.967869,85.033311,84
2004-07-31T11:00:00,11,7,36.0000,28.0000,2.880578,92.473726,91
2004-07-31T12:00:00,12,7,38.5000,23.8000,2.531417,77.592897,76
2004-07-31T13:00:00,13,7,39.8000,20.5000,1.920386,67.495191,65
2004-07-31T14:00:00,14,7,38.1000,22.0000,1.396644,60.586234,57
2004-07-31T15:00:00,15,7,40.0000,20.0000,0.785612,34.544783,32
2004-07-31T16:00:00,16,7,40.4000,19.8000,0.960193,40.922281,38
2004-07-31T17:00:00,17,7,39.1000,20.7000,0.872903,36.139157,34
2004-07-31T18:00:00,18,7,37.3000,24.3000,1.134773,48.894154,45
2004-07-31T19:00:00,19,7,34.0000,30.9000,1.396644,55.271652,52
2004-07-31T20:00:00,20,7,31.8000,34.5000,1.571225,60.586234,57
2004-07-31T21:00:00,21,7,30.1000,37.7000,1.920386,55.803110,52
2004-07-31T22:00:00,22,7,28.6000,42.3000,1.571225,45.173947,42
2004-07-31T23:00:00,23,7,27.7000,44.6000,2.007676,48.894154,45
2004-08-01T00:00:00,0,8,26.6000,47.5000,1.745805,43.579572,41
2004-08-01T01:00:00,1,8,25.7000,50.7000,1.571225,37.202074,35
2004-08-01T02:00:00,2,8,25.1000,53.9000,0.785612,21.258328,20
2004-08-01T04:00:00,4,8,23.5000,63.6000,0.523742,13.817913,12
2004-08-01T05:00:00,5,8,24.3000,59.4000,0.349161,11.160622,10
2004-08-01T06:00:00,6,8,23.3000,62.0000,0.349161,15.943746,14
2004-08-01T07:00:00,7,8,24.1000,63.1000,0.349161,11.160622,10
2004-08-01T08:00:00,8,8,25.0000,60.7000,0.698322,18.601037,17
2004-08-01T09:00:00,9,8,27.3000,52.4000,0.698322,19.132495,18
2004-08-01T10:00:00,10,8,32.4000,37.3000,0.785612,25.509993,24
2004-08-01T11:00:00,11,8,35.4000,31.3000,0.611032,20.726870,19
2004-08-01T12:00:00,12,8,37.4000,28.2000,0.523742,18.069579,17
2004-08-01T13:00:00,13,8,39.2000,20.2000,0.436451,17.538120,16
2004-08-01T14:00:00,14,8,38.1000,18.5000,0.523742,22.321244,21
2004-08-01T15:00:00,15,8,40.2000,17.7000,0.611032,45.173947,42
2004-08-01T16:00:00,16,8,39.7000,19.1000,0.785612,48.894154,45
2004-08-01T17:00:00,17,8,38.5000,19.8000,0.785612,44.642488,42
2004-08-01T18:00:00,18,8,36.6000,24.6000,1.047483,53.145820,50
2004-08-01T19:00:00,19,8,33.1000,32.7000,1.222064,50.488529,47
2004-08-01T20:00:00,20,8,30.7000,38.7000,1.309354,40.922281,38
2004-08-01T21:00:00,21,8,29.5000,42.7000,1.483934,45.173947,42
2004-08-01T22:00:00,22,8,27.8000,52.6000,1.483934,44.111030,42
2004-08-01T23:00:00,23,8,27.4000,55.5000,1.483934,46.768321,43
2004-08-02T00:00:00,0,8,27.3000,57.1000,1.658515,36.139157,34
2004-08-02T01:00:00,1,8,26.7000,60.1000,1.047483,51.551445,48
2004-08-02T02:00:00,2,8,26.2000,61.6000,0.611032,27.104368,25
2004-08-02T04:00:00,4,8,25.5000,61.8000,0.174581,2.657291,2
2004-08-02T05:00:00,5,8,25.1000,62.4000,0.349161,18.601037,17
2004-08-02T06:00:00,6,8,24.6000,62.7000,0.698322,29.761659,27
2004-08-02T07:00:00,7,8,25.7000,58.9000,1.658515,58.460401,55
2004-08-02T09:00:00,9,8,28.4000,50.7000,1.658515,65.900816,63
2004-08-02T10:00:00,10,8,32.7000,36.9000,1.658515,61.117692,58
2004-08-02T11:00:00,11,8,34.0000,32.7000,1.658515,63.243525,61
2004-08-02T12:00:00,12,8,35.6000,29.2000,1.483934,56.866027,53
2004-08-02T13:00:00,13,8,37.1000,25.6000,1.222064,52.614361,49
2004-08-02T14:00:00,14,8,36.1000,26.4000,1.047483,50.488529,47
2004-08-02T15:00:00,15,8,37.9000,23.8000,1.222064,55.803110,52
2004-08-02T16:00:00,16,8,38.0000,22.2000,1.222064,62.180609,60
2004-08-02T17:00:00,17,8,36.9000,22.7000,1.658515,83.438937,82
2004-08-02T18:00:00,18,8,35.5000,25.7000,1.920386,91.942268,90
2004-08-02T19:00:00,19,8,32.8000,32.2000,1.658515,73.872689,71
2004-08-02T20:00:00,20,8,30.5000,38.2000,1.483934,61.649151,58
2004-08-02T21:00:00,21,8,28.8000,43.5000,1.047483,48.362696,45
2004-08-02T22:00:00,22,8,28.0000,46.2000,0.261871,52.082903,49
2004-08-02T23:00:00,23,8,27.1000,49.4000,0.087290,49.425612,46
2004-08-03T00:00:00,0,8,26.4000,52.2000,0.087290,39.327906,37
2004-08-06T05:00:00,5,8,21.4000,75.5000,0.611032,30.293117,28
2004-08-06T06:00:00,6,8,21.9000,74.9000,1.047483,29.761659,27
2004-08-06T07:00:00,7,8,22.0000,75.9000,2.007676,38.264990,36
2004-08-06T08:00:00,8,8,22.5000,74.9000,2.618708,44.642488,42
2004-08-06T09:00:00,9,8,24.5000,66.2000,2.531417,51.551445,48
2004-08-06T10:00:00,10,8,25.6000,61.2000,2.269547,56.866027,53
2004-08-06T11:00:00,11,8,29.3000,48.4000,2.269547,62.180609,60
2004-08-06T12:00:00,12,8,33.5000,36.0000,2.269547,63.774983,61
2004-08-06T13:00:00,13,8,35.6000,29.8000,1.833095,58.460401,55
2004-08-06T14:00:00,14,8,33.7000,33.4000,1.483934,55.271652,52
2004-08-06T15:00:00,15,8,34.1000,33.3000,1.658515,58.460401,55
2004-08-06T16:00:00,16,8,31.5000,43.5000,2.182256,58.991860,55
2004-08-06T17:00:00,17,8,32.5000,40.6000,0.960193,34.013324,32
2004-08-06T18:00:00,18,8,29.8000,45.2000,1.833095,48.894154,45
2004-08-06T19:00:00,19,8,27.7000,49.9000,2.269547,60.586234,57
2004-08-06T20:00:00,20,8,26.4000,54.6000,2.269547,61.649151,58
2004-08-06T21:00:00,21,8,25.5000,58.0000,1.483934,49.957070,46
2004-08-06T22:00:00,22,8,25.1000,59.9000,1.309354,40.922281,38
2004-08-06T23:00:00,23,8,24.1000,63.5000,1.571225,39.327906,37
2004-08-07T00:00:00,0,8,23.8000,65.0000,1.222064,32.950408,30
2004-08-07T01:00:00,1,8,23.4000,64.9000,1.047483,30.293117,28
2004-08-07T02:00:00,2,8,24.4000,58.6000,0.611032,23.915619,22
2004-08-07T04:00:00,4,8,21.9000,67.1000,0.611032,26.041452,25
2004-08-07T05:00:00,5,8,23.6000,61.2000,0.436451,23.915619,22
2004-08-07T06:00:00,6,8,22.6000,63.4000,0.523742,23.384161,22
2004-08-07T07:00:00,7,8,22.9000,62.6000,0.785612,22.852702,21
2004-08-07T08:00:00,8,8,23.3000,61.8000,1.047483,27.104368,25
2004-08-07T09:00:00,9,8,25.4000,56.2000,1.745805,44.642488,42
2004-08-07T10:00:00,10,8,30.6000,41.9000,1.658515,51.019987,48
2004-08-07T11:00:00,11,8,33.5000,34.0000,1.483934,46.768321,43
2004-08-07T12:00:00,12,8,35.5000,29.8000,1.047483,35.607699,33
2004-08-07T13:00:00,13,8,37.5000,24.7000,0.960193,34.013324,32
2004-08-07T14:00:00,14,8,35.1000,25.2000,0.872903,28.698743,26
2004-08-07T15:00:00,15,8,38.1000,21.1000,0.872903,29.761659,27
2004-08-07T16:00:00,16,8,38.5000,21.8000,0.872903,36.139157,34
2004-08-07T17:00:00,17,8,36.8000,29.5000,1.047483,35.607699,33
2004-08-07T18:00:00,18,8,34.9000,33.4000,1.396644,50.488529,47
2004-08-07T19:00:00,19,8,32.2000,37.4000,1.396644,45.705405,42
2004-08-07T20:00:00,20,8,29.7000,41.7000,1.396644,49.425612,46
2004-08-07T21:00:00,21,8,27.7000,47.4000,1.134773,36.139157,34
2004-08-07T22:00:00,22,8,27.3000,49.4000,1.658515,50.488529,47
2004-08-07T23:00:00,23,8,26.3000,51.3000,1.658515,49.425612,46
2004-08-08T00:00:00,0,8,25.7000,54.1000,1.309354,36.670615,34
2004-08-08T01:00:00,1,8,25.4000,55.1000,0.960193,29.230201,27
2004-08-08T02:00:00,2,8,24.9000,57.3000,0.698322,20.726870,19
2004-08-08T04:00:00,4,8,23.9000,61.2000,0.523742,17.538120,16
2004-08-08T05:00:00,5,8,23.8000,61.3000,0.523742,15.412288,14
2004-08-08T06:00:00,6,8,23.4000,61.7000,0.611032,19.132495,18
2004-08-08T07:00:00,7,8,24.3000,58.4000,0.523742,20.195411,19
2004-08-08T08:00:00,8,8,25.1000,56.6000,0.872903,24.978535,23
2004-08-08T09:00:00,9,8,27.3000,51.3000,1.047483,34.013324,32
2004-08-08T10:00:00,10,8,29.5000,45.9000,0.872903,26.041452,25
2004-08-08T11:00:00,11,8,27.6000,52.4000,1.134773,34.013324,32
2004-08-08T12:00:00,12,8,25.4000,68.0000,1.222064,41.985197,39
2004-08-08T13:00:00,13,8,32.2000,40.3000,0.698322,23.915619,22
2004-08-08T14:00:00,14,8,31.6000,38.9000,0.523742,15.943746,14
2004-08-08T15:00:00,15,8,33.0000,37.3000,0.611032,18.601037,17
2004-08-08T16:00:00,16,8,35.1000,32.1000,0.698322,19.663953,18
2004-08-08T17:00:00,17,8,35.0000,31.1000,0.785612,24.447077,23
2004-08-08T18:00:00,18,8,33.8000,32.1000,0.872903,28.698743,26
2004-08-08T19:00:00,19,8,31.1000,38.8000,1.309354,41.985197,39
2004-08-08T20:00:00,20,8,29.0000,46.1000,1.309354,41.985197,39
2004-08-08T21:00:00,21,8,28.1000,50.6000,1.483934,52.082903,49
2004-08-08T22:00:00,22,8,27.1000,54.7000,1.658515,49.425612,46
2004-08-08T23:00:00,23,8,26.6000,56.4000,1.483934,47.299779,44
2004-08-09T00:00:00,0,8,25.8000,60.4000,1.047483,30.293117,28
2004-08-09T01:00:00,1,8,25.5000,61.6000,0.960193,27.104368,25
2004-08-09T02:00:00,2,8,24.9000,63.5000,0.698322,20.726870,19
2004-08-09T05:00:00,5,8,23.2000,68.0000,0.611032,24.447077,23
2004-08-09T06:00:00,6,8,23.2000,67.5000,1.047483,29.230201,27
2004-08-09T07:00:00,7,8,24.3000,63.3000,2.007676,33.481866,31
2004-08-09T08:00:00,8,8,25.5000,59.7000,2.182256,22.321244,24
2004-08-09T09:00:00,9,8,27.7000,52.5000,2.094966,2.657291,23
2004-08-09T10:00:00,10,8,31.8000,38.9000,1.222064,20.726870,19
2004-08-09T11:00:00,11,8,32.7000,34.1000,1.047483,20.726870,19
2004-08-09T12:00:00,12,8,34.3000,31.5000,1.396644,37.733532,35
2004-08-09T13:00:00,13,8,34.2000,31.5000,1.222064,34.544783,32
2004-08-09T14:00:00,14,8,33.9000,32.3000,1.047483,37.733532,35
2004-08-09T15:00:00,15,8,34.4000,31.9000,1.309354,38.264990,36
2004-08-09T20:00:00,20,8,29.8000,41.7000,1.658515,50.488529,47
2004-08-09T21:00:00,21,8,28.8000,45.9000,1.396644,39.327906,37
2004-08-09T22:00:00,22,8,28.2000,51.1000,1.309354,40.390823,38
2004-08-09T23:00:00,23,8,27.5000,54.4000,1.222064,35.076241,33
2004-08-10T00:00:00,0,8,27.4000,55.0000,0.872903,26.041452,25
2004-08-10T01:00:00,1,8,28.1000,51.6000,0.611032,15.412288,14
2004-08-10T02:00:00,2,8,26.3000,56.5000,0.436451,5.846040,5
2004-08-10T04:00:00,4,8,24.4000,63.6000,0.436451,13.286455,12
2004-08-10T05:00:00,5,8,23.5000,67.4000,0.611032,18.069579,17
2004-08-10T06:00:00,6,8,23.4000,65.7000,1.047483,22.321244,21
2004-08-10T07:00:00,7,8,24.5000,61.3000,1.920386,24.978535,23
2004-08-10T08:00:00,8,8,26.0000,55.8000,2.531417,32.950408,30
2004-08-10T09:00:00,9,8,28.5000,48.5000,2.269547,43.048114,41
2004-08-10T10:00:00,10,8,33.6000,35.7000,2.269547,47.831238,44
2004-08-10T11:00:00,11,8,36.5000,28.9000,1.920386,50.488529,47
2004-08-10T12:00:00,12,8,39.0000,23.7000,1.309354,45.705405,42
2004-08-10T13:00:00,13,8,38.8000,23.7000,0.785612,34.013324,32
2004-08-10T14:00:00,14,8,38.0000,24.0000,0.872903,32.950408,30
2004-08-10T15:00:00,15,8,40.5000,23.3000,0.960193,39.859365,37
2004-08-10T16:00:00,16,8,39.8000,25.4000,1.047483,46.768321,43
2004-08-10T17:00:00,17,8,39.6000,23.3000,1.571225,66.963733,64
2004-08-10T18:00:00,18,8,38.8000,24.7000,1.571225,51.019987,48
2004-08-10T19:00:00,19,8,34.7000,35.9000,1.483934,41.985197,39
2004-08-10T20:00:00,20,8,32.3000,43.6000,1.483934,35.607699,33
2004-08-10T21:00:00,21,8,30.7000,48.1000,1.396644,32.950408,30
2004-08-10T22:00:00,22,8,29.5000,50.6000,1.483934,34.013324,32
2004-08-10T23:00:00,23,8,28.8000,52.0000,1.571225,33.481866,31
2004-08-11T00:00:00,0,8,28.2000,55.0000,1.309354,31.887492,29
2004-08-11T01:00:00,1,8,27.2000,59.1000,1.047483,26.041452,25
2004-08-11T02:00:00,2,8,26.7000,60.7000,0.698322,19.132495,18
2004-08-11T04:00:00,4,8,26.4000,61.6000,0.436451,12.754997,11
2004-08-11T05:00:00,5,8,25.9000,63.6000,0.611032,17.006662,16
2004-08-11T06:00:00,6,8,26.1000,63.7000,0.960193,22.321244,21
2004-08-11T07:00:00,7,8,26.8000,60.5000,1.222064,22.321244,21
2004-08-11T08:00:00,8,8,27.9000,56.5000,1.483934,27.104368,25
2004-08-11T09:00:00,9,8,29.8000,51.1000,1.571225,30.824575,28
2004-08-11T10:00:00,10,8,33.6000,41.0000,1.571225,35.607699,33
2004-08-11T11:00:00,11,8,35.1000,38.1000,1.483934,36.139157,34
2004-08-11T12:00:00,12,8,36.2000,34.9000,1.134773,29.761659,27
2004-08-11T13:00:00,13,8,38.0000,30.7000,1.134773,24.978535,23
2004-08-11T14:00:00,14,8,36.6000,30.8000,0.872903,24.447077,23
2004-08-11T15:00:00,15,8,38.8000,25.4000,0.872903,26.572910,25
2004-08-11T16:00:00,16,8,38.7000,25.8000,1.222064,34.544783,32
2004-08-11T17:00:00,17,8,37.4000,29.9000,1.396644,36.670615,34
2004-08-11T18:00:00,18,8,36.2000,31.1000,1.222064,33.481866,31
2004-08-11T19:00:00,19,8,33.8000,34.5000,1.483934,36.670615,34
2004-08-11T20:00:00,20,8,31.4000,40.7000,1.222064,30.293117,28
2004-08-11T21:00:00,21,8,30.8000,45.0000,1.309354,31.356034,29
2004-08-11T22:00:00,22,8,29.4000,50.0000,1.222064,28.698743,26
2004-08-11T23:00:00,23,8,28.1000,54.1000,1.309354,30.293117,28
2004-08-12T00:00:00,0,8,27.3000,57.8000,1.396644,24.447077,23
2004-08-12T01:00:00,1,8,26.7000,60.6000,1.047483,34.544783,32
2004-08-12T02:00:00,2,8,25.9000,64.5000,0.785612,32.950408,30
2004-08-12T05:00:00,5,8,25.8000,64.6000,0.611032,19.663953,18
2004-08-12T06:00:00,6,8,26.5000,60.6000,0.611032,21.789786,20
2004-08-12T07:00:00,7,8,26.4000,61.7000,1.483934,31.887492,29
2004-08-12T08:00:00,8,8,27.5000,60.1000,1.920386,34.544783,32
2004-08-12T09:00:00,9,8,29.4000,53.1000,1.658515,37.733532,35
2004-08-12T10:00:00,10,8,33.4000,39.9000,1.309354,32.418950,30
2004-08-12T11:00:00,11,8,33.2000,39.2000,1.396644,34.544783,32
2004-08-12T12:00:00,12,8,34.5000,35.1000,1.134773,28.698743,26
2004-08-12T13:00:00,13,8,37.1000,30.5000,0.960193,30.824575,28
2004-08-12T14:00:00,14,8,35.9000,32.1000,0.872903,29.761659,27
2004-08-12T15:00:00,15,8,37.3000,28.0000,0.872903,31.887492,29
2004-08-12T16:00:00,16,8,38.1000,26.3000,0.960193,36.670615,34
2004-08-12T17:00:00,17,8,37.1000,27.2000,1.134773,35.607699,33
2004-08-12T18:00:00,18,8,35.2000,31.2000,1.309354,41.985197,39
2004-08-12T19:00:00,19,8,32.1000,38.7000,1.396644,45.705405,42
2004-08-12T20:00:00,20,8,30.3000,45.1000,1.309354,41.985197,39
2004-08-12T21:00:00,21,8,29.3000,50.2000,1.134773,35.607699,33
2004-08-12T22:00:00,22,8,28.6000,53.7000,1.047483,34.544783,32
2004-08-12T23:00:00,23,8,27.8000,57.4000,1.396644,35.607699,33
2004-08-13T00:00:00,0,8,27.4000,59.4000,1.222064,32.950408,30
2004-08-13T01:00:00,1,8,27.2000,59.3000,0.960193,25.509993,24
2004-08-13T02:00:00,2,8,26.7000,61.0000,0.611032,17.538120,16
2004-08-13T04:00:00,4,8,25.4000,63.1000,0.436451,5.846040,5
2004-08-13T05:00:00,5,8,26.1000,60.3000,0.436451,18.069579,17
2004-08-13T06:00:00,6,8,25.2000,67.1000,0.698322,27.635826,25
2004-08-13T07:00:00,7,8,26.0000,61.9000,1.396644,42.516656,40
2004-08-13T08:00:00,8,8,27.0000,57.5000,1.396644,45.705405,42
2004-08-13T09:00:00,9,8,30.5000,44.4000,1.222064,40.922281,38
2004-08-13T10:00:00,10,8,33.4000,35.1000,1.309354,49.425612,46
2004-08-13T11:00:00,11,8,35.7000,29.0000,1.047483,57.928943,54
2004-08-13T12:00:00,12,8,35.8000,27.7000,0.960193,47.299779,44
2004-08-13T13:00:00,13,8,36.3000,27.4000,0.698322,37.733532,35
2004-08-13T14:00:00,14,8,33.6000,28.8000,0.611032,29.761659,27
2004-08-13T15:00:00,15,8,35.2000,20.5000,0.611032,36.139157,34
2004-08-13T16:00:00,16,8,35.0000,22.4000,0.611032,32.418950,30
2004-08-13T17:00:00,17,8,34.0000,25.2000,0.872903,37.202074,35
2004-08-13T18:00:00,18,8,32.0000,28.2000,0.872903,40.390823,38
2004-08-13T19:00:00,19,8,29.4000,34.4000,1.047483,41.453739,39
2004-08-13T20:00:00,20,8,28.1000,41.1000,0.960193,42.516656,40
2004-08-13T21:00:00,21,8,26.9000,47.5000,0.872903,37.733532,35
2004-08-13T22:00:00,22,8,26.6000,50.4000,1.047483,39.327906,37
2004-08-13T23:00:00,23,8,25.9000,52.9000,1.222064,47.831238,44
2004-08-14T00:00:00,0,8,25.4000,54.6000,1.134773,41.453739,39
2004-08-14T01:00:00,1,8,25.1000,55.7000,0.872903,33.481866,31
2004-08-14T02:00:00,2,8,25.1000,55.3000,0.523742,22.321244,21
2004-08-14T04:00:00,4,8,25.2000,55.0000,0.349161,14.349371,13
2004-08-14T05:00:00,5,8,25.6000,53.5000,0.349161,15.412288,14
2004-08-14T06:00:00,6,8,24.7000,55.9000,0.436451,21.789786,20
2004-08-14T07:00:00,7,8,24.0000,57.2000,0.960193,32.418950,30
2004-08-14T08:00:00,8,8,25.0000,53.2000,1.047483,36.139157,34
2004-08-14T09:00:00,9,8,28.0000,43.4000,0.785612,30.824575,28
2004-08-14T10:00:00,10,8,31.6000,35.5000,0.785612,27.635826,25
2004-08-14T11:00:00,11,8,35.0000,29.0000,0.872903,30.293117,28
2004-08-14T12:00:00,12,8,35.3000,27.6000,0.698322,27.104368,25
2004-08-14T13:00:00,13,8,36.2000,24.1000,0.698322,28.167284,26
2004-08-14T14:00:00,14,8,34.8000,24.5000,0.611032,26.041452,25
2004-08-14T15:00:00,15,8,38.2000,19.6000,0.611032,23.384161,22
2004-08-14T16:00:00,16,8,38.9000,20.3000,0.611032,25.509993,24
2004-08-14T17:00:00,17,8,36.9000,27.1000,0.611032,24.447077,23
2004-08-14T18:00:00,18,8,35.2000,32.1000,0.785612,29.761659,27
2004-08-14T19:00:00,19,8,32.0000,38.2000,1.047483,38.796448,36
2004-08-14T20:00:00,20,8,29.8000,41.8000,1.222064,45.173947,42
2004-08-14T21:00:00,21,8,28.2000,45.9000,1.047483,38.264990,36
2004-08-14T22:00:00,22,8,27.1000,48.2000,0.872903,28.167284,26
2004-08-14T23:00:00,23,8,26.7000,49.5000,0.785612,24.978535,23
2004-08-15T00:00:00,0,8,26.1000,50.8000,0.611032,19.663953,18
2004-08-15T01:00:00,1,8,25.7000,52.5000,0.436451,18.069579,17
2004-08-15T02:00:00,2,8,24.8000,55.4000,0.436451,17.538120,16
2004-08-15T05:00:00,5,8,22.5000,61.8000,0.349161,14.349371,13
2004-08-15T06:00:00,6,8,22.7000,59.2000,0.349161,14.349371,13
2004-08-15T07:00:00,7,8,23.0000,58.4000,0.436451,14.880829,13
2004-08-15T08:00:00,8,8,23.9000,56.3000,0.611032,19.132495,18
2004-08-15T09:00:00,9,8,26.3000,50.1000,0.960193,31.356034,29
2004-08-15T10:00:00,10,8,32.1000,34.0000,0.872903,29.761659,27
2004-08-15T11:00:00,11,8,35.8000,25.7000,1.047483,37.202074,35
2004-08-15T12:00:00,12,8,38.3000,19.8000,0.960193,19.132495,18
2004-08-15T13:00:00,13,8,37.3000,20.5000,0.523742,9.034789,8
2004-08-15T14:00:00,14,8,36.3000,18.4000,0.349161,7.440415,7
2004-08-15T15:00:00,15,8,36.8000,16.9000,0.349161,12.754997,11
2004-08-15T16:00:00,16,8,37.9000,15.9000,0.436451,19.132495,18
2004-08-15T17:00:00,17,8,36.7000,17.1000,0.523742,22.852702,21
2004-08-15T18:00:00,18,8,33.8000,21.9000,0.698322,31.887492,29
2004-08-15T19:00:00,19,8,32.6000,24.6000,0.872903,43.048114,41
2004-08-15T20:00:00,20,8,30.6000,28.4000,0.960193,46.236863,43
2004-08-15T21:00:00,21,8,29.4000,30.5000,0.960193,45.173947,42
2004-08-15T22:00:00,22,8,28.4000,34.4000,1.396644,48.362696,45
2004-08-15T23:00:00,23,8,28.3000,34.1000,0.785612,29.230201,27
2004-08-16T00:00:00,0,8,27.8000,35.2000,0.611032,22.321244,21
2004-08-16T01:00:00,1,8,25.3000,39.7000,0.611032,22.852702,21
2004-08-16T02:00:00,2,8,24.5000,41.5000,0.436451,10.629164,9
2004-08-16T04:00:00,4,8,23.3000,41.9000,0.261871,12.223538,11
2004-08-16T05:00:00,5,8,21.5000,45.6000,0.349161,22.852702,21
2004-08-16T06:00:00,6,8,21.3000,47.0000,0.785612,36.139157,34
2004-08-16T07:00:00,7,8,22.2000,45.0000,1.134773,32.950408,30
2004-08-16T08:00:00,8,8,23.6000,40.8000,1.396644,34.544783,32
2004-08-16T09:00:00,9,8,27.1000,32.4000,1.833095,49.425612,46
2004-08-16T10:00:00,10,8,33.4000,20.1000,1.745805,58.460401,55
2004-08-16T11:00:00,11,8,35.3000,17.0000,1.222064,56.334569,53
2004-08-16T12:00:00,12,8,37.4000,14.7000,1.222064,40.922281,38
2004-08-16T13:00:00,13,8,38.6000,14.6000,0.785612,31.887492,29
2004-08-16T14:00:00,14,8,35.8000,17.8000,0.698322,35.607699,33
2004-08-16T15:00:00,15,8,38.4000,16.4000,0.698322,30.293117,28
2004-08-16T16:00:00,16,8,39.7000,15.3000,0.872903,31.887492,29
2004-08-16T17:00:00,17,8,38.8000,15.8000,1.134773,36.670615,34
2004-08-16T18:00:00,18,8,35.2000,22.3000,1.134773,40.922281,38
2004-08-16T19:00:00,19,8,31.7000,28.2000,1.134773,40.922281,38
2004-08-16T20:00:00,20,8,30.4000,30.9000,1.396644,46.236863,43
2004-08-16T21:00:00,21,8,29.5000,32.1000,1.222064,46.768321,43
2004-08-16T22:00:00,22,8,28.0000,34.9000,1.134773,44.642488,42
2004-08-16T23:00:00,23,8,28.2000,36.6000,0.872903,34.544783,32
2004-08-17T00:00:00,0,8,26.5000,40.7000,0.785612,28.698743,26
2004-08-17T01:00:00,1,8,28.3000,36.7000,0.523742,19.663953,18
2004-08-17T02:00:00,2,8,25.7000,43.8000,0.436451,19.132495,18
2004-08-17T04:00:00,4,8,24.3000,48.3000,0.349161,15.412288,14
2004-08-17T05:00:00,5,8,23.6000,49.2000,0.349161,13.286455,12
2004-08-17T06:00:00,6,8,22.2000,53.9000,0.872903,21.789786,20
2004-08-17T07:00:00,7,8,22.5000,52.3000,1.920386,36.139157,34
2004-08-17T08:00:00,8,8,24.3000,47.8000,2.182256,43.579572,41
2004-08-17T09:00:00,9,8,27.3000,40.7000,2.007676,72.809773,70
2004-08-17T10:00:00,10,8,33.3000,28.2000,1.745805,63.243525,61
2004-08-18T16:00:00,16,8,36.4000,27.1000,1.222064,37.733532,35
2004-08-18T17:00:00,17,8,36.8000,26.2000,1.483934,41.453739,39
2004-08-18T18:00:00,18,8,36.4000,26.8000,1.309354,38.264990,36
2004-08-18T19:00:00,19,8,33.3000,32.8000,1.483934,39.327906,37
2004-08-18T20:00:00,20,8,31.3000,39.5000,1.396644,37.202074,35
2004-08-18T21:00:00,21,8,29.9000,44.7000,1.222064,29.230201,27
2004-08-18T22:00:00,22,8,29.1000,48.4000,1.222064,28.698743,26
2004-08-18T23:00:00,23,8,28.0000,52.9000,1.222064,28.167284,26
2004-08-19T00:00:00,0,8,27.7000,53.0000,1.047483,24.447077,23
2004-08-19T01:00:00,1,8,27.7000,52.6000,0.785612,20.195411,19
2004-08-19T02:00:00,2,8,28.3000,49.5000,0.523742,15.943746,14
2004-08-19T04:00:00,4,8,27.7000,52.5000,0.436451,8.503331,8
2004-08-19T05:00:00,5,8,27.5000,53.0000,0.436451,6.377498,6
2004-08-19T06:00:00,6,8,27.1000,54.4000,0.698322,20.195411,19
2004-08-19T07:00:00,7,8,27.6000,52.1000,1.222064,29.761659,27
2004-08-19T08:00:00,8,8,29.0000,48.5000,1.047483,30.293117,28
2004-08-19T09:00:00,9,8,31.0000,42.9000,0.872903,20.726870,19
2004-08-19T10:00:00,10,8,32.5000,39.4000,1.047483,24.978535,23
2004-08-19T11:00:00,11,8,36.9000,30.9000,0.960193,18.601037,17
2004-08-19T12:00:00,12,8,36.2000,30.6000,1.047483,23.384161,22
2004-08-19T13:00:00,13,8,37.7000,27.7000,0.960193,22.852702,21
2004-08-19T14:00:00,14,8,37.1000,27.2000,0.872903,18.069579,17
2004-08-19T15:00:00,15,8,39.5000,24.3000,0.872903,19.132495,18
2004-08-19T16:00:00,16,8,39.9000,23.8000,1.047483,23.384161,22
2004-08-19T17:00:00,17,8,39.6000,24.3000,1.483934,33.481866,31
2004-08-19T18:00:00,18,8,37.2000,29.1000,1.483934,31.887492,29
2004-08-19T19:00:00,19,8,33.9000,37.1000,1.483934,35.076241,33
2004-08-19T20:00:00,20,8,31.6000,43.6000,1.483934,36.139157,34
2004-08-23T11:00:00,11,8,32.9000,24.9000,1.396644,44.111030,42
2004-08-23T12:00:00,12,8,34.4000,23.5000,1.134773,34.013324,32
2004-08-23T13:00:00,13,8,34.3000,22.5000,0.872903,26.572910,25
2004-08-23T14:00:00,14,8,33.4000,21.6000,0.785612,28.167284,26
2004-08-23T15:00:00,15,8,36.1000,18.4000,0.872903,30.293117,28
2004-08-23T16:00:00,16,8,37.3000,15.4000,0.960193,29.230201,27
2004-08-23T17:00:00,17,8,36.8000,16.2000,1.309354,37.202074,35
2004-08-23T18:00:00,18,8,34.9000,20.9000,1.309354,36.139157,34
2004-08-23T19:00:00,19,8,30.8000,26.5000,1.396644,38.796448,36
2004-08-23T20:00:00,20,8,28.9000,28.3000,1.483934,48.894154,45
2004-08-23T21:00:00,21,8,27.0000,30.7000,1.222064,42.516656,40
2004-08-23T22:00:00,22,8,26.6000,30.6000,1.047483,31.887492,29
2004-08-23T23:00:00,23,8,26.0000,33.1000,0.960193,26.041452,25
2004-08-24T00:00:00,0,8,24.1000,37.9000,0.960193,28.167284,26
2004-08-24T01:00:00,1,8,22.2000,43.1000,1.047483,26.572910,25
2004-08-24T02:00:00,2,8,22.8000,41.3000,0.611032,18.069579,17
2004-08-24T04:00:00,4,8,21.7000,42.6000,0.349161,11.160622,10
2004-08-24T05:00:00,5,8,20.2000,47.1000,0.611032,25.509993,24
2004-08-24T06:00:00,6,8,20.1000,47.8000,0.960193,37.733532,35
2004-08-24T07:00:00,7,8,20.6000,45.5000,1.396644,49.957070,46
2004-08-24T08:00:00,8,8,22.4000,41.1000,2.007676,62.712067,60
2004-08-24T09:00:00,9,8,25.0000,36.6000,1.396644,55.803110,52
2004-08-24T10:00:00,10,8,29.9000,26.2000,1.745805,64.837900,62
2004-08-24T11:00:00,11,8,32.9000,21.8000,1.396644,64.306442,62
2004-08-24T12:00:00,12,8,35.0000,17.9000,1.396644,61.117692,58
2004-08-24T13:00:00,13,8,34.6000,18.2000,1.134773,56.866027,53
2004-08-24T14:00:00,14,8,33.8000,22.8000,0.872903,45.705405,42
2004-08-24T15:00:00,15,8,36.3000,19.5000,1.396644,62.712067,60
2004-08-24T16:00:00,16,8,38.3000,17.9000,1.745805,68.558107,66
2004-08-24T17:00:00,17,8,36.9000,20.9000,1.483934,47.831238,44
2004-08-24T18:00:00,18,8,33.9000,30.0000,1.483934,46.236863,43
2004-08-24T19:00:00,19,8,29.8000,43.4000,1.222064,34.544783,32
2004-08-24T20:00:00,20,8,27.5000,50.4000,1.134773,32.418950,30
2004-08-24T21:00:00,21,8,27.5000,50.4000,1.134773,32.950408,30
2004-08-24T22:00:00,22,8,28.1000,48.0000,1.396644,45.173947,42
2004-08-24T23:00:00,23,8,26.9000,49.6000,1.571225,44.111030,42
2004-08-25T00:00:00,0,8,26.0000,48.0000,1.309354,44.642488,42
2004-08-25T01:00:00,1,8,24.9000,50.6000,1.134773,37.733532,35
2004-08-25T02:00:00,2,8,23.7000,53.2000,0.960193,32.950408,30
2004-08-25T04:00:00,4,8,22.9000,56.1000,0.523742,21.258328,20
2004-08-25T05:00:00,5,8,23.3000,55.5000,0.611032,26.572910,25
2004-08-25T06:00:00,6,8,23.6000,54.2000,0.960193,41.453739,39
2004-08-25T07:00:00,7,8,24.9000,52.9000,1.658515,47.299779,44
2004-08-25T08:00:00,8,8,26.4000,50.8000,3.055159,56.334569,53
2004-08-25T09:00:00,9,8,28.1000,47.4000,2.531417,56.866027,53
2004-08-25T10:00:00,10,8,30.2000,43.2000,1.920386,49.425612,46
2004-08-25T11:00:00,11,8,31.2000,41.9000,1.745805,50.488529,47
2004-08-25T12:00:00,12,8,33.9000,36.0000,1.483934,41.453739,39
2004-08-25T13:00:00,13,8,33.9000,34.1000,1.396644,40.390823,38
2004-08-25T14:00:00,14,8,34.4000,30.6000,1.134773,35.076241,33
2004-08-25T15:00:00,15,8,35.3000,28.5000,1.134773,37.733532,35
2004-08-25T16:00:00,16,8,36.3000,28.3000,1.134773,32.418950,30
2004-08-25T17:00:00,17,8,35.3000,29.4000,1.396644,38.796448,36
2004-08-25T18:00:00,18,8,32.5000,34.1000,1.134773,28.698743,26
2004-08-25T19:00:00,19,8,29.1000,42.1000,1.222064,28.167284,26
2004-08-25T20:00:00,20,8,27.8000,35.6000,1.222064,36.670615,34
2004-08-25T21:00:00,21,8,27.0000,30.0000,1.134773,40.922281,38
2004-08-25T22:00:00,22,8,26.3000,37.3000,1.222064,44.111030,42
2004-08-25T23:00:00,23,8,25.2000,40.8000,1.309354,49.957070,46
2004-08-26T00:00:00,0,8,24.3000,43.3000,1.309354,44.642488,42
2004-08-26T01:00:00,1,8,23.3000,45.3000,0.785612,29.230201,27
2004-08-26T02:00:00,2,8,24.1000,44.0000,0.523742,18.601037,17
2004-08-26T05:00:00,5,8,23.7000,46.7000,0.436451,23.915619,22
2004-08-28T04:00:00,4,8,20.0000,59.3000,0.523742,29.761659,27
2004-08-28T05:00:00,5,8,22.5000,48.6000,0.349161,17.538120,16
2004-08-28T06:00:00,6,8,19.5000,57.0000,0.436451,20.726870,19
2004-08-28T07:00:00,7,8,19.6000,56.1000,0.611032,22.852702,21
2004-08-28T08:00:00,8,8,20.7000,53.3000,1.047483,32.950408,30
2004-08-28T09:00:00,9,8,24.7000,41.8000,1.483934,43.048114,41
2004-08-28T10:00:00,10,8,29.9000,30.5000,1.571225,54.208736,51
2004-08-28T11:00:00,11,8,32.3000,27.2000,1.309354,45.705405,42
2004-08-28T12:00:00,12,8,34.3000,24.5000,1.047483,19.663953,18
2004-08-28T13:00:00,13,8,33.4000,22.5000,0.960193,34.013324,32
2004-08-31T15:00:00,15,8,33.8000,25.8000,1.658515,53.677278,50
2004-08-31T16:00:00,16,8,34.5000,28.6000,1.222064,37.733532,35
2004-08-31T17:00:00,17,8,32.7000,33.0000,1.745805,43.579572,41
2004-08-31T18:00:00,18,8,31.4000,35.4000,2.356837,55.271652,52
2004-08-31T19:00:00,19,8,27.7000,43.5000,2.444127,55.803110,52
2004-08-31T20:00:00,20,8,26.2000,47.8000,1.745805,46.236863,43
2004-08-31T21:00:00,21,8,25.7000,48.7000,1.833095,52.082903,49
2004-08-31T22:00:00,22,8,25.2000,50.1000,1.745805,55.803110,52
2004-08-31T23:00:00,23,8,24.4000,53.4000,1.571225,55.271652,52
2004-09-01T00:00:00,0,9,23.7000,55.4000,1.658515,51.019987,48
2004-09-01T01:00:00,1,9,22.8000,58.5000,1.134773,41.985197,39
2004-09-01T02:00:00,2,9,22.8000,58.5000,0.611032,32.418950,30
2004-09-01T04:00:00,4,9,20.8000,64.9000,0.436451,25.509993,24
2004-09-01T05:00:00,5,9,19.7000,66.8000,0.523742,33.481866,31
2004-09-01T06:00:00,6,9,19.8000,64.3000,1.134773,48.894154,45
2004-09-01T07:00:00,7,9,20.6000,62.3000,3.142449,52.614361,49
2004-09-01T08:00:00,8,9,23.2000,54.0000,4.277222,62.180609,60
2004-09-01T09:00:00,9,9,26.3000,43.1000,3.404320,75.467064,73
2004-09-01T10:00:00,10,9,29.1000,35.4000,1.920386,64.306442,62
2004-09-01T11:00:00,11,9,30.0000,31.6000,1.658515,64.837900,62
2004-09-01T12:00:00,12,9,32.4000,26.3000,1.920386,57.397485,54
2004-09-01T13:00:00,13,9,31.3000,29.1000,1.745805,42.516656,40
2004-09-01T14:00:00,14,9,31.1000,28.6000,1.483934,49.425612,46
2004-09-01T15:00:00,15,9,33.3000,24.4000,1.745805,57.397485,54
2004-09-01T16:00:00,16,9,35.5000,21.2000,1.833095,62.712067,60
2004-09-01T17:00:00,17,9,34.6000,22.0000,2.793288,79.187271,78
2004-09-01T18:00:00,18,9,33.3000,23.6000,3.491610,90.879351,89
2004-09-01T19:00:00,19,9,30.0000,28.5000,3.840771,81.844562,80
2004-09-01T20:00:00,20,9,28.0000,33.0000,2.618708,64.837900,62
2004-09-01T21:00:00,21,9,27.2000,37.4000,1.920386,66.963733,64
2004-09-01T22:00:00,22,9,26.6000,39.9000,1.483934,64.306442,62
2004-09-01T23:00:00,23,9,25.3000,41.7000,1.658515,66.432274,64
2004-09-02T00:00:00,0,9,24.3000,44.7000,1.745805,66.963733,64
2004-09-02T01:00:00,1,9,24.4000,45.6000,1.309354,51.019987,48
2004-09-02T02:00:00,2,9,23.1000,49.9000,0.698322,38.796448,36
2004-09-02T04:00:00,4,9,21.8000,54.1000,0.523742,34.544783,32
2004-09-02T05:00:00,5,9,21.0000,56.9000,0.611032,47.831238,44
2004-09-02T06:00:00,6,9,21.8000,55.5000,0.698322,30.824575,28
2004-09-02T07:00:00,7,9,21.6000,57.2000,2.531417,14.349371,28
2004-09-02T08:00:00,8,9,22.8000,54.2000,4.539093,35.607699,51
2004-09-02T09:00:00,9,9,26.2000,45.0000,2.880578,51.019987,48
2004-09-07T06:00:00,6,9,23.1000,47.0000,1.134773,34.013324,32
2004-09-07T07:00:00,7,9,23.7000,46.2000,2.182256,38.264990,36
2004-09-07T08:00:00,8,9,25.8000,41.9000,2.967869,38.796448,36
2004-09-07T09:00:00,9,9,27.3000,38.3000,1.833095,34.013324,32
2004-09-07T10:00:00,10,9,31.0000,29.1000,1.920386,39.327906,37
2004-09-07T11:00:00,11,9,31.6000,25.5000,1.483934,47.299779,44
2004-09-08T18:00:00,18,9,32.4000,19.8000,3.491610,99.914141,99
2004-09-08T19:00:00,19,9,29.9000,22.3000,4.102642,93.536642,93
2004-09-08T20:00:00,20,9,28.2000,24.8000,3.317030,86.627686,85
2004-09-08T21:00:00,21,9,26.8000,28.9000,2.444127,82.376020,81
2004-09-08T22:00:00,22,9,25.1000,32.3000,2.269547,77.592897,76
2004-09-08T23:00:00,23,9,25.4000,30.5000,1.745805,69.621024,67
2004-09-09T00:00:00,0,9,24.9000,28.3000,1.222064,63.243525,61
2004-09-09T01:00:00,1,9,23.2000,30.5000,1.047483,52.082903,49
2004-09-09T02:00:00,2,9,22.3000,33.6000,0.523742,47.299779,44
2004-09-09T04:00:00,4,9,21.4000,35.7000,0.174581,36.139157,34
2004-09-09T05:00:00,5,9,21.7000,33.4000,0.349161,34.544783,32
2004-09-09T06:00:00,6,9,20.3000,35.5000,0.523742,43.048114,41
2004-09-09T07:00:00,7,9,19.7000,37.5000,2.618708,72.278315,70
2004-09-09T08:00:00,8,9,21.0000,35.6000,2.793288,69.089565,67
2004-09-09T09:00:00,9,9,25.0000,28.9000,3.055159,83.438937,82
2004-09-09T10:00:00,10,9,31.0000,21.9000,2.705998,90.879351,89
2004-09-09T11:00:00,11,9,34.9000,18.5000,1.920386,75.998522,73
2004-09-09T12:00:00,12,9,37.1000,15.0000,1.483934,61.649151,58
2004-09-09T13:00:00,13,9,35.0000,17.3000,1.745805,68.558107,66
2004-09-09T14:00:00,14,9,35.1000,17.5000,2.182256,89.284977,88
2004-09-09T15:00:00,15,9,35.4000,16.6000,2.094966,80.781646,79
2004-09-09T16:00:00,16,9,38.4000,13.8000,2.531417,93.005184,93
2004-09-09T17:00:00,17,9,37.6000,14.5000,3.666191,112.669137,103
2004-09-09T18:00:00,18,9,35.2000,16.6000,4.713674,116.920803,104
2004-09-09T19:00:00,19,9,31.2000,25.5000,3.753481,93.005184,93
2004-09-09T20:00:00,20,9,29.3000,30.7000,3.142449,87.690602,86
2004-09-09T21:00:00,21,9,28.3000,30.1000,1.745805,72.278315,70
2004-09-09T22:00:00,22,9,27.4000,31.5000,1.309354,58.991860,55
2004-09-09T23:00:00,23,9,26.2000,35.7000,1.309354,60.586234,57
2004-09-10T00:00:00,0,9,25.2000,38.1000,1.047483,51.019987,48
2004-09-10T01:00:00,1,9,24.4000,39.1000,0.872903,39.859365,37
2004-09-10T02:00:00,2,9,23.7000,39.1000,0.436451,30.824575,28
2004-09-10T04:00:00,4,9,24.5000,38.5000,0.349161,21.789786,20
2004-09-10T05:00:00,5,9,22.4000,43.5000,0.436451,29.230201,27
2004-09-10T06:00:00,6,9,22.3000,43.8000,0.611032,38.796448,36
2004-09-10T07:00:00,7,9,21.4000,45.8000,2.094966,57.397485,54
2004-09-10T08:00:00,8,9,22.9000,41.3000,3.578900,78.124355,77
2004-09-10T09:00:00,9,9,26.6000,30.3000,2.618708,79.718729,78
2004-09-10T10:00:00,10,9,30.3000,23.0000,1.745805,69.621024,67
2004-09-10T11:00:00,11,9,32.8000,18.9000,2.182256,76.529980,74
2004-09-10T12:00:00,12,9,34.3000,17.7000,2.094966,80.250187,79
2004-09-10T13:00:00,13,9,33.3000,18.9000,2.269547,87.690602,86
2004-09-10T14:00:00,14,9,33.0000,20.1000,1.658515,71.746856,69
2004-09-10T15:00:00,15,9,33.6000,19.6000,1.833095,75.998522,73
2004-09-10T16:00:00,16,9,34.9000,18.4000,2.182256,81.313104,80
2004-09-10T17:00:00,17,9,33.4000,20.3000,2.356837,79.187271,78
2004-09-10T18:00:00,18,9,31.6000,22.7000,2.880578,87.159144,86
2004-09-10T19:00:00,19,9,29.2000,26.9000,2.793288,95.662475,95
2004-09-10T20:00:00,20,9,27.7000,30.1000,2.269547,84.501853,83
2004-09-10T21:00:00,21,9,27.1000,31.0000,1.222064,63.243525,61
2004-09-10T22:00:00,22,9,26.0000,33.4000,1.396644,67.495191,65
2004-09-10T23:00:00,23,9,25.1000,35.7000,1.483934,69.621024,67
2004-09-11T00:00:00,0,9,24.3000,38.5000,1.396644,53.677278,50
2004-09-13T10:00:00,10,9,25.4000,53.0000,2.705998,73.341231,71
2004-09-13T11:00:00,11,9,30.0000,41.6000,2.531417,73.341231,71
2004-09-13T12:00:00,12,9,32.6000,34.8000,2.618708,73.341231,71
2004-09-13T13:00:00,13,9,32.2000,34.2000,2.618708,72.809773,70
2004-09-13T14:00:00,14,9,32.1000,33.5000,1.920386,63.774983,61
2004-09-13T15:00:00,15,9,32.6000,31.8000,1.745805,110.543305,103
2004-09-13T16:00:00,16,9,35.2000,25.2000,2.007676,68.026649,66
2004-09-13T17:00:00,17,9,34.3000,24.7000,2.705998,77.061438,76
2004-09-13T19:00:00,19,9,29.0000,36.6000,5.411996,89.284977,88
2004-09-13T20:00:00,20,9,27.1000,42.2000,4.102642,94.068101,94
2004-09-13T21:00:00,21,9,26.1000,46.4000,2.618708,91.410810,90
2004-09-13T22:00:00,22,9,25.1000,49.4000,1.833095,59.523318,56
2004-09-13T23:00:00,23,9,26.0000,46.4000,0.872903,20.726870,19
2004-09-14T00:00:00,0,9,24.7000,49.2000,0.698322,36.139157,34
2004-09-14T01:00:00,1,9,24.8000,49.0000,0.611032,27.104368,25
2004-09-15T17:00:00,17,9,26.9000,53.1000,2.880578,59.523318,56
2004-09-15T18:00:00,18,9,26.5000,50.8000,5.324705,90.347893,89
2004-09-15T19:00:00,19,9,25.1000,55.8000,5.848447,91.942268,90
2004-09-15T20:00:00,20,9,23.9000,58.9000,3.840771,71.746856,69
2004-09-15T21:00:00,21,9,23.1000,62.8000,1.658515,49.425612,46
2004-09-15T22:00:00,22,9,22.1000,67.3000,1.571225,39.327906,37
2004-09-15T23:00:00,23,9,22.1000,66.5000,1.309354,36.670615,34
2004-09-16T00:00:00,0,9,21.1000,70.1000,1.396644,57.928943,54
2004-09-16T01:00:00,1,9,21.9000,67.1000,0.698322,29.230201,27
2004-09-16T02:00:00,2,9,21.7000,67.4000,0.436451,26.041452,25
2004-09-16T04:00:00,4,9,19.1000,76.0000,0.523742,22.321244,21
2004-09-16T05:00:00,5,9,19.4000,75.4000,0.785612,26.572910,25
2004-09-16T06:00:00,6,9,19.7000,74.4000,1.222064,28.167284,26
2004-09-16T07:00:00,7,9,19.9000,74.3000,3.666191,45.705405,42
2004-09-16T08:00:00,8,9,20.4000,72.8000,3.578900,43.048114,41
2004-09-16T09:00:00,9,9,21.6000,67.7000,3.142449,51.019987,48
2004-09-16T10:00:00,10,9,22.9000,59.1000,2.182256,51.019987,48
2004-09-16T11:00:00,11,9,18.7000,73.1000,1.134773,41.985197,39
2004-09-16T12:00:00,12,9,21.1000,58.3000,1.483934,50.488529,47
2004-09-16T13:00:00,13,9,23.3000,47.1000,1.833095,67.495191,65
2004-09-16T14:00:00,14,9,22.9000,47.9000,1.483934,54.208736,51
2004-09-16T15:00:00,15,9,23.3000,46.2000,1.658515,56.866027,53
2004-09-16T16:00:00,16,9,23.7000,45.4000,2.007676,58.460401,55
2004-09-16T17:00:00,17,9,23.8000,46.1000,2.880578,65.900816,63
2004-09-16T18:00:00,18,9,23.0000,49.3000,3.055159,60.054776,57
2004-09-16T19:00:00,19,9,21.9000,53.1000,3.142449,55.271652,52
2004-09-16T20:00:00,20,9,21.3000,54.8000,2.531417,62.180609,60
2004-09-16T21:00:00,21,9,21.2000,55.2000,1.745805,49.957070,46
2004-09-17T00:00:00,0,9,21.3000,55.8000,0.960193,57.928943,54
2004-09-17T01:00:00,1,9,21.4000,52.1000,0.698322,38.264990,36
2004-09-17T02:00:00,2,9,20.6000,56.6000,0.436451,21.258328,20
2004-09-17T04:00:00,4,9,19.7000,61.9000,0.261871,12.223538,11
2004-09-17T05:00:00,5,9,19.6000,59.1000,0.261871,12.754997,11
2004-09-17T06:00:00,6,9,19.8000,56.7000,0.436451,21.789786,20
2004-09-17T07:00:00,7,9,20.2000,55.6000,2.094966,52.614361,49
2004-09-17T08:00:00,8,9,19.7000,57.8000,1.920386,48.362696,45
2004-09-17T09:00:00,9,9,20.2000,53.1000,1.222064,43.048114,41
2004-09-17T10:00:00,10,9,22.0000,47.0000,1.396644,50.488529,47
2004-09-17T11:00:00,11,9,23.5000,41.6000,1.396644,60.054776,57
2004-09-17T12:00:00,12,9,22.8000,41.8000,1.396644,47.299779,44
2004-09-17T13:00:00,13,9,23.4000,40.4000,1.833095,46.768321,43
2004-09-17T14:00:00,14,9,23.2000,42.8000,0.960193,43.048114,41
2004-09-17T15:00:00,15,9,23.6000,43.2000,1.396644,43.579572,41
2004-09-17T16:00:00,16,9,23.9000,40.8000,2.094966,61.117692,58
2004-09-17T17:00:00,17,9,23.6000,42.8000,2.531417,59.523318,56
2004-09-17T18:00:00,18,9,23.2000,43.3000,2.356837,61.649151,58
2004-09-17T19:00:00,19,9,22.8000,42.5000,2.705998,68.558107,66
2004-09-17T20:00:00,20,9,22.3000,42.2000,1.920386,58.460401,55
2004-09-17T21:00:00,21,9,22.1000,43.0000,1.309354,55.803110,52
2004-09-17T22:00:00,22,9,22.2000,42.7000,1.047483,47.831238,44
2004-09-17T23:00:00,23,9,22.1000,42.8000,1.134773,49.957070,46
2004-09-18T00:00:00,0,9,22.1000,43.5000,1.222064,51.019987,48
2004-09-18T01:00:00,1,9,21.5000,45.6000,0.785612,37.202074,35
2004-09-18T02:00:00,2,9,21.1000,44.5000,0.611032,30.293117,28
2004-09-18T05:00:00,5,9,20.2000,46.7000,0.436451,22.321244,21
2004-09-18T06:00:00,6,9,20.1000,47.8000,0.698322,37.733532,35
2004-09-18T07:00:00,7,9,20.0000,50.7000,1.047483,43.579572,41
2004-09-18T08:00:00,8,9,20.7000,49.7000,0.960193,43.048114,41
2004-09-18T09:00:00,9,9,24.3000,39.5000,1.396644,47.299779,44
2004-09-18T10:00:00,10,9,25.4000,34.8000,1.222064,44.111030,42
2004-09-18T11:00:00,11,9,26.6000,30.7000,1.047483,43.579572,41
2004-09-18T12:00:00,12,9,27.7000,28.1000,1.222064,41.453739,39
2004-09-18T13:00:00,13,9,27.6000,28.7000,1.396644,41.985197,39
2004-09-18T14:00:00,14,9,27.6000,29.2000,0.960193,41.453739,39
2004-09-18T15:00:00,15,9,28.1000,28.6000,0.960193,38.796448,36
2004-09-18T16:00:00,16,9,29.1000,26.8000,1.134773,38.796448,36
2004-09-18T17:00:00,17,9,28.4000,28.3000,1.309354,53.145820,50
2004-09-18T18:00:00,18,9,26.6000,32.1000,1.745805,64.837900,62
2004-09-18T19:00:00,19,9,25.3000,35.3000,2.094966,70.152482,68
2004-09-18T20:00:00,20,9,24.7000,37.1000,1.745805,61.649151,58
2004-09-18T21:00:00,21,9,23.5000,40.6000,1.309354,57.928943,54
2004-09-18T22:00:00,22,9,22.8000,43.4000,1.483934,57.928943,54
2004-09-18T23:00:00,23,9,22.2000,47.9000,2.182256,61.649151,58
2004-09-19T00:00:00,0,9,21.3000,50.5000,1.920386,55.271652,52
2004-09-19T01:00:00,1,9,20.6000,53.2000,1.222064,43.048114,41
2004-09-19T02:00:00,2,9,19.6000,56.6000,1.047483,34.013324,32
2004-09-19T04:00:00,4,9,18.8000,59.5000,0.785612,28.698743,26
2004-09-19T05:00:00,5,9,19.3000,57.0000,0.436451,18.601037,17
2004-09-19T06:00:00,6,9,18.2000,60.8000,0.523742,23.384161,22
2004-09-19T07:00:00,7,9,16.8000,66.8000,0.872903,32.950408,30
2004-09-19T08:00:00,8,9,18.6000,60.0000,1.134773,36.139157,34
2004-09-19T09:00:00,9,9,22.2000,48.0000,1.483934,45.173947,42
2004-09-19T10:00:00,10,9,26.5000,35.7000,1.920386,58.460401,55
2004-09-19T11:00:00,11,9,30.0000,28.5000,1.833095,61.117692,58
2004-09-19T12:00:00,12,9,32.2000,24.7000,1.920386,68.558107,66
2004-09-19T13:00:00,13,9,29.6000,28.6000,1.745805,56.334569,53
2004-09-19T14:00:00,14,9,29.8000,28.5000,1.745805,46.236863,43
2004-09-19T15:00:00,15,9,31.1000,26.1000,1.047483,37.202074,35
2004-09-19T16:00:00,16,9,34.6000,22.4000,1.571225,56.334569,53
2004-09-19T17:00:00,17,9,33.2000,25.4000,3.753481,80.250187,79
2004-09-19T18:00:00,18,9,30.0000,31.4000,3.317030,95.131017,95
2004-09-19T19:00:00,19,9,27.5000,38.1000,3.840771,99.914141,99
2004-09-19T20:00:00,20,9,26.2000,42.5000,3.317030,99.382683,99
2004-09-19T21:00:00,21,9,24.7000,46.4000,1.658515,64.306442,62
2004-09-19T22:00:00,22,9,23.6000,50.0000,1.483934,52.614361,49
2004-09-19T23:00:00,23,9,22.7000,53.6000,1.571225,53.145820,50
2004-09-20T00:00:00,0,9,22.7000,53.8000,0.960193,41.985197,39
2004-09-20T01:00:00,1,9,22.8000,53.0000,0.698322,30.293117,28
2004-09-20T02:00:00,2,9,21.4000,57.6000,0.611032,22.852702,21
2004-09-20T04:00:00,4,9,19.5000,63.5000,0.436451,26.572910,25
2004-09-20T05:00:00,5,9,20.2000,60.8000,0.436451,24.978535,23
2004-09-20T06:00:00,6,9,19.4000,63.5000,0.785612,31.887492,29
2004-09-20T07:00:00,7,9,18.7000,65.6000,3.055159,48.362696,45
2004-09-20T09:00:00,9,9,23.5000,49.7000,4.975544,84.501853,83
2004-09-20T10:00:00,10,9,26.4000,41.9000,3.055159,91.942268,90
2004-09-20T11:00:00,11,9,29.9000,34.0000,3.229739,92.473726,91
2004-09-20T12:00:00,12,9,31.5000,30.8000,2.705998,87.690602,86
2004-09-20T13:00:00,13,9,30.2000,30.2000,2.618708,72.278315,70
2004-09-20T14:00:00,14,9,30.5000,29.3000,2.269547,66.432274,64
2004-09-20T15:00:00,15,9,31.8000,27.4000,2.094966,64.837900,62
2004-09-20T16:00:00,16,9,34.3000,23.2000,2.269547,65.900816,63
2004-09-20T17:00:00,17,9,34.1000,23.0000,4.364513,97.788308,97
2004-09-20T18:00:00,18,9,30.5000,29.2000,4.888254,106.291639,102
2004-09-20T19:00:00,19,9,28.1000,32.4000,5.673866,119.578094,104
2004-09-20T20:00:00,20,9,26.5000,31.7000,3.578900,89.284977,88
2004-09-20T21:00:00,21,9,24.8000,33.7000,1.833095,62.712067,60
2004-09-20T22:00:00,22,9,23.9000,38.1000,1.745805,61.117692,58
2004-09-20T23:00:00,23,9,23.0000,43.0000,1.222064,49.957070,46
2004-09-21T00:00:00,0,9,23.5000,44.7000,0.698322,32.950408,30
2004-09-21T01:00:00,1,9,22.3000,47.7000,0.698322,36.139157,34
2004-09-21T02:00:00,2,9,22.1000,49.8000,0.523742,26.572910,25
2004-09-21T04:00:00,4,9,20.8000,55.9000,0.349161,19.132495,18
2004-09-21T05:00:00,5,9,18.8000,63.0000,0.523742,28.167284,26
2004-09-21T06:00:00,6,9,18.3000,65.5000,1.222064,41.985197,39
2004-09-21T07:00:00,7,9,18.2000,66.1000,4.888254,70.683940,68
2004-09-21T08:00:00,8,9,19.6000,60.7000,6.372189,78.655813,77
2004-09-21T09:00:00,9,9,22.6000,51.4000,4.626383,85.564769,84
2004-09-21T10:00:00,10,9,25.8000,44.2000,3.840771,101.508515,101
2004-09-21T11:00:00,11,9,28.5000,39.0000,2.705998,83.970395,82
2004-09-21T12:00:00,12,9,30.1000,35.1000,2.880578,83.438937,82
2004-09-21T13:00:00,13,9,29.4000,36.4000,3.317030,99.914141,99
2004-09-21T14:00:00,14,9,29.2000,37.9000,2.007676,75.998522,73
2004-09-21T15:00:00,15,9,30.5000,34.9000,2.269547,80.781646,79
2004-09-21T16:00:00,16,9,31.5000,31.4000,2.793288,89.284977,88
2004-09-21T17:00:00,17,9,31.2000,31.4000,4.364513,108.948930,102
2004-09-21T18:00:00,18,9,28.5000,37.2000,4.888254,108.417472,102
2004-09-21T19:00:00,19,9,26.7000,42.3000,4.713674,111.606221,103
2004-09-21T20:00:00,20,9,24.8000,49.0000,3.840771,91.942268,90
2004-09-21T21:00:00,21,9,23.6000,53.6000,2.094966,65.369358,63
2004-09-21T22:00:00,22,9,23.0000,55.8000,1.309354,48.894154,45
2004-09-21T23:00:00,23,9,22.1000,58.4000,1.134773,40.922281,38
2004-09-22T00:00:00,0,9,22.6000,56.3000,0.960193,39.327906,37
2004-09-22T01:00:00,1,9,21.0000,61.3000,0.872903,39.327906,37
2004-09-22T02:00:00,2,9,23.0000,54.0000,0.523742,24.978535,23
2004-09-22T04:00:00,4,9,18.3000,70.8000,0.523742,23.384161,22
2004-09-22T05:00:00,5,9,18.1000,72.5000,0.698322,36.670615,34
2004-09-22T06:00:00,6,9,18.3000,71.0000,1.309354,41.985197,39
2004-09-22T07:00:00,7,9,18.5000,68.9000,3.578900,57.397485,54
2004-09-22T08:00:00,8,9,20.1000,62.7000,4.800964,63.243525,61
2004-09-22T09:00:00,9,9,23.5000,52.0000,4.800964,87.690602,86
2004-09-22T10:00:00,10,9,26.8000,42.7000,3.229739,91.410810,90
2004-09-22T11:00:00,11,9,29.1000,36.7000,2.880578,95.662475,95
2004-09-22T12:00:00,12,9,30.8000,32.0000,2.182256,69.089565,67
2004-09-22T13:00:00,13,9,27.9000,37.0000,2.269547,63.774983,61
2004-09-22T14:00:00,14,9,28.5000,37.3000,1.920386,62.180609,60
2004-09-22T15:00:00,15,9,30.2000,32.9000,2.269547,74.935606,72
2004-09-22T16:00:00,16,9,32.9000,27.7000,2.531417,80.250187,79
2004-09-22T17:00:00,17,9,32.2000,28.8000,4.364513,115.857887,104
2004-09-22T18:00:00,18,9,28.8000,39.0000,4.451803,113.200596,103
2004-09-22T19:00:00,19,9,26.7000,43.3000,4.539093,103.102890,101
2004-09-22T20:00:00,20,9,24.6000,54.0000,3.317030,88.753519,87
2004-09-22T21:00:00,21,9,23.4000,59.9000,1.920386,61.117692,58
2004-09-22T22:00:00,22,9,22.5000,62.6000,1.833095,52.082903,49
2004-09-22T23:00:00,23,9,22.9000,62.0000,1.571225,49.425612,46
2004-09-23T00:00:00,0,9,22.2000,64.9000,1.396644,46.236863,43
2004-09-23T01:00:00,1,9,21.4000,68.5000,1.222064,37.733532,35
2004-09-23T02:00:00,2,9,22.2000,63.0000,0.698322,26.041452,25
2004-09-23T05:00:00,5,9,22.9000,57.5000,0.436451,30.824575,28
2004-09-23T06:00:00,6,9,21.3000,63.2000,0.785612,35.076241,33
2004-09-23T07:00:00,7,9,21.3000,63.5000,2.793288,59.523318,56
2004-09-23T08:00:00,8,9,23.7000,54.4000,2.444127,55.271652,52
2004-09-23T09:00:00,9,9,25.0000,50.8000,2.356837,54.740194,51
2004-09-23T10:00:00,10,9,26.3000,48.1000,2.094966,62.712067,60
2004-09-23T11:00:00,11,9,26.4000,47.3000,2.356837,68.558107,66
2004-09-23T12:00:00,12,9,29.3000,39.5000,2.444127,67.495191,65
2004-09-23T13:00:00,13,9,29.0000,39.6000,2.531417,69.089565,67
2004-09-23T14:00:00,14,9,29.8000,38.0000,2.269547,69.089565,67
2004-09-23T15:00:00,15,9,30.4000,37.2000,2.269547,62.712067,60
2004-09-23T16:00:00,16,9,31.5000,34.9000,2.793288,77.592897,76
2004-09-23T17:00:00,17,9,31.6000,34.8000,4.015352,100.977057,100
2004-09-23T18:00:00,18,9,29.0000,40.5000,4.277222,100.445599,100
2004-09-23T19:00:00,19,9,27.2000,45.9000,4.102642,91.942268,90
2004-09-23T20:00:00,20,9,26.2000,48.7000,2.880578,78.655813,77
2004-09-23T21:00:00,21,9,25.1000,50.5000,2.007676,61.649151,58
2004-09-23T22:00:00,22,9,24.1000,50.7000,1.833095,57.928943,54
2004-09-23T23:00:00,23,9,22.5000,53.7000,1.483934,49.957070,46
2004-09-24T00:00:00,0,9,22.7000,53.7000,0.872903,34.013324,32
2004-09-24T01:00:00,1,9,21.5000,57.9000,0.785612,31.356034,29
2004-09-24T02:00:00,2,9,22.3000,55.8000,0.611032,34.013324,32
2004-09-24T04:00:00,4,9,21.1000,59.9000,0.349161,27.635826,25
2004-09-24T05:00:00,5,9,20.4000,63.0000,0.436451,29.230201,27
2004-09-24T06:00:00,6,9,20.8000,62.2000,1.134773,44.111030,42
2004-09-24T07:00:00,7,9,21.3000,61.6000,3.055159,60.586234,57
2004-09-24T08:00:00,8,9,21.9000,60.2000,4.800964,72.809773,70
2004-09-24T09:00:00,9,9,23.0000,56.4000,4.888254,85.033311,84
2004-09-24T10:00:00,10,9,25.1000,49.5000,2.967869,73.341231,71
2004-09-24T11:00:00,11,9,26.6000,44.3000,2.793288,71.215398,69
2004-09-24T12:00:00,12,9,26.2000,46.0000,3.229739,75.998522,73
2004-09-24T13:00:00,13,9,25.4000,48.7000,4.015352,81.313104,80
2004-09-24T14:00:00,14,9,25.6000,48.3000,3.666191,77.061438,76
2004-09-24T15:00:00,15,9,25.7000,47.8000,2.880578,65.369358,63
2004-09-24T16:00:00,16,9,24.9000,49.2000,2.356837,51.019987,48
2004-09-24T17:00:00,17,9,18.3000,75.4000,1.920386,56.866027,53
2004-09-24T18:00:00,18,9,16.3000,73.9000,2.444127,63.243525,61
2004-09-24T19:00:00,19,9,15.6000,75.7000,2.531417,57.928943,54
2004-09-24T20:00:00,20,9,15.4000,76.6000,1.745805,56.866027,53
2004-09-24T21:00:00,21,9,14.0000,75.4000,0.611032,30.293117,28
2004-09-24T22:00:00,22,9,14.9000,60.5000,0.523742,31.887492,29
2004-09-24T23:00:00,23,9,15.5000,50.9000,1.047483,11.692080,11
2004-09-25T00:00:00,0,9,15.6000,50.0000,1.047483,1.062916,11
2004-09-25T01:00:00,1,9,15.4000,53.6000,0.960193,3.720207,10
2004-09-25T02:00:00,2,9,15.4000,53.9000,0.523742,4.251666,6
2004-09-25T04:00:00,4,9,15.3000,53.1000,0.261871,14.349371,13
2004-09-25T05:00:00,5,9,15.4000,53.7000,0.261871,7.440415,7
2004-09-25T06:00:00,6,9,15.5000,53.3000,0.349161,1.594375,3
2004-09-25T07:00:00,7,9,15.4000,52.7000,0.523742,4.783124,6
2004-09-25T08:00:00,8,9,15.7000,51.1000,0.611032,7.440415,7
2004-09-25T09:00:00,9,9,16.9000,47.7000,0.872903,27.635826,25
2004-09-25T10:00:00,10,9,18.2000,41.9000,0.960193,34.013324,32
2004-09-25T11:00:00,11,9,19.1000,37.0000,1.309354,35.076241,33
2004-09-25T12:00:00,12,9,19.3000,34.8000,1.222064,7.440415,14
2004-09-25T13:00:00,13,9,19.8000,31.2000,1.222064,4.783124,14
2004-09-25T14:00:00,14,9,19.8000,31.1000,0.872903,6.377498,9
2004-09-25T15:00:00,15,9,20.2000,28.6000,0.785612,7.440415,8
2004-09-25T16:00:00,16,9,22.1000,24.8000,0.960193,11.160622,10
2004-09-25T17:00:00,17,9,21.1000,27.7000,1.134773,22.852702,21
2004-09-25T18:00:00,18,9,20.1000,30.3000,1.571225,32.950408,30
2004-09-25T19:00:00,19,9,19.5000,33.0000,2.094966,36.139157,34
2004-09-25T20:00:00,20,9,19.3000,32.3000,2.356837,43.048114,41
2004-09-25T21:00:00,21,9,18.4000,33.2000,1.483934,46.768321,43
2004-09-25T22:00:00,22,9,17.8000,36.5000,1.920386,52.614361,49
2004-09-25T23:00:00,23,9,17.8000,39.9000,2.444127,52.082903,49
2004-09-26T00:00:00,0,9,17.0000,43.0000,2.094966,51.551445,48
2004-09-26T01:00:00,1,9,15.5000,52.2000,2.182256,53.677278,50
2004-09-26T02:00:00,2,9,15.6000,51.9000,1.222064,47.831238,44
2004-09-26T05:00:00,5,9,12.5000,63.2000,0.785612,29.230201,27
2004-09-26T06:00:00,6,9,13.6000,57.6000,0.523742,24.447077,23
2004-09-26T07:00:00,7,9,12.2000,63.2000,0.872903,29.761659,27
2004-09-26T08:00:00,8,9,14.6000,56.4000,1.396644,44.111030,42
2004-09-26T09:00:00,9,9,19.8000,38.6000,0.785612,29.230201,27
2004-09-26T10:00:00,10,9,21.6000,33.4000,0.785612,24.978535,23
2004-09-26T11:00:00,11,9,22.0000,32.2000,0.872903,32.418950,30
2004-09-26T12:00:00,12,9,22.7000,30.2000,0.872903,30.824575,28
2004-09-26T13:00:00,13,9,22.3000,30.4000,0.785612,31.356034,29
2004-09-26T14:00:00,14,9,22.1000,30.5000,0.785612,28.698743,26
2004-09-26T15:00:00,15,9,22.1000,29.5000,0.785612,36.670615,34
2004-09-26T16:00:00,16,9,23.4000,27.1000,0.785612,28.698743,26
2004-09-26T17:00:00,17,9,23.1000,27.0000,2.356837,50.488529,47
2004-09-26T18:00:00,18,9,21.5000,31.4000,1.920386,52.614361,49
2004-09-26T19:00:00,19,9,20.3000,35.5000,2.880578,67.495191,65
2004-09-26T20:00:00,20,9,19.6000,36.3000,1.833095,52.082903,49
2004-09-26T21:00:00,21,9,18.7000,39.7000,1.571225,59.523318,56
2004-09-26T22:00:00,22,9,18.0000,42.7000,1.658515,61.117692,58
2004-09-26T23:00:00,23,9,17.1000,47.6000,2.007676,60.586234,57
2004-09-27T00:00:00,0,9,16.6000,51.3000,1.658515,54.740194,51
2004-09-27T01:00:00,1,9,15.9000,55.2000,1.134773,43.048114,41
2004-09-27T02:00:00,2,9,14.9000,58.9000,0.872903,39.859365,37
2004-09-27T04:00:00,4,9,14.0000,62.6000,0.523742,34.013324,32
2004-09-27T05:00:00,5,9,14.1000,61.7000,0.785612,37.733532,35
2004-09-27T06:00:00,6,9,14.4000,60.3000,1.309354,52.614361,49
2004-09-27T07:00:00,7,9,15.0000,57.7000,4.800964,70.152482,68
2004-09-27T08:00:00,8,9,16.9000,50.3000,3.491610,71.746856,69
2004-09-27T09:00:00,9,9,19.7000,40.2000,1.571225,49.957070,46
2004-09-27T10:00:00,10,9,22.2000,33.6000,1.658515,54.740194,51
2004-09-27T11:00:00,11,9,23.7000,29.6000,1.483934,65.369358,63
2004-09-27T12:00:00,12,9,21.9000,30.7000,1.396644,50.488529,47
2004-09-27T13:00:00,13,9,22.3000,29.5000,1.658515,47.831238,44
2004-09-27T14:00:00,14,9,23.8000,27.0000,1.396644,52.614361,49
2004-09-27T15:00:00,15,9,23.3000,28.3000,1.571225,56.866027,53
2004-09-27T16:00:00,16,9,24.2000,27.2000,1.745805,59.523318,56
2004-09-27T17:00:00,17,9,25.1000,25.8000,2.705998,70.152482,68
2004-09-27T18:00:00,18,9,22.3000,29.2000,3.404320,78.655813,77
2004-09-27T19:00:00,19,9,20.8000,32.5000,3.753481,83.970395,82
2004-09-27T20:00:00,20,9,19.1000,36.8000,3.055159,77.061438,76
2004-09-27T21:00:00,21,9,18.1000,39.9000,2.094966,68.026649,66
2004-09-27T22:00:00,22,9,17.4000,42.8000,1.309354,55.803110,52
2004-09-27T23:00:00,23,9,16.7000,46.6000,1.134773,47.831238,44
2004-09-28T00:00:00,0,9,17.1000,46.8000,0.872903,45.173947,42
2004-09-28T01:00:00,1,9,15.3000,51.9000,0.698322,38.796448,36
2004-09-28T02:00:00,2,9,15.0000,52.8000,0.436451,39.327906,37
2004-09-28T04:00:00,4,9,12.8000,59.8000,0.436451,32.418950,30
2004-09-28T05:00:00,5,9,11.9000,62.7000,0.611032,36.670615,34
2004-09-28T06:00:00,6,9,12.1000,62.6000,1.047483,43.579572,41
2004-09-28T07:00:00,7,9,13.5000,58.2000,2.094966,63.774983,61
2004-09-28T08:00:00,8,9,14.4000,55.7000,3.753481,71.746856,69
2004-09-28T09:00:00,9,9,17.8000,45.7000,3.578900,80.781646,79
2004-09-28T10:00:00,10,9,21.0000,37.2000,3.229739,94.068101,94
2004-09-28T11:00:00,11,9,24.5000,29.8000,2.967869,96.193933,96
2004-09-28T12:00:00,12,9,26.4000,26.4000,3.317030,93.536642,93
2004-09-28T13:00:00,13,9,25.2000,26.8000,3.578900,86.627686,85
2004-09-28T14:00:00,14,9,26.1000,24.8000,2.967869,92.473726,91
2004-09-28T15:00:00,15,9,26.2000,24.4000,2.007676,62.180609,60
2004-09-28T16:00:00,16,9,28.9000,21.3000,2.793288,77.061438,76
2004-09-28T17:00:00,17,9,28.0000,23.3000,4.189932,91.942268,90
2004-09-28T18:00:00,18,9,24.7000,27.9000,5.848447,108.417472,102
2004-09-28T19:00:00,19,9,23.0000,33.6000,6.546769,111.074763,103
2004-09-28T20:00:00,20,9,20.9000,45.8000,3.928061,93.005184,93
2004-09-28T21:00:00,21,9,19.8000,48.6000,1.833095,68.558107,66
2004-09-28T22:00:00,22,9,19.8000,47.7000,1.309354,58.991860,55
2004-09-28T23:00:00,23,9,18.6000,49.1000,0.960193,45.173947,42
2004-09-29T00:00:00,0,9,17.2000,53.9000,0.960193,45.705405,42
2004-09-29T01:00:00,1,9,16.3000,56.8000,0.785612,37.733532,35
2004-09-29T02:00:00,2,9,17.4000,53.4000,0.436451,31.887492,29
2004-09-29T05:00:00,5,9,17.1000,52.5000,0.349161,23.915619,22
2004-09-29T06:00:00,6,9,15.2000,58.3000,0.611032,28.167284,26
2004-09-29T07:00:00,7,9,14.9000,59.2000,1.745805,49.957070,46
2004-09-29T08:00:00,8,9,15.1000,59.0000,3.666191,64.837900,62
2004-09-29T09:00:00,9,9,19.0000,47.8000,4.539093,90.347893,89
2004-09-29T10:00:00,10,9,22.4000,38.8000,3.317030,92.473726,91
2004-09-29T11:00:00,11,9,25.4000,33.3000,3.229739,101.508515,101
2004-09-29T12:00:00,12,9,27.2000,30.4000,2.967869,95.131017,95
2004-09-29T13:00:00,13,9,25.5000,34.8000,2.705998,78.655813,77
2004-09-29T14:00:00,14,9,26.4000,28.5000,2.094966,68.558107,66
2004-09-29T15:00:00,15,9,27.7000,25.1000,2.444127,78.655813,77
2004-09-29T16:00:00,16,9,28.6000,23.2000,3.142449,97.788308,97
2004-09-29T17:00:00,17,9,27.2000,26.3000,3.491610,99.914141,99
2004-09-29T18:00:00,18,9,25.3000,33.0000,4.888254,108.417472,102
2004-09-29T19:00:00,19,9,23.2000,36.9000,5.499286,106.823097,102
2004-09-29T20:00:00,20,9,21.6000,43.3000,4.102642,87.690602,86
2004-09-29T21:00:00,21,9,21.1000,44.8000,1.658515,70.683940,68
2004-09-29T22:00:00,22,9,19.7000,49.3000,1.658515,66.432274,64
2004-09-29T23:00:00,23,9,20.3000,47.8000,1.047483,53.677278,50
2004-09-30T00:00:00,0,9,19.4000,50.3000,0.785612,41.985197,39
2004-09-30T13:00:00,13,9,24.6000,44.1000,1.483934,53.677278,50
2004-09-30T14:00:00,14,9,25.6000,43.4000,1.920386,60.054776,57
2004-09-30T15:00:00,15,9,26.1000,42.6000,2.444127,64.306442,62
2004-09-30T16:00:00,16,9,25.8000,44.8000,3.404320,77.592897,76
2004-09-30T17:00:00,17,9,25.4000,47.9000,5.673866,99.914141,99
2004-09-30T18:00:00,18,9,24.6000,50.0000,5.499286,96.725392,96
2004-09-30T19:00:00,19,9,23.6000,54.4000,4.975544,88.222060,87
2004-09-30T20:00:00,20,9,22.6000,59.5000,3.840771,75.467064,73
2004-09-30T21:00:00,21,9,22.1000,61.3000,1.396644,44.642488,42
2004-09-30T22:00:00,22,9,22.1000,61.3000,1.309354,46.236863,43
2004-09-30T23:00:00,23,9,21.1000,64.7000,1.483934,48.362696,45
2004-10-01T00:00:00,0,10,20.3000,66.4000,1.658515,48.362696,45
2004-10-01T01:00:00,1,10,19.4000,69.3000,1.396644,39.327906,37
2004-10-01T02:00:00,2,10,19.0000,70.8000,1.134773,36.670615,34
2004-10-01T04:00:00,4,10,19.8000,67.2000,0.523742,28.698743,26
2004-10-01T05:00:00,5,10,19.0000,70.3000,0.611032,31.887492,29
2004-10-01T06:00:00,6,10,18.8000,71.8000,1.396644,36.670615,34
2004-10-01T07:00:00,7,10,20.2000,66.3000,2.531417,48.362696,45
2004-10-01T08:00:00,8,10,20.8000,64.3000,3.578900,51.551445,48
2004-10-01T09:00:00,9,10,22.3000,59.3000,3.229739,60.586234,57
2004-10-01T10:00:00,10,10,23.2000,56.6000,3.142449,68.558107,66
2004-10-01T11:00:00,11,10,23.8000,54.7000,2.967869,72.809773,70
2004-10-01T12:00:00,12,10,23.5000,56.2000,3.229739,71.215398,69
2004-10-01T13:00:00,13,10,23.9000,54.4000,3.578900,70.152482,68
2004-10-01T15:00:00,15,10,25.4000,47.4000,2.094966,55.803110,52
2004-10-01T16:00:00,16,10,26.4000,45.4000,2.967869,72.278315,70
2004-10-01T17:00:00,17,10,25.8000,46.9000,4.888254,89.816435,88
2004-10-07T16:00:00,16,10,28.6000,37.6000,2.531417,46.236863,43
2004-10-07T17:00:00,17,10,28.0000,38.5000,4.713674,58.991860,55
2004-10-07T18:00:00,18,10,25.2000,45.8000,4.626383,63.243525,61
2004-10-07T19:00:00,19,10,24.0000,50.6000,5.848447,68.026649,66
2004-10-07T20:00:00,20,10,23.2000,54.7000,6.110318,62.180609,67
2004-10-07T21:00:00,21,10,22.3000,57.1000,2.444127,48.894154,45
2004-10-07T22:00:00,22,10,21.8000,58.2000,1.483934,38.796448,36
2004-10-07T23:00:00,23,10,20.9000,61.3000,1.483934,31.887492,29
2004-10-08T00:00:00,0,10,20.6000,62.0000,1.483934,31.887492,29
2004-10-08T01:00:00,1,10,20.3000,62.5000,1.047483,28.167284,26
2004-10-08T02:00:00,2,10,20.5000,62.1000,0.611032,24.978535,23
2004-10-08T04:00:00,4,10,18.2000,70.3000,0.698322,22.852702,21
2004-10-08T05:00:00,5,10,18.2000,70.1000,0.785612,24.978535,23
2004-10-08T06:00:00,6,10,18.2000,70.0000,1.483934,26.572910,25
2004-10-08T07:00:00,7,10,19.4000,66.5000,4.975544,43.048114,55
2004-10-08T08:00:00,8,10,19.5000,66.9000,3.753481,39.859365,42
2004-10-08T09:00:00,9,10,21.1000,61.1000,3.404320,46.236863,43
2004-10-08T10:00:00,10,10,23.2000,54.7000,4.451803,68.026649,66
2004-10-08T11:00:00,11,10,24.4000,52.5000,3.229739,55.803110,52
2004-10-08T12:00:00,12,10,26.4000,45.8000,2.880578,53.677278,50
2004-10-08T13:00:00,13,10,27.7000,39.2000,3.142449,53.145820,50
2004-10-08T14:00:00,14,10,28.0000,39.6000,2.793288,52.082903,49
2004-10-08T15:00:00,15,10,28.7000,38.4000,3.055159,52.082903,49
2004-10-08T16:00:00,16,10,28.5000,39.4000,2.094966,52.082903,49
2004-10-08T17:00:00,17,10,28.4000,39.8000,2.531417,47.831238,44
2004-10-08T18:00:00,18,10,26.4000,45.9000,2.007676,44.642488,42
2004-10-08T19:00:00,19,10,25.2000,49.5000,2.705998,53.677278,50
2004-10-08T20:00:00,20,10,24.9000,50.9000,2.531417,52.082903,49
2004-10-08T21:00:00,21,10,24.6000,52.2000,1.309354,40.390823,38
2004-10-08T22:00:00,22,10,24.0000,54.4000,1.309354,37.733532,35
2004-10-08T23:00:00,23,10,23.8000,56.1000,1.483934,37.733532,35
2004-10-09T00:00:00,0,10,22.3000,60.6000,1.396644,35.076241,33
2004-10-09T01:00:00,1,10,21.9000,61.5000,1.134773,32.950408,30
2004-10-09T02:00:00,2,10,21.1000,64.5000,1.222064,30.824575,28
2004-10-09T04:00:00,4,10,21.3000,63.9000,0.785612,25.509993,24
2004-10-09T05:00:00,5,10,20.8000,66.7000,1.134773,28.167284,26
2004-10-09T06:00:00,6,10,20.6000,67.5000,1.134773,29.230201,27
2004-10-09T07:00:00,7,10,20.9000,66.3000,2.531417,33.481866,31
2004-10-09T08:00:00,8,10,21.5000,63.7000,2.793288,36.670615,34
2004-10-09T09:00:00,9,10,23.7000,56.0000,2.967869,44.642488,42
2004-10-09T10:00:00,10,10,26.0000,48.2000,3.142449,50.488529,47
2004-10-09T11:00:00,11,10,28.5000,42.4000,2.007676,42.516656,40
2004-10-09T12:00:00,12,10,28.1000,45.3000,2.705998,46.236863,43
2004-10-09T13:00:00,13,10,29.0000,43.9000,2.880578,49.957070,46
2004-10-09T14:00:00,14,10,28.9000,44.3000,1.658515,40.390823,38
2004-10-09T15:00:00,15,10,29.6000,42.3000,2.269547,48.894154,45
2004-10-09T16:00:00,16,10,29.4000,42.9000,2.356837,49.957070,46
2004-10-09T17:00:00,17,10,28.7000,45.1000,3.229739,58.460401,55
2004-10-09T18:00:00,18,10,27.0000,51.2000,3.317030,57.928943,54
2004-10-09T19:00:00,19,10,26.5000,52.7000,4.189932,64.837900,62
2004-10-09T20:00:00,20,10,26.2000,51.7000,3.055159,56.866027,53
2004-10-09T21:00:00,21,10,24.8000,56.4000,1.920386,44.111030,42
2004-10-09T22:00:00,22,10,24.9000,56.0000,1.309354,32.950408,30
2004-10-09T23:00:00,23,10,24.5000,57.5000,2.967869,47.299779,44
2004-10-10T00:00:00,0,10,24.7000,56.9000,3.229739,54.740194,51
2004-10-10T01:00:00,1,10,23.9000,59.2000,1.745805,39.327906,37
2004-10-10T02:00:00,2,10,23.8000,60.2000,1.222064,27.635826,25
2004-10-10T05:00:00,5,10,22.2000,65.6000,0.611032,20.726870,19
2004-10-10T06:00:00,6,10,21.3000,69.1000,1.047483,31.356034,29
2004-10-10T07:00:00,7,10,21.3000,68.2000,1.134773,29.761659,27
2004-10-10T08:00:00,8,10,22.2000,65.2000,0.960193,27.104368,25
2004-10-10T09:00:00,9,10,24.1000,59.0000,0.872903,27.104368,25
2004-10-10T10:00:00,10,10,24.3000,61.6000,1.047483,30.824575,28
2004-10-10T11:00:00,11,10,24.8000,59.6000,1.658515,36.139157,34
2004-10-10T12:00:00,12,10,24.5000,58.8000,2.007676,43.048114,41
2004-10-10T13:00:00,13,10,21.0000,76.8000,1.396644,38.796448,36
2004-10-10T14:00:00,14,10,19.8000,78.0000,1.134773,36.670615,34
2004-10-10T15:00:00,15,10,19.4000,80.5000,1.571225,43.048114,41
2004-10-10T16:00:00,16,10,19.6000,79.1000,1.483934,43.579572,41
2004-10-10T17:00:00,17,10,20.8000,73.1000,1.571225,37.733532,35
2004-10-10T18:00:00,18,10,21.1000,68.6000,1.745805,43.048114,41
2004-10-10T19:00:00,19,10,21.1000,68.3000,1.920386,46.236863,43
2004-10-10T20:00:00,20,10,21.2000,67.7000,1.396644,38.264990,36
2004-10-10T21:00:00,21,10,20.8000,68.6000,1.134773,33.481866,31
2004-10-10T22:00:00,22,10,20.8000,68.1000,1.309354,33.481866,31
2004-10-10T23:00:00,23,10,20.7000,68.4000,1.309354,33.481866,31
2004-10-11T00:00:00,0,10,20.1000,70.5000,1.134773,29.230201,27
2004-10-11T01:00:00,1,10,20.2000,67.9000,1.222064,27.635826,25
2004-10-11T02:00:00,2,10,19.4000,70.4000,0.436451,17.006662,16
2004-10-11T04:00:00,4,10,17.9000,77.7000,0.349161,15.412288,14
2004-10-11T05:00:00,5,10,18.2000,76.9000,0.523742,23.384161,22
2004-10-11T06:00:00,6,10,18.6000,74.9000,0.960193,28.167284,26
2004-10-11T07:00:00,7,10,19.6000,70.3000,2.531417,32.950408,30
2004-10-11T08:00:00,8,10,20.2000,66.6000,3.055159,36.139157,34
2004-10-11T09:00:00,9,10,19.7000,68.9000,4.015352,45.173947,45
2004-10-11T10:00:00,10,10,19.2000,73.4000,2.967869,46.768321,43
2004-10-11T11:00:00,11,10,20.0000,69.6000,2.007676,43.579572,41
2004-10-11T12:00:00,12,10,21.1000,64.0000,2.356837,48.362696,45
2004-10-11T13:00:00,13,10,20.2000,67.4000,2.705998,46.236863,43
2004-10-11T14:00:00,14,10,20.2000,68.9000,2.793288,47.831238,44
2004-10-11T15:00:00,15,10,21.9000,57.6000,2.182256,51.551445,48
2004-10-11T16:00:00,16,10,23.2000,52.0000,2.967869,52.614361,49
2004-10-11T17:00:00,17,10,21.7000,59.1000,4.189932,57.928943,54
2004-10-11T18:00:00,18,10,20.8000,61.4000,3.928061,50.488529,47
2004-10-11T19:00:00,19,10,19.9000,64.2000,3.491610,42.516656,40
2004-10-11T20:00:00,20,10,19.7000,65.1000,2.793288,40.390823,38
2004-10-11T21:00:00,21,10,20.0000,63.3000,1.658515,32.950408,30
2004-10-11T22:00:00,22,10,19.0000,66.1000,1.658515,30.293117,28
2004-10-11T23:00:00,23,10,18.8000,60.9000,1.134773,30.293117,28
2004-10-12T00:00:00,0,10,18.9000,60.7000,0.960193,28.698743,26
2004-10-12T01:00:00,1,10,18.1000,65.2000,0.872903,26.572910,25
2004-10-12T02:00:00,2,10,18.3000,65.1000,0.436451,23.384161,22
2004-10-12T04:00:00,4,10,17.8000,67.5000,0.436451,18.069579,17
2004-10-12T05:00:00,5,10,16.9000,66.7000,0.698322,23.384161,22
2004-10-12T06:00:00,6,10,17.8000,60.6000,1.047483,39.327906,37
2004-10-12T07:00:00,7,10,17.6000,60.8000,2.356837,53.677278,50
2004-10-12T08:00:00,8,10,17.9000,57.8000,2.618708,54.740194,51
2004-10-13T09:00:00,9,10,15.4000,53.2000,1.309354,41.453739,39
2004-10-13T10:00:00,10,10,16.5000,49.9000,1.047483,38.264990,36
2004-10-20T16:00:00,16,10,24.8000,57.7000,4.102642,88.753519,87
2004-10-20T17:00:00,17,10,24.6000,58.9000,6.983220,103.102890,101
2004-10-20T18:00:00,18,10,23.9000,61.8000,6.721350,91.410810,90
2004-10-20T19:00:00,19,10,23.0000,65.9000,5.935737,71.215398,69
2004-10-20T20:00:00,20,10,22.4000,67.7000,5.237415,69.089565,67
2004-10-20T21:00:00,21,10,22.0000,69.2000,4.102642,60.054776,57
2004-10-20T22:00:00,22,10,21.8000,69.6000,2.967869,52.614361,49
2004-10-20T23:00:00,23,10,21.9000,68.3000,3.404320,57.928943,54
2004-10-21T00:00:00,0,10,21.7000,69.7000,3.840771,55.803110,52
2004-10-21T01:00:00,1,10,21.3000,70.3000,2.880578,48.362696,45
2004-10-21T02:00:00,2,10,20.8000,71.7000,1.745805,40.922281,38
2004-10-21T05:00:00,5,10,21.3000,69.5000,0.698322,31.887492,29
2004-10-21T06:00:00,6,10,21.5000,67.5000,1.134773,38.264990,36
2004-10-21T07:00:00,7,10,21.9000,64.8000,2.356837,44.111030,42
2004-10-21T08:00:00,8,10,22.6000,61.4000,3.142449,55.271652,52
2004-10-21T09:00:00,9,10,22.6000,61.5000,3.142449,63.243525,61
2004-10-21T10:00:00,10,10,25.5000,52.3000,2.269547,55.803110,52
2004-10-21T11:00:00,11,10,27.0000,47.6000,1.745805,48.362696,45
2004-10-21T12:00:00,12,10,25.2000,53.3000,2.880578,54.740194,51
2004-10-21T14:00:00,14,10,27.2000,48.5000,1.833095,58.991860,55
2004-10-21T15:00:00,15,10,26.9000,50.0000,2.531417,53.677278,50
2004-10-21T16:00:00,16,10,26.5000,52.2000,2.618708,54.208736,51
2004-10-21T17:00:00,17,10,27.0000,51.0000,2.793288,53.677278,50
2004-10-21T18:00:00,18,10,25.9000,55.8000,3.840771,62.712067,60
2004-10-21T19:00:00,19,10,25.1000,59.4000,5.237415,63.774983,61
2004-10-21T20:00:00,20,10,24.7000,58.7000,4.364513,56.866027,53
2004-10-21T21:00:00,21,10,23.6000,62.2000,3.753481,55.271652,52
2004-10-21T22:00:00,22,10,22.4000,67.1000,3.753481,48.362696,45
2004-10-21T23:00:00,23,10,21.6000,69.2000,3.666191,48.362696,45
2004-10-22T00:00:00,0,10,21.3000,68.5000,1.920386,39.327906,37
2004-10-22T01:00:00,1,10,21.2000,68.6000,1.134773,33.481866,31
2004-10-22T02:00:00,2,10,20.3000,70.6000,0.872903,30.293117,28
2004-10-22T05:00:00,5,10,18.7000,74.4000,0.785612,26.041452,25
2004-10-22T06:00:00,6,10,19.8000,69.2000,0.872903,29.230201,27
2004-10-22T07:00:00,7,10,19.8000,69.4000,2.444127,41.453739,39
2004-10-22T08:00:00,8,10,20.4000,66.7000,3.578900,48.362696,45
2004-10-22T09:00:00,9,10,22.3000,60.6000,2.531417,46.768321,43
2004-10-22T10:00:00,10,10,22.6000,59.9000,2.356837,44.111030,42
2004-10-22T11:00:00,11,10,24.5000,54.5000,1.833095,43.048114,41
2004-10-22T12:00:00,12,10,24.4000,55.4000,2.094966,44.111030,42
2004-10-22T13:00:00,13,10,26.0000,51.9000,3.317030,58.991860,55
2004-10-22T14:00:00,14,10,26.8000,49.1000,3.229739,59.523318,56
2004-10-22T15:00:00,15,10,26.4000,49.8000,3.229739,59.523318,56
2004-10-22T16:00:00,16,10,26.9000,48.6000,4.800964,72.809773,70
2004-10-22T17:00:00,17,10,26.2000,48.9000,4.713674,80.781646,79
2004-10-22T18:00:00,18,10,24.3000,54.3000,7.332381,86.627686,85
2004-10-22T19:00:00,19,10,23.3000,58.1000,5.935737,71.746856,69
2004-10-22T20:00:00,20,10,22.3000,62.5000,3.928061,63.243525,61
2004-10-22T21:00:00,21,10,21.3000,66.1000,2.182256,48.362696,45
2004-10-22T22:00:00,22,10,21.2000,65.7000,1.396644,39.327906,37
2004-10-22T23:00:00,23,10,20.3000,68.1000,1.483934,38.796448,36
2004-10-23T00:00:00,0,10,20.4000,66.7000,1.483934,37.733532,35
2004-10-23T01:00:00,1,10,19.9000,67.5000,0.960193,30.293117,28
2004-10-23T02:00:00,2,10,19.1000,70.0000,0.872903,27.104368,25
2004-10-23T05:00:00,5,10,18.1000,72.1000,0.611032,22.852702,21
2004-10-23T06:00:00,6,10,18.1000,72.3000,1.047483,27.635826,25
2004-10-23T07:00:00,7,10,17.6000,74.8000,2.007676,34.544783,32
2004-10-23T08:00:00,8,10,18.2000,72.8000,2.618708,36.670615,34
2004-10-23T09:00:00,9,10,20.2000,65.8000,2.880578,48.362696,45
2004-10-23T10:00:00,10,10,21.6000,61.4000,2.444127,48.894154,45
2004-10-23T11:00:00,11,10,23.3000,57.5000,2.618708,54.208736,51
2004-10-23T12:00:00,12,10,25.0000,52.4000,2.967869,62.712067,60
2004-10-23T13:00:00,13,10,25.4000,50.8000,2.618708,58.991860,55
2004-10-23T14:00:00,14,10,26.1000,47.1000,2.007676,53.677278,50
2004-10-23T15:00:00,15,10,27.0000,44.2000,2.705998,63.243525,61
2004-10-23T16:00:00,16,10,27.2000,43.0000,2.618708,61.117692,58
2004-10-23T17:00:00,17,10,25.6000,48.3000,2.880578,63.774983,61
2004-10-23T18:00:00,18,10,23.3000,57.9000,3.491610,61.117692,58
2004-10-23T19:00:00,19,10,22.2000,63.6000,4.015352,62.712067,60
2004-10-23T20:00:00,20,10,21.6000,67.7000,3.578900,62.180609,60
2004-10-23T21:00:00,21,10,21.0000,69.3000,2.007676,51.019987,48
2004-10-23T22:00:00,22,10,20.3000,70.5000,2.269547,47.299779,44
2004-10-23T23:00:00,23,10,20.0000,69.5000,2.269547,44.642488,42
2004-10-24T00:00:00,0,10,19.7000,70.1000,2.531417,51.551445,48
2004-10-24T01:00:00,1,10,19.5000,70.7000,1.833095,36.139157,34
2004-10-24T02:00:00,2,10,19.4000,71.4000,1.833095,35.076241,33
2004-10-24T05:00:00,5,10,18.0000,75.4000,1.222064,25.509993,24
2004-10-24T06:00:00,6,10,17.3000,78.4000,1.047483,24.978535,23
2004-10-24T07:00:00,7,10,17.5000,76.6000,1.309354,25.509993,24
2004-10-24T08:00:00,8,10,20.0000,66.7000,0.785612,23.915619,22
2004-10-24T09:00:00,9,10,19.1000,70.0000,1.222064,31.356034,29
2004-10-24T10:00:00,10,10,21.4000,61.7000,1.833095,44.642488,42
2004-10-24T11:00:00,11,10,24.6000,50.4000,1.396644,38.264990,36
2004-10-24T12:00:00,12,10,25.0000,49.1000,1.309354,36.139157,34
2004-10-24T13:00:00,13,10,25.3000,46.7000,0.960193,27.635826,25
2004-10-24T14:00:00,14,10,24.8000,47.9000,1.222064,37.202074,35
2004-10-24T15:00:00,15,10,25.3000,48.0000,1.745805,47.831238,44
2004-10-24T16:00:00,16,10,26.5000,44.9000,1.745805,46.236863,43
2004-10-24T17:00:00,17,10,25.0000,50.1000,2.182256,52.614361,49
2004-10-24T18:00:00,18,10,22.9000,57.6000,3.753481,68.026649,66
2004-10-24T19:00:00,19,10,21.7000,62.9000,4.539093,67.495191,65
2004-10-24T20:00:00,20,10,21.8000,63.0000,2.967869,52.614361,49
2004-10-24T21:00:00,21,10,21.2000,63.4000,1.134773,38.264990,36
2004-10-24T22:00:00,22,10,20.2000,65.8000,1.047483,32.950408,30
2004-10-24T23:00:00,23,10,18.4000,71.5000,1.483934,32.950408,30
2004-10-25T00:00:00,0,10,17.9000,72.4000,1.483934,33.481866,31
2004-10-25T01:00:00,1,10,16.9000,75.4000,1.222064,29.761659,27
2004-10-25T02:00:00,2,10,16.5000,75.5000,0.785612,23.384161,22
2004-10-25T05:00:00,5,10,16.2000,76.9000,0.785612,25.509993,24
2004-10-25T06:00:00,6,10,15.8000,79.6000,1.047483,31.356034,29
2004-10-25T07:00:00,7,10,16.0000,76.3000,2.793288,40.922281,38
2004-10-25T08:00:00,8,10,16.3000,74.3000,3.840771,46.768321,43
2004-10-25T09:00:00,9,10,18.7000,66.3000,3.055159,58.991860,55
2004-10-25T10:00:00,10,10,20.5000,60.2000,2.793288,60.586234,57
2004-10-25T11:00:00,11,10,19.3000,66.2000,2.618708,57.397485,54
2004-10-25T12:00:00,12,10,20.0000,63.9000,3.055159,58.991860,55
2004-10-25T13:00:00,13,10,21.4000,59.4000,3.491610,66.963733,64
2004-10-25T14:00:00,14,10,21.5000,60.9000,3.317030,62.180609,60
2004-10-25T15:00:00,15,10,21.6000,60.9000,3.666191,63.243525,61
2004-10-25T16:00:00,16,10,21.6000,62.0000,4.364513,66.432274,64
2004-10-25T17:00:00,17,10,21.7000,61.9000,6.895930,83.970395,82
2004-10-25T18:00:00,18,10,21.0000,64.9000,7.332381,79.187271,79
2004-10-25T19:00:00,19,10,20.0000,68.6000,6.983220,72.278315,75
2004-10-25T20:00:00,20,10,19.3000,71.4000,5.586576,59.523318,61
2004-10-25T21:00:00,21,10,18.5000,73.4000,3.055159,46.236863,43
2004-10-25T22:00:00,22,10,17.7000,75.6000,3.055159,43.579572,41
2004-10-25T23:00:00,23,10,18.5000,70.4000,1.658515,35.607699,33
2004-10-26T00:00:00,0,10,17.0000,76.1000,1.920386,36.139157,34
2004-10-26T01:00:00,1,10,16.8000,74.9000,1.396644,31.887492,29
2004-10-26T02:00:00,2,10,15.5000,78.5000,0.872903,25.509993,24
2004-10-26T05:00:00,5,10,14.8000,79.4000,0.785612,24.447077,23
2004-10-26T06:00:00,6,10,15.7000,77.0000,1.222064,28.698743,26
2004-10-26T07:00:00,7,10,16.2000,75.9000,2.618708,43.579572,41
2004-10-26T08:00:00,8,10,16.3000,75.9000,3.928061,49.425612,46
2004-10-26T09:00:00,9,10,17.7000,70.6000,3.317030,50.488529,47
2004-10-26T10:00:00,10,10,18.3000,67.6000,2.967869,63.774983,61
2004-10-26T11:00:00,11,10,20.1000,62.0000,3.055159,70.152482,68
2004-10-26T12:00:00,12,10,22.6000,54.5000,3.840771,77.592897,76
2004-10-26T13:00:00,13,10,24.6000,47.1000,3.491610,83.438937,82
2004-10-26T14:00:00,14,10,24.9000,48.3000,3.928061,83.970395,82
2004-10-26T15:00:00,15,10,24.9000,50.0000,4.626383,93.005184,93
2004-10-26T16:00:00,16,10,24.0000,55.0000,5.062835,88.222060,87
2004-10-26T17:00:00,17,10,23.2000,58.7000,7.332381,99.382683,99
2004-10-26T18:00:00,18,10,22.5000,61.5000,8.292574,95.662475,95
2004-10-26T19:00:00,19,10,22.2000,61.0000,5.411996,71.215398,69
2004-10-26T20:00:00,20,10,22.6000,58.3000,4.364513,67.495191,65
2004-10-26T21:00:00,21,10,21.0000,57.4000,1.833095,50.488529,47
2004-10-26T22:00:00,22,10,19.8000,63.7000,1.222064,41.985197,39
2004-10-26T23:00:00,23,10,17.7000,78.8000,1.396644,41.453739,39
2004-10-27T00:00:00,0,10,17.6000,80.5000,1.745805,42.516656,40
2004-10-27T01:00:00,1,10,17.4000,81.3000,1.047483,35.607699,33
2004-10-27T02:00:00,2,10,17.4000,81.0000,0.698322,32.418950,30
2004-10-27T05:00:00,5,10,16.8000,81.3000,0.611032,29.761659,27
2004-10-27T06:00:00,6,10,17.6000,78.8000,1.483934,36.139157,34
2004-10-27T07:00:00,7,10,18.0000,75.7000,2.967869,53.677278,50
2004-10-27T08:00:00,8,10,18.0000,74.8000,4.277222,63.243525,61
2004-10-27T09:00:00,9,10,18.2000,74.0000,2.356837,57.397485,54
2004-10-27T10:00:00,10,10,19.7000,65.4000,2.793288,70.152482,68
2004-10-27T11:00:00,11,10,21.0000,57.9000,2.356837,69.089565,67
2004-10-27T12:00:00,12,10,20.7000,58.6000,2.793288,68.558107,66
2004-10-27T13:00:00,13,10,19.5000,67.1000,3.578900,62.180609,60
2004-10-27T14:00:00,14,10,18.5000,76.2000,3.142449,63.243525,61
2004-10-27T15:00:00,15,10,19.6000,69.7000,2.444127,60.054776,57
2004-10-27T16:00:00,16,10,19.9000,65.3000,1.833095,54.208736,51
2004-10-27T17:00:00,17,10,20.0000,63.3000,2.094966,53.677278,50
2004-10-27T18:00:00,18,10,19.2000,66.4000,3.142449,61.649151,58
2004-10-27T19:00:00,19,10,19.3000,67.5000,2.269547,53.677278,50
2004-10-27T20:00:00,20,10,18.2000,71.4000,2.444127,49.957070,46
2004-10-27T21:00:00,21,10,17.8000,71.2000,1.222064,39.859365,37
2004-10-27T22:00:00,22,10,17.6000,69.9000,0.960193,36.670615,34
2004-10-27T23:00:00,23,10,16.0000,75.9000,1.134773,31.887492,29
2004-10-28T00:00:00,0,10,16.9000,72.0000,0.785612,30.824575,28
2004-10-28T01:00:00,1,10,15.7000,76.3000,0.872903,27.104368,25
2004-10-28T02:00:00,2,10,14.8000,78.7000,0.785612,23.915619,22
2004-10-28T05:00:00,5,10,15.2000,78.0000,0.698322,25.509993,24
2004-10-28T06:00:00,6,10,15.5000,77.2000,1.396644,32.418950,30
2004-10-28T07:00:00,7,10,15.7000,76.4000,2.967869,46.768321,43
2004-10-28T08:00:00,8,10,16.0000,76.4000,3.840771,54.208736,51
2004-10-28T09:00:00,9,10,16.7000,73.8000,3.055159,51.551445,48
2004-10-28T10:00:00,10,10,18.6000,66.3000,2.967869,61.649151,58
2004-10-28T11:00:00,11,10,20.4000,58.1000,2.094966,59.523318,56
2004-10-28T12:00:00,12,10,20.6000,57.3000,2.007676,53.677278,50
2004-10-28T13:00:00,13,10,21.6000,53.6000,2.269547,52.614361,49
2004-10-28T14:00:00,14,10,21.4000,55.6000,2.531417,60.054776,57
2004-10-28T15:00:00,15,10,20.7000,63.0000,3.840771,64.837900,62
2004-10-28T16:00:00,16,10,21.3000,61.9000,4.364513,73.872689,71
2004-10-28T17:00:00,17,10,20.8000,64.0000,5.673866,79.187271,78
2004-10-28T18:00:00,18,10,20.3000,66.7000,5.150125,72.278315,70
2004-10-28T19:00:00,19,10,19.7000,64.5000,2.356837,54.740194,51
2004-10-28T20:00:00,20,10,19.4000,64.0000,2.182256,59.523318,56
2004-10-28T21:00:00,21,10,20.1000,60.8000,1.309354,46.768321,43
2004-10-28T22:00:00,22,10,20.4000,60.4000,0.872903,33.481866,31
2004-10-28T23:00:00,23,10,20.1000,62.6000,1.047483,36.670615,34
2004-10-29T00:00:00,0,10,19.9000,64.9000,0.872903,34.544783,32
2004-10-29T01:00:00,1,10,18.2000,74.7000,0.698322,26.572910,25
2004-10-29T02:00:00,2,10,18.4000,73.8000,0.523742,22.852702,21
2004-10-29T05:00:00,5,10,18.5000,76.4000,0.960193,36.670615,34
2004-10-29T06:00:00,6,10,19.3000,71.6000,1.134773,48.362696,45
2004-10-29T07:00:00,7,10,20.2000,66.9000,2.531417,58.991860,55
2004-10-29T08:00:00,8,10,20.8000,64.7000,3.229739,65.900816,63
2004-10-29T09:00:00,9,10,21.9000,61.8000,2.618708,63.243525,61
2004-10-29T10:00:00,10,10,23.5000,57.7000,1.222064,40.922281,38
2004-10-29T11:00:00,11,10,19.8000,81.0000,2.269547,53.677278,50
2004-10-29T12:00:00,12,10,20.2000,86.5000,3.666191,61.649151,58
2004-10-29T13:00:00,13,10,20.2000,82.2000,4.451803,72.809773,70
2004-10-29T14:00:00,14,10,19.7000,82.2000,4.800964,86.627686,85
2004-10-29T15:00:00,15,10,20.2000,79.1000,3.928061,76.529980,74
2004-10-29T16:00:00,16,10,20.1000,75.4000,2.356837,62.712067,60
2004-10-29T17:00:00,17,10,20.2000,72.3000,2.705998,71.746856,69
2004-10-29T18:00:00,18,10,20.0000,73.3000,3.666191,68.558107,66
2004-10-29T19:00:00,19,10,18.3000,74.9000,2.705998,68.026649,66
2004-10-29T20:00:00,20,10,18.9000,70.4000,1.483934,54.740194,51
2004-10-29T21:00:00,21,10,17.3000,76.3000,1.571225,61.649151,58
2004-10-29T22:00:00,22,10,17.1000,77.9000,1.483934,50.488529,47
2004-10-29T23:00:00,23,10,17.3000,79.3000,1.833095,56.866027,53
2004-10-30T00:00:00,0,10,17.3000,79.9000,2.094966,57.397485,54
2004-10-30T01:00:00,1,10,16.9000,80.6000,1.571225,49.957070,46
2004-10-30T02:00:00,2,10,16.9000,81.4000,1.309354,44.642488,42
2004-10-30T05:00:00,5,10,16.7000,79.7000,0.872903,40.390823,38
2004-10-30T06:00:00,6,10,16.8000,79.0000,1.222064,43.579572,41
2004-10-30T07:00:00,7,10,16.8000,79.8000,2.094966,49.957070,46
2004-10-30T08:00:00,8,10,16.9000,79.9000,2.705998,54.208736,51
2004-10-30T09:00:00,9,10,17.4000,79.3000,2.618708,56.334569,53
2004-10-30T10:00:00,10,10,18.0000,76.6000,2.356837,57.397485,54
2004-10-30T11:00:00,11,10,21.2000,64.4000,3.491610,80.781646,79
2004-10-30T12:00:00,12,10,22.4000,60.8000,3.229739,85.033311,84
2004-10-30T13:00:00,13,10,22.6000,61.1000,2.967869,70.683940,68
2004-10-30T14:00:00,14,10,23.6000,57.3000,2.967869,78.124355,77
2004-10-30T15:00:00,15,10,23.5000,58.3000,2.793288,71.746856,69
2004-10-30T16:00:00,16,10,22.9000,61.6000,3.404320,71.746856,69
2004-10-30T17:00:00,17,10,22.3000,64.3000,3.229739,68.558107,66
2004-10-30T18:00:00,18,10,21.6000,68.0000,3.753481,62.180609,60
2004-10-30T19:00:00,19,10,21.2000,67.4000,4.277222,61.649151,58
2004-10-30T20:00:00,20,10,20.8000,65.8000,3.491610,57.928943,54
2004-10-30T21:00:00,21,10,20.4000,64.8000,2.444127,51.019987,48
2004-10-30T22:00:00,22,10,20.1000,66.7000,2.094966,47.831238,44
2004-10-30T23:00:00,23,10,19.5000,70.0000,1.658515,43.579572,41
2004-10-31T00:00:00,0,10,19.3000,70.4000,1.745805,45.705405,42
2004-10-31T01:00:00,1,10,19.7000,68.6000,1.309354,38.264990,36
2004-10-31T02:00:00,2,10,19.7000,68.2000,1.134773,32.418950,30
2004-10-31T05:00:00,5,10,18.9000,71.3000,0.436451,19.663953,18
2004-10-31T06:00:00,6,10,18.1000,79.0000,0.349161,16.475204,15
2004-10-31T07:00:00,7,10,20.4000,71.2000,0.349161,15.943746,14
2004-10-31T08:00:00,8,10,20.6000,70.7000,0.785612,21.789786,20
2004-10-31T09:00:00,9,10,19.3000,74.1000,1.134773,34.013324,32
2004-10-31T10:00:00,10,10,22.2000,64.4000,1.833095,39.327906,37
2004-10-31T11:00:00,11,10,23.0000,64.6000,2.094966,40.922281,38
2004-10-31T12:00:00,12,10,24.3000,57.4000,1.745805,44.111030,42
2004-10-31T13:00:00,13,10,22.0000,67.0000,1.571225,37.733532,35
2004-10-31T14:00:00,14,10,22.9000,65.7000,1.309354,32.950408,30
2004-10-31T15:00:00,15,10,23.2000,63.9000,1.396644,32.950408,30
2004-10-31T16:00:00,16,10,23.0000,62.3000,1.920386,41.985197,39
2004-10-31T17:00:00,17,10,22.4000,63.2000,2.007676,49.425612,46
2004-10-31T18:00:00,18,10,21.7000,66.6000,5.761157,56.334569,63
2004-10-31T19:00:00,19,10,21.2000,70.3000,4.102642,53.145820,50
2004-10-31T20:00:00,20,10,20.8000,70.9000,3.578900,47.299779,44
2004-10-31T21:00:00,21,10,20.0000,73.2000,3.578900,44.111030,42
2004-10-31T22:00:00,22,10,19.7000,73.7000,2.356837,40.390823,38
2004-10-31T23:00:00,23,10,19.9000,72.6000,2.269547,36.139157,34
2004-11-01T00:00:00,0,11,20.1000,71.3000,2.793288,36.670615,34
2004-11-01T01:00:00,1,11,20.1000,71.1000,3.229739,40.922281,38
2004-11-01T02:00:00,2,11,19.6000,73.2000,3.055159,36.139157,34
2004-11-01T05:00:00,5,11,18.4000,78.1000,2.356837,26.041452,26
2004-11-01T06:00:00,6,11,19.2000,74.7000,1.571225,23.915619,22
2004-11-01T07:00:00,7,11,19.4000,75.1000,1.134773,27.104368,25
2004-11-01T08:00:00,8,11,19.1000,75.6000,1.309354,27.104368,25
2004-11-01T09:00:00,9,11,20.3000,71.1000,1.658515,32.950408,30
2004-11-01T10:00:00,10,11,23.1000,61.3000,1.920386,39.327906,37
2004-11-01T11:00:00,11,11,25.1000,56.0000,2.269547,46.768321,43
2004-11-01T12:00:00,12,11,25.8000,56.1000,2.356837,47.831238,44
2004-11-01T13:00:00,13,11,23.7000,68.2000,2.182256,48.362696,45
2004-11-01T14:00:00,14,11,23.1000,70.8000,1.309354,34.013324,32
2004-11-01T15:00:00,15,11,23.9000,66.3000,1.745805,38.264990,36
2004-11-01T16:00:00,16,11,23.8000,65.0000,2.705998,46.768321,43
2004-11-01T17:00:00,17,11,23.2000,65.6000,3.229739,58.460401,55
2004-11-01T18:00:00,18,11,21.8000,72.7000,3.491610,50.488529,47
2004-11-01T19:00:00,19,11,21.7000,67.3000,3.578900,48.362696,45
2004-11-01T20:00:00,20,11,21.3000,66.3000,2.705998,49.957070,46
2004-11-01T21:00:00,21,11,20.4000,71.6000,2.793288,45.705405,42
2004-11-01T22:00:00,22,11,19.6000,75.3000,2.793288,41.985197,39
2004-11-01T23:00:00,23,11,19.3000,75.8000,2.356837,37.733532,35
2004-11-02T00:00:00,0,11,18.4000,76.3000,2.007676,32.950408,30
2004-11-02T01:00:00,1,11,18.2000,76.4000,1.396644,29.761659,27
2004-11-02T02:00:00,2,11,17.9000,74.8000,0.960193,26.041452,25
2004-11-02T05:00:00,5,11,17.6000,73.2000,0.523742,18.601037,17
2004-11-02T06:00:00,6,11,17.9000,69.3000,0.436451,19.663953,18
2004-11-02T07:00:00,7,11,16.1000,76.3000,1.309354,29.761659,27
2004-11-02T08:00:00,8,11,17.1000,72.8000,2.967869,45.173947,42
2004-11-02T09:00:00,9,11,20.8000,57.9000,3.840771,59.523318,56
2004-11-02T10:00:00,10,11,20.6000,60.2000,3.840771,56.866027,53
2004-11-02T11:00:00,11,11,22.1000,56.6000,5.062835,80.250187,79
2004-11-02T12:00:00,12,11,24.0000,50.0000,4.277222,80.250187,79
2004-11-02T13:00:00,13,11,25.7000,45.6000,4.451803,79.718729,78
2004-11-02T14:00:00,14,11,25.5000,49.7000,6.546769,100.977057,100
2004-11-02T15:00:00,15,11,25.2000,50.6000,5.062835,89.284977,88
2004-11-02T16:00:00,16,11,25.4000,50.7000,5.150125,67.495191,65
2004-11-02T17:00:00,17,11,24.4000,56.0000,5.935737,74.404147,72
2004-11-02T18:00:00,18,11,23.0000,62.1000,6.895930,83.970395,82
2004-11-02T19:00:00,19,11,21.8000,65.3000,6.983220,64.306442,75
2004-11-02T20:00:00,20,11,20.9000,67.5000,8.030703,63.243525,86
2004-11-02T21:00:00,21,11,20.2000,68.6000,5.150125,51.019987,57
2004-11-02T22:00:00,22,11,19.3000,70.8000,3.229739,40.922281,38
2004-11-02T23:00:00,23,11,19.2000,68.8000,2.269547,35.076241,33
2004-11-03T00:00:00,0,11,20.4000,61.1000,0.960193,29.761659,27
2004-11-03T01:00:00,1,11,18.0000,71.5000,2.269547,32.950408,30
2004-11-03T02:00:00,2,11,17.5000,73.2000,1.920386,30.824575,28
2004-11-03T05:00:00,5,11,16.8000,71.9000,0.436451,18.601037,17
2004-11-03T06:00:00,6,11,16.9000,70.5000,0.611032,26.572910,25
2004-11-03T07:00:00,7,11,17.0000,70.1000,1.134773,34.013324,32
2004-11-03T08:00:00,8,11,18.8000,62.5000,1.920386,39.859365,37
2004-11-03T09:00:00,9,11,20.3000,58.4000,3.229739,53.677278,50
2004-11-03T10:00:00,10,11,23.7000,49.1000,3.229739,49.957070,46
2004-11-03T11:00:00,11,11,26.6000,42.8000,2.967869,50.488529,47
2004-11-03T12:00:00,12,11,26.2000,43.5000,2.967869,65.900816,63
2004-11-03T13:00:00,13,11,26.3000,43.6000,2.269547,45.705405,42
2004-11-03T14:00:00,14,11,26.6000,42.5000,2.182256,41.985197,39
2004-11-03T15:00:00,15,11,26.3000,43.7000,2.182256,46.236863,43
2004-11-03T16:00:00,16,11,25.6000,46.2000,2.356837,49.957070,46
2004-11-03T17:00:00,17,11,25.1000,47.6000,2.793288,56.866027,53
2004-11-03T18:00:00,18,11,23.8000,51.4000,3.229739,56.866027,53
2004-11-03T19:00:00,19,11,23.3000,53.1000,4.015352,62.180609,60
2004-11-03T20:00:00,20,11,22.4000,55.2000,2.880578,51.551445,48
2004-11-03T21:00:00,21,11,21.7000,57.7000,2.094966,47.831238,44
2004-11-03T22:00:00,22,11,20.5000,63.0000,2.444127,45.705405,42
2004-11-03T23:00:00,23,11,19.5000,67.6000,2.356837,40.922281,38
2004-11-04T00:00:00,0,11,18.7000,69.0000,1.571225,35.076241,33
2004-11-04T01:00:00,1,11,19.3000,65.5000,0.960193,30.293117,28
2004-11-04T02:00:00,2,11,17.6000,70.8000,1.047483,29.230201,27
2004-11-04T04:00:00,4,11,17.8000,68.1000,0.523742,21.258328,20
2004-11-04T05:00:00,5,11,16.1000,73.5000,0.436451,21.258328,20
2004-11-04T06:00:00,6,11,15.8000,73.5000,0.611032,24.447077,23
2004-11-04T07:00:00,7,11,17.0000,68.0000,0.698322,28.167284,26
2004-11-04T08:00:00,8,11,16.0000,72.2000,3.055159,44.642488,42
2004-11-04T09:00:00,9,11,17.8000,65.4000,3.142449,46.768321,43
2004-11-04T18:00:00,18,11,23.1000,61.1000,7.594252,90.879351,89
2004-11-04T19:00:00,19,11,22.2000,63.7000,5.062835,65.900816,63
2004-11-04T20:00:00,20,11,21.1000,66.1000,3.753481,51.551445,48
2004-11-04T21:00:00,21,11,20.0000,69.0000,3.142449,48.894154,45
2004-11-04T22:00:00,22,11,19.1000,72.0000,3.404320,51.019987,48
2004-11-04T23:00:00,23,11,18.8000,70.6000,2.094966,39.327906,37
2004-11-05T00:00:00,0,11,18.5000,69.5000,1.396644,34.544783,32
2004-11-05T01:00:00,1,11,18.4000,68.5000,1.571225,32.950408,30
2004-11-05T02:00:00,2,11,16.8000,73.3000,1.309354,31.356034,29
2004-11-05T04:00:00,4,11,16.5000,71.0000,0.436451,21.789786,20
2004-11-05T05:00:00,5,11,16.9000,67.9000,0.349161,20.195411,19
2004-11-05T06:00:00,6,11,16.1000,69.3000,0.436451,22.852702,21
2004-11-05T07:00:00,7,11,16.1000,69.6000,0.698322,27.635826,25
2004-11-05T08:00:00,8,11,16.2000,70.1000,1.745805,39.859365,37
2004-11-05T09:00:00,9,11,16.5000,69.3000,5.411996,62.712067,60
2004-11-05T10:00:00,10,11,19.6000,58.3000,3.928061,66.963733,64
2004-11-05T11:00:00,11,11,20.7000,55.5000,4.015352,80.250187,79
2004-11-05T12:00:00,12,11,20.8000,56.3000,2.880578,56.866027,53
2004-11-05T13:00:00,13,11,21.7000,53.1000,3.142449,60.586234,57
2004-11-05T14:00:00,14,11,23.0000,49.0000,3.840771,66.432274,64
2004-11-05T15:00:00,15,11,24.2000,44.0000,3.753481,73.341231,71
2004-11-05T16:00:00,16,11,24.7000,43.6000,4.364513,76.529980,74
2004-11-05T17:00:00,17,11,23.0000,54.2000,7.070511,95.662475,95
2004-11-05T18:00:00,18,11,21.4000,60.9000,6.983220,81.844562,80
2004-11-05T19:00:00,19,11,20.3000,61.4000,3.142449,55.803110,52
2004-11-05T20:00:00,20,11,20.0000,63.2000,2.531417,52.082903,49
2004-11-05T21:00:00,21,11,19.1000,64.4000,2.356837,49.425612,46
2004-11-05T22:00:00,22,11,18.1000,67.5000,1.658515,40.390823,38
2004-11-05T23:00:00,23,11,17.8000,66.9000,1.134773,36.670615,34
2004-11-06T00:00:00,0,11,17.6000,66.5000,1.047483,35.076241,33
2004-11-06T01:00:00,1,11,16.1000,71.2000,1.571225,40.390823,38
2004-11-06T02:00:00,2,11,15.5000,73.3000,1.658515,38.796448,36
2004-11-06T04:00:00,4,11,15.6000,70.8000,0.785612,28.698743,26
2004-11-06T05:00:00,5,11,17.0000,64.5000,0.436451,23.384161,22
2004-11-06T06:00:00,6,11,14.9000,72.3000,0.523742,23.915619,22
2004-11-06T07:00:00,7,11,14.0000,76.6000,0.960193,30.824575,28
2004-11-06T08:00:00,8,11,14.6000,74.2000,2.444127,46.236863,43
2004-11-06T09:00:00,9,11,15.9000,69.8000,2.531417,51.551445,48
2004-11-06T10:00:00,10,11,18.4000,61.3000,1.483934,42.516656,40
2004-11-06T11:00:00,11,11,20.0000,56.7000,2.007676,43.579572,41
2004-11-06T12:00:00,12,11,20.4000,57.0000,2.880578,59.523318,56
2004-11-06T13:00:00,13,11,20.7000,59.3000,3.055159,64.306442,62
2004-11-06T14:00:00,14,11,21.7000,54.8000,3.317030,70.152482,68
2004-11-06T15:00:00,15,11,22.0000,54.2000,2.967869,74.935606,72
2004-11-06T16:00:00,16,11,21.4000,57.1000,3.317030,69.089565,67
2004-11-06T17:00:00,17,11,20.8000,58.7000,3.142449,60.054776,57
2004-11-06T18:00:00,18,11,20.1000,59.6000,3.055159,53.677278,50
2004-11-06T19:00:00,19,11,20.0000,58.4000,2.444127,48.362696,45
2004-11-06T20:00:00,20,11,19.5000,58.9000,2.182256,47.831238,44
2004-11-06T21:00:00,21,11,19.5000,57.4000,2.705998,47.831238,44
2004-11-06T22:00:00,22,11,19.1000,59.2000,1.571225,44.111030,42
2004-11-06T23:00:00,23,11,18.8000,59.1000,1.396644,38.796448,36
2004-11-07T00:00:00,0,11,18.0000,60.4000,1.658515,42.516656,40
2004-11-07T01:00:00,1,11,17.5000,60.7000,1.745805,46.236863,43
2004-11-07T02:00:00,2,11,17.5000,59.4000,1.222064,41.985197,39
2004-11-07T05:00:00,5,11,16.1000,49.8000,0.611032,22.321244,21
2004-11-07T06:00:00,6,11,15.5000,51.5000,0.349161,16.475204,15
2004-11-07T07:00:00,7,11,15.1000,52.0000,0.349161,18.601037,17
2004-11-07T08:00:00,8,11,14.9000,46.8000,0.436451,27.104368,25
2004-11-07T09:00:00,9,11,15.5000,42.4000,0.611032,30.824575,28
2004-11-07T10:00:00,10,11,16.6000,38.2000,0.611032,30.293117,28
2004-11-07T11:00:00,11,11,18.0000,34.7000,0.611032,33.481866,31
2004-11-07T12:00:00,12,11,18.0000,35.1000,0.872903,32.418950,30
2004-11-07T13:00:00,13,11,17.6000,33.8000,0.872903,18.069579,17
2004-11-07T14:00:00,14,11,17.5000,33.7000,0.785612,13.817913,12
2004-11-07T15:00:00,15,11,17.2000,33.9000,0.785612,14.880829,13
2004-11-07T16:00:00,16,11,16.8000,32.1000,0.785612,26.572910,25
2004-11-07T17:00:00,17,11,16.0000,34.1000,0.960193,29.230201,27
2004-11-07T18:00:00,18,11,14.8000,37.5000,2.793288,44.642488,42
2004-11-07T19:00:00,19,11,14.4000,39.2000,2.705998,74.404147,72
2004-11-07T20:00:00,20,11,14.1000,43.0000,2.705998,73.341231,71
2004-11-07T21:00:00,21,11,13.4000,48.4000,2.007676,67.495191,65
2004-11-07T22:00:00,22,11,12.7000,51.2000,1.571225,62.180609,60
2004-11-07T23:00:00,23,11,9.9000,71.4000,0.698322,30.293117,28
2004-11-08T00:00:00,0,11,10.2000,71.6000,0.785612,31.356034,29
2004-11-08T01:00:00,1,11,10.6000,61.3000,0.698322,32.950408,30
2004-11-08T02:00:00,2,11,11.1000,55.6000,0.611032,22.321244,21
2004-11-08T04:00:00,4,11,11.3000,49.5000,0.174581,6.908957,6
2004-11-08T05:00:00,5,11,10.8000,50.9000,0.174581,9.566248,8
2004-11-08T06:00:00,6,11,10.9000,50.1000,0.261871,13.817913,12
2004-11-08T07:00:00,7,11,10.8000,49.7000,0.611032,38.264990,36
2004-11-08T08:00:00,8,11,10.7000,50.4000,1.483934,69.621024,67
2004-11-08T09:00:00,9,11,10.9000,50.0000,1.571225,70.683940,68
2004-11-08T10:00:00,10,11,12.1000,46.5000,1.309354,61.649151,58
2004-11-08T11:00:00,11,11,12.4000,44.1000,1.134773,62.180609,60
2004-11-08T12:00:00,12,11,13.0000,40.1000,1.047483,54.740194,51
2004-11-08T13:00:00,13,11,13.4000,36.3000,1.134773,53.145820,50
2004-11-08T14:00:00,14,11,13.1000,38.5000,1.571225,55.803110,52
2004-11-08T15:00:00,15,11,11.5000,46.4000,1.483934,64.306442,62
2004-11-08T16:00:00,16,11,13.1000,40.4000,1.920386,70.152482,68
2004-11-08T17:00:00,17,11,13.0000,39.3000,2.793288,82.907478,81
2004-11-08T18:00:00,18,11,11.3000,50.9000,5.150125,97.256850,97
2004-11-10T04:00:00,4,11,8.0000,64.5000,0.174581,15.412288,14
2004-11-10T05:00:00,5,11,8.1000,68.6000,0.174581,13.817913,12
2004-11-10T06:00:00,6,11,6.3000,84.8000,0.261871,20.726870,19
2004-11-10T07:00:00,7,11,6.7000,79.8000,0.436451,38.264990,36
2004-11-10T08:00:00,8,11,7.1000,77.9000,1.222064,68.026649,66
2004-11-10T09:00:00,9,11,7.9000,73.5000,1.745805,79.187271,78
2004-11-10T10:00:00,10,11,6.9000,86.0000,1.396644,87.690602,86
2004-11-10T11:00:00,11,11,6.8000,87.1000,1.134773,79.718729,78
2004-11-10T12:00:00,12,11,8.0000,81.6000,1.222064,87.690602,86
2004-11-10T13:00:00,13,11,9.5000,70.0000,1.658515,93.005184,93
2004-11-10T14:00:00,14,11,10.5000,62.2000,2.356837,77.061438,76
2004-11-10T15:00:00,15,11,11.4000,59.1000,1.833095,52.082903,49
2004-11-10T16:00:00,16,11,11.1000,58.6000,2.094966,55.803110,52
2004-11-10T17:00:00,17,11,10.8000,57.6000,2.356837,56.334569,53
2004-11-10T18:00:00,18,11,10.6000,56.9000,2.182256,74.935606,72
2004-11-10T19:00:00,19,11,10.6000,59.3000,3.229739,94.068101,94
2004-11-10T20:00:00,20,11,10.0000,71.5000,4.015352,96.725392,96
2004-11-10T21:00:00,21,11,10.3000,71.1000,3.404320,102.571432,101
2004-11-10T22:00:00,22,11,10.5000,70.3000,1.920386,78.655813,77
2004-11-10T23:00:00,23,11,10.2000,71.3000,2.356837,88.753519,87
2004-11-11T00:00:00,0,11,9.7000,73.1000,2.269547,83.970395,82
2004-11-11T01:00:00,1,11,9.3000,73.5000,1.833095,70.152482,68
2004-11-11T02:00:00,2,11,9.2000,73.9000,1.222064,51.551445,48
2004-11-11T04:00:00,4,11,7.6000,81.2000,0.960193,39.327906,37
2004-11-11T05:00:00,5,11,7.5000,81.5000,0.960193,36.139157,34
2004-11-11T06:00:00,6,11,8.3000,77.2000,0.960193,47.299779,44
2004-11-11T07:00:00,7,11,8.9000,75.6000,1.309354,62.180609,60
2004-11-11T08:00:00,8,11,9.2000,81.7000,2.705998,100.977057,100
2004-11-11T09:00:00,9,11,9.9000,83.4000,5.935737,112.137679,103
2004-11-11T10:00:00,10,11,10.2000,82.3000,4.713674,100.977057,100
2004-11-11T11:00:00,11,11,11.2000,80.7000,3.928061,103.102890,101
2004-11-11T12:00:00,12,11,11.8000,76.1000,2.618708,111.606221,103
2004-11-11T13:00:00,13,11,12.5000,71.3000,2.444127,105.760181,102
2004-11-11T14:00:00,14,11,13.2000,68.4000,3.404320,94.599559,94
2004-11-11T15:00:00,15,11,12.5000,73.2000,2.967869,97.788308,97
2004-11-11T16:00:00,16,11,12.2000,75.7000,2.793288,98.851224,98
2004-11-11T17:00:00,17,11,11.5000,78.1000,2.444127,89.284977,88
2004-11-11T18:00:00,18,11,11.6000,76.0000,3.404320,99.382683,99
2004-11-11T19:00:00,19,11,12.0000,73.3000,3.055159,88.222060,87
2004-11-11T20:00:00,20,11,12.9000,68.8000,4.102642,94.068101,94
2004-11-11T21:00:00,21,11,13.1000,69.6000,4.015352,110.011846,103
2004-11-11T22:00:00,22,11,12.3000,73.4000,1.047483,60.586234,57
2004-11-11T23:00:00,23,11,12.7000,71.0000,0.960193,44.642488,42
2004-11-12T00:00:00,0,11,12.9000,69.9000,1.047483,48.894154,45
2004-11-12T01:00:00,1,11,12.9000,70.5000,1.396644,58.991860,55
2004-11-12T02:00:00,2,11,13.1000,67.7000,0.611032,37.733532,35
2004-11-12T05:00:00,5,11,13.7000,64.4000,0.523742,26.572910,25
2004-11-12T06:00:00,6,11,13.9000,63.8000,0.436451,28.167284,26
2004-11-12T07:00:00,7,11,14.1000,64.5000,0.523742,35.607699,33
2004-11-12T08:00:00,8,11,14.0000,66.1000,1.222064,60.054776,57
2004-11-12T09:00:00,9,11,14.2000,66.4000,1.745805,74.404147,72
2004-11-12T10:00:00,10,11,14.9000,62.5000,1.396644,61.649151,58
2004-11-12T11:00:00,11,11,16.3000,58.4000,1.396644,64.837900,62
2004-11-12T12:00:00,12,11,16.9000,56.5000,1.483934,61.649151,58
2004-11-12T13:00:00,13,11,17.4000,55.8000,1.745805,62.712067,60
2004-11-12T14:00:00,14,11,17.4000,57.3000,2.007676,66.432274,64
2004-11-12T15:00:00,15,11,17.7000,55.5000,2.094966,66.963733,64
2004-11-12T16:00:00,16,11,16.8000,58.9000,1.920386,71.746856,69
2004-11-12T17:00:00,17,11,17.0000,57.5000,2.269547,74.404147,72
2004-11-12T18:00:00,18,11,16.2000,60.2000,3.491610,86.627686,85
2004-11-12T19:00:00,19,11,16.7000,58.0000,4.539093,94.599559,94
2004-11-12T20:00:00,20,11,16.5000,58.8000,3.404320,85.033311,84
2004-11-12T21:00:00,21,11,15.8000,61.1000,3.317030,88.222060,87
2004-11-12T22:00:00,22,11,15.7000,60.8000,1.396644,61.117692,58
2004-11-12T23:00:00,23,11,15.9000,59.6000,1.309354,56.866027,53
2004-11-13T00:00:00,0,11,15.6000,60.0000,1.396644,57.397485,54
2004-11-13T01:00:00,1,11,15.6000,60.1000,1.309354,58.991860,55
2004-11-13T02:00:00,2,11,15.7000,59.5000,0.872903,39.859365,37
2004-11-13T04:00:00,4,11,15.6000,61.7000,1.134773,46.768321,43
2004-11-13T05:00:00,5,11,15.8000,59.9000,0.872903,37.733532,35
2004-11-13T06:00:00,6,11,15.2000,61.8000,0.872903,39.859365,37
2004-11-13T07:00:00,7,11,16.1000,55.4000,0.785612,45.705405,42
2004-11-13T08:00:00,8,11,14.9000,64.1000,1.833095,65.900816,63
2004-11-13T09:00:00,9,11,15.6000,62.0000,1.833095,68.026649,66
2004-11-13T10:00:00,10,11,17.9000,54.6000,2.705998,87.159144,86
2004-11-13T11:00:00,11,11,21.1000,44.5000,3.317030,105.760181,102
2004-11-13T12:00:00,12,11,20.3000,46.7000,3.229739,102.039973,101
2004-11-13T13:00:00,13,11,21.5000,42.7000,3.142449,88.222060,87
2004-11-13T14:00:00,14,11,21.5000,43.1000,2.880578,70.683940,68
2004-11-13T15:00:00,15,11,21.5000,43.4000,1.833095,62.712067,60
2004-11-13T16:00:00,16,11,20.8000,45.5000,2.007676,70.683940,68
2004-11-13T17:00:00,17,11,19.2000,49.6000,1.833095,68.026649,66
2004-11-13T18:00:00,18,11,18.3000,51.6000,1.658515,61.649151,58
2004-11-13T19:00:00,19,11,17.7000,51.5000,1.658515,62.712067,60
2004-11-13T20:00:00,20,11,17.2000,51.5000,2.007676,75.467064,73
2004-11-13T21:00:00,21,11,15.9000,54.9000,1.483934,60.054776,57
2004-11-13T22:00:00,22,11,14.0000,55.2000,0.698322,31.356034,29
2004-11-13T23:00:00,23,11,13.3000,53.0000,0.698322,27.635826,25
2004-11-14T00:00:00,0,11,11.9000,55.5000,0.698322,30.293117,28
2004-11-14T01:00:00,1,11,11.4000,54.6000,0.698322,30.824575,28
2004-11-14T02:00:00,2,11,10.4000,53.7000,0.523742,23.384161,22
2004-11-14T04:00:00,4,11,9.8000,51.3000,0.261871,13.817913,12
2004-11-14T05:00:00,5,11,9.5000,52.2000,0.261871,10.629164,9
2004-11-14T06:00:00,6,11,10.0000,45.7000,0.174581,9.034789,8
2004-11-14T07:00:00,7,11,10.2000,41.9000,0.174581,11.160622,10
2004-11-14T08:00:00,8,11,10.6000,36.1000,0.261871,15.412288,14
2004-11-14T09:00:00,9,11,10.7000,36.0000,0.261871,20.726870,19
2004-11-14T10:00:00,10,11,10.8000,35.4000,0.349161,21.789786,20
2004-11-14T11:00:00,11,11,11.4000,32.9000,0.349161,23.384161,22
2004-11-14T12:00:00,12,11,12.4000,32.0000,0.523742,28.698743,26
2004-11-14T13:00:00,13,11,12.4000,31.3000,0.523742,32.950408,30
2004-11-14T14:00:00,14,11,12.2000,31.8000,0.523742,32.950408,30
2004-11-14T15:00:00,15,11,10.5000,37.9000,0.436451,25.509993,24
2004-11-14T16:00:00,16,11,9.6000,44.2000,0.523742,31.356034,29
2004-11-14T17:00:00,17,11,8.2000,57.9000,0.611032,33.481866,31
2004-11-14T18:00:00,18,11,7.3000,63.5000,1.222064,41.453739,39
2004-11-14T19:00:00,19,11,8.4000,55.7000,1.047483,52.614361,49
2004-11-14T20:00:00,20,11,9.1000,49.6000,0.960193,56.334569,53
2004-11-14T21:00:00,21,11,10.0000,41.4000,0.872903,51.551445,48
2004-11-14T22:00:00,22,11,10.4000,36.2000,0.523742,35.607699,33
2004-11-14T23:00:00,23,11,11.3000,32.3000,0.698322,38.796448,36
2004-11-15T00:00:00,0,11,10.9000,33.5000,0.523742,32.950408,30
2004-11-15T01:00:00,1,11,10.6000,34.9000,0.436451,23.384161,22
2004-11-15T02:00:00,2,11,10.7000,36.1000,0.261871,16.475204,15
2004-11-15T05:00:00,5,11,10.4000,38.6000,0.261871,11.692080,10
2004-11-15T06:00:00,6,11,10.4000,37.4000,0.349161,21.789786,20
2004-11-15T07:00:00,7,11,10.5000,37.0000,0.611032,49.957070,46
2004-11-15T08:00:00,8,11,10.7000,37.9000,1.745805,88.753519,87
2004-11-15T09:00:00,9,11,11.1000,38.1000,2.094966,86.096228,85
2004-11-15T10:00:00,10,11,12.6000,36.6000,1.571225,74.935606,72
2004-11-15T11:00:00,11,11,13.8000,36.2000,1.396644,67.495191,65
2004-11-15T12:00:00,12,11,13.4000,37.1000,1.483934,61.649151,58
2004-11-15T13:00:00,13,11,13.5000,34.9000,1.571225,55.271652,52
2004-11-15T14:00:00,14,11,13.7000,32.2000,1.483934,58.991860,55
2004-11-15T15:00:00,15,11,13.6000,32.1000,1.483934,60.586234,57
2004-11-15T16:00:00,16,11,13.5000,31.8000,1.483934,64.306442,62
2004-11-15T17:00:00,17,11,13.5000,27.9000,2.269547,87.159144,86
2004-11-15T18:00:00,18,11,12.7000,28.9000,3.491610,103.102890,101
2004-11-15T19:00:00,19,11,12.6000,30.2000,3.317030,93.005184,93
2004-11-15T20:00:00,20,11,12.3000,32.0000,3.491610,95.662475,95
2004-11-15T21:00:00,21,11,12.0000,34.3000,2.094966,78.124355,77
2004-11-15T22:00:00,22,11,11.6000,37.3000,1.222064,59.523318,56
2004-11-15T23:00:00,23,11,11.3000,40.3000,1.134773,49.957070,46
2004-11-16T00:00:00,0,11,11.3000,41.8000,1.134773,48.362696,45
2004-11-16T01:00:00,1,11,11.2000,42.0000,0.872903,40.390823,38
2004-11-16T02:00:00,2,11,11.0000,42.6000,0.698322,38.796448,36
2004-11-16T04:00:00,4,11,11.1000,40.8000,0.349161,17.006662,16
2004-11-16T05:00:00,5,11,10.7000,41.8000,0.436451,21.258328,20
2004-11-16T06:00:00,6,11,10.2000,43.6000,0.436451,33.481866,31
2004-11-16T07:00:00,7,11,10.1000,44.0000,0.785612,63.243525,61
2004-11-16T08:00:00,8,11,10.1000,45.6000,3.055159,107.354555,102
2004-11-16T09:00:00,9,11,11.3000,43.9000,4.539093,117.983719,104
2004-11-16T10:00:00,10,11,14.5000,33.8000,3.753481,112.669137,103
2004-11-16T11:00:00,11,11,17.5000,26.4000,3.055159,116.389345,104
2004-11-16T12:00:00,12,11,17.2000,22.4000,2.269547,100.445599,100
2004-11-16T13:00:00,13,11,17.3000,20.4000,2.182256,78.124355,77
2004-11-16T14:00:00,14,11,18.1000,21.0000,2.444127,85.564769,84
2004-11-16T15:00:00,15,11,17.9000,22.3000,1.920386,78.655813,77
2004-11-16T16:00:00,16,11,17.6000,23.7000,2.094966,78.655813,77
2004-11-16T17:00:00,17,11,16.7000,25.9000,3.055159,99.914141,99
2004-11-16T18:00:00,18,11,14.8000,29.6000,3.666191,109.480388,103
2004-11-16T19:00:00,19,11,13.6000,34.0000,2.705998,89.284977,88
2004-11-16T20:00:00,20,11,13.4000,40.4000,2.793288,90.879351,89
2004-11-16T21:00:00,21,11,11.8000,44.3000,2.444127,90.879351,89
2004-11-16T22:00:00,22,11,10.7000,47.5000,1.920386,75.467064,73
2004-11-16T23:00:00,23,11,10.2000,49.4000,1.571225,71.215398,69
2004-11-17T00:00:00,0,11,9.5000,51.0000,1.483934,56.866027,53
2004-11-17T01:00:00,1,11,7.7000,57.9000,1.396644,64.306442,62
2004-11-17T02:00:00,2,11,8.4000,54.5000,0.960193,45.173947,42
2004-11-17T04:00:00,4,11,6.2000,61.0000,0.611032,36.139157,34
2004-11-17T05:00:00,5,11,6.8000,58.6000,0.698322,36.670615,34
2004-11-17T06:00:00,6,11,5.7000,62.7000,0.785612,43.048114,41
2004-11-17T07:00:00,7,11,5.9000,62.0000,1.047483,48.894154,45
2004-11-17T08:00:00,8,11,6.3000,61.7000,2.880578,106.291639,102
2004-11-17T09:00:00,9,11,7.5000,58.8000,3.317030,106.823097,102
2004-11-17T10:00:00,10,11,11.4000,45.4000,2.793288,113.200596,103
2004-11-17T12:00:00,12,11,13.3000,42.3000,2.793288,99.382683,99
2004-11-17T13:00:00,13,11,14.7000,38.9000,3.666191,108.948930,102
2004-11-17T14:00:00,14,11,16.5000,32.9000,3.753481,112.669137,103
2004-11-17T15:00:00,15,11,17.4000,32.7000,3.491610,105.228723,102
2004-11-17T16:00:00,16,11,17.3000,33.9000,3.578900,90.879351,89
2004-11-17T17:00:00,17,11,16.0000,41.5000,6.808640,144.556629,109
2004-11-17T18:00:00,18,11,13.7000,52.8000,8.903606,102.039973,101
2004-11-17T19:00:00,19,11,13.0000,55.1000,5.761157,153.059960,111
2004-11-17T20:00:00,20,11,12.4000,56.8000,3.753481,134.990382,107
2004-11-17T21:00:00,21,11,10.7000,62.1000,4.277222,141.899338,109
2004-11-17T22:00:00,22,11,10.5000,61.1000,2.269547,105.228723,102
2004-11-17T23:00:00,23,11,9.7000,62.5000,2.007676,77.061438,76
2004-11-18T00:00:00,0,11,8.8000,65.5000,2.356837,88.753519,87
2004-11-18T01:00:00,1,11,8.8000,63.8000,1.920386,67.495191,65
2004-11-18T02:00:00,2,11,8.5000,65.0000,1.745805,63.243525,61
2004-11-18T04:00:00,4,11,6.4000,74.0000,1.047483,44.642488,42
2004-11-18T05:00:00,5,11,5.9000,76.6000,0.960193,47.299779,44
2004-11-18T06:00:00,6,11,6.1000,76.7000,1.222064,64.837900,62
2004-11-18T07:00:00,7,11,6.8000,74.5000,1.833095,86.096228,85
2004-11-18T08:00:00,8,11,7.7000,72.5000,3.928061,119.578094,104
2004-11-18T09:00:00,9,11,8.9000,67.4000,4.888254,132.333091,107
2004-11-18T10:00:00,10,11,11.4000,58.3000,4.888254,149.871211,110
2004-11-18T11:00:00,11,11,13.4000,52.8000,4.102642,147.745378,110
2004-11-18T12:00:00,12,11,15.8000,50.1000,3.666191,133.396007,107
2004-11-18T13:00:00,13,11,18.3000,50.0000,3.142449,110.543305,103
2004-11-18T14:00:00,14,11,18.8000,49.2000,2.793288,99.382683,99
2004-11-18T15:00:00,15,11,18.4000,49.6000,2.705998,96.725392,96
2004-11-18T16:00:00,16,11,18.3000,51.0000,3.317030,112.669137,103
2004-11-18T17:00:00,17,11,17.6000,53.1000,3.404320,92.473726,91
2004-11-18T18:00:00,18,11,17.3000,53.6000,4.015352,116.920803,104
2004-11-18T19:00:00,19,11,16.8000,55.2000,4.277222,113.732054,103
2004-11-18T20:00:00,20,11,16.6000,56.5000,4.713674,112.669137,103
2004-11-18T21:00:00,21,11,16.3000,58.1000,3.753481,101.508515,101
2004-11-18T22:00:00,22,11,15.9000,59.0000,2.705998,85.033311,84
2004-11-18T23:00:00,23,11,15.9000,59.4000,2.182256,69.089565,67
2004-11-19T00:00:00,0,11,15.7000,60.9000,2.094966,70.683940,68
2004-11-19T01:00:00,1,11,16.1000,59.5000,1.658515,58.460401,55
2004-11-19T02:00:00,2,11,15.5000,63.8000,1.134773,34.544783,32
2004-11-19T04:00:00,4,11,14.7000,64.4000,0.960193,21.789786,20
2004-11-19T05:00:00,5,11,14.7000,59.8000,0.785612,19.132495,18
2004-11-19T06:00:00,6,11,15.4000,55.9000,0.872903,23.915619,22
2004-11-19T07:00:00,7,11,14.5000,63.0000,1.396644,52.082903,49
2004-11-19T08:00:00,8,11,14.7000,63.1000,4.189932,103.102890,101
2004-11-19T09:00:00,9,11,15.2000,62.2000,5.150125,101.508515,101
2004-11-19T10:00:00,10,11,16.1000,59.2000,4.888254,102.571432,101
2004-11-19T11:00:00,11,11,17.0000,55.9000,3.055159,122.766843,105
2004-11-19T12:00:00,12,11,17.6000,52.2000,2.444127,107.354555,102
2004-11-19T13:00:00,13,11,17.3000,55.4000,3.142449,99.914141,99
2004-11-19T14:00:00,14,11,17.8000,53.5000,4.189932,97.788308,97
2004-11-19T15:00:00,15,11,18.3000,52.3000,4.364513,117.983719,104
2004-11-19T16:00:00,16,11,18.3000,52.8000,4.888254,117.452261,104
2004-11-19T17:00:00,17,11,17.7000,56.6000,6.546769,102.571432,101
2004-11-19T18:00:00,18,11,17.3000,58.2000,6.284898,99.382683,99
2004-11-19T19:00:00,19,11,16.2000,62.6000,7.245091,99.914141,99
2004-11-19T20:00:00,20,11,15.2000,57.5000,7.506962,98.319766,98
2004-11-19T21:00:00,21,11,14.2000,27.7000,3.753481,77.592897,76
2004-11-19T22:00:00,22,11,13.4000,14.3000,2.269547,63.774983,61
2004-11-19T23:00:00,23,11,12.8000,14.8000,2.269547,58.460401,55
2004-11-20T00:00:00,0,11,12.2000,14.0000,2.356837,64.306442,62
2004-11-20T01:00:00,1,11,12.0000,14.5000,2.356837,66.963733,64
2004-11-20T02:00:00,2,11,10.8000,17.0000,2.269547,62.180609,60
2004-11-20T05:00:00,5,11,9.0000,23.1000,0.523742,37.202074,35
2004-11-20T06:00:00,6,11,8.7000,24.7000,0.611032,51.019987,48
2004-11-20T07:00:00,7,11,6.9000,39.4000,1.047483,72.278315,70
2004-11-20T08:00:00,8,11,6.3000,44.8000,1.745805,94.068101,94
2004-11-20T09:00:00,9,11,7.2000,43.2000,2.444127,113.732054,103
2004-11-20T10:00:00,10,11,11.9000,27.9000,2.531417,129.144341,106
2004-11-20T11:00:00,11,11,14.8000,17.9000,1.920386,102.039973,101
2004-11-20T12:00:00,12,11,14.8000,14.3000,1.396644,79.187271,78
2004-11-20T13:00:00,13,11,14.7000,15.5000,1.309354,74.935606,72
2004-11-20T14:00:00,14,11,14.7000,16.6000,1.658515,72.809773,70
2004-11-20T15:00:00,15,11,14.8000,15.6000,1.309354,73.341231,71
2004-11-20T16:00:00,16,11,15.3000,14.3000,1.571225,79.187271,78
2004-11-20T17:00:00,17,11,13.5000,19.5000,2.967869,104.165806,102
2004-11-20T18:00:00,18,11,11.1000,31.8000,4.015352,127.018509,106
2004-11-20T19:00:00,19,11,10.2000,33.4000,1.396644,87.159144,86
2004-11-20T20:00:00,20,11,9.5000,35.9000,1.047483,79.187271,78
2004-11-20T21:00:00,21,11,8.0000,39.8000,1.047483,84.501853,83
2004-11-20T22:00:00,22,11,6.6000,44.1000,0.785612,79.187271,78
2004-11-20T23:00:00,23,11,6.1000,45.2000,0.611032,70.683940,68
2004-11-21T00:00:00,0,11,5.2000,50.8000,2.182256,114.794970,103
2004-11-21T01:00:00,1,11,4.9000,53.0000,1.309354,104.165806,102
2004-11-21T02:00:00,2,11,5.3000,48.7000,0.436451,63.774983,61
2004-11-21T04:00:00,4,11,3.1000,56.3000,0.436451,53.677278,50
2004-11-21T05:00:00,5,11,4.1000,52.2000,0.087290,39.859365,37
2004-11-21T06:00:00,6,11,3.5000,55.9000,0.174581,38.796448,36
2004-11-21T08:00:00,8,11,1.3000,65.3000,0.174581,61.649151,58
2004-11-21T09:00:00,9,11,3.2000,57.0000,0.436451,70.152482,68
2004-11-21T10:00:00,10,11,7.2000,42.8000,0.349161,66.432274,64
2004-11-21T11:00:00,11,11,10.3000,34.2000,0.698322,78.655813,77
2004-11-21T12:00:00,12,11,10.9000,33.8000,1.309354,98.851224,98
2004-11-21T13:00:00,13,11,12.2000,30.0000,1.658515,102.571432,101
2004-11-21T14:00:00,14,11,13.3000,24.3000,0.960193,92.473726,91
2004-11-21T15:00:00,15,11,15.2000,18.7000,0.261871,56.334569,53
2004-11-21T16:00:00,16,11,14.9000,21.7000,0.785612,67.495191,65
2004-11-21T17:00:00,17,11,13.1000,25.4000,1.833095,91.410810,90
2004-11-21T18:00:00,18,11,11.7000,32.7000,2.094966,95.131017,95
2004-11-21T19:00:00,19,11,10.1000,34.4000,1.396644,79.718729,78
2004-11-21T20:00:00,20,11,9.8000,36.0000,0.960193,78.124355,77
2004-11-21T21:00:00,21,11,7.1000,43.2000,1.134773,86.627686,85
2004-11-21T22:00:00,22,11,5.9000,47.8000,0.698322,77.061438,76
2004-11-21T23:00:00,23,11,5.3000,50.5000,0.872903,98.851224,98
2004-11-22T00:00:00,0,11,5.6000,48.0000,0.261871,61.649151,58
2004-11-22T01:00:00,1,11,3.9000,55.9000,0.872903,77.061438,76
2004-11-22T02:00:00,2,11,3.3000,58.0000,0.349161,64.837900,62
2004-11-22T06:00:00,6,11,3.7000,57.9000,0.087290,57.397485,54
2004-11-22T07:00:00,7,11,4.5000,54.8000,0.349161,79.187271,78
2004-11-22T08:00:00,8,11,4.9000,55.8000,2.094966,123.298301,105
2004-11-22T09:00:00,9,11,5.4000,55.1000,2.705998,114.263512,103
2004-11-22T10:00:00,10,11,6.2000,51.8000,2.705998,115.857887,104
2004-11-22T11:00:00,11,11,6.8000,49.8000,2.356837,127.018509,106
2004-11-22T12:00:00,12,11,7.3000,50.6000,2.007676,119.046636,104
2004-11-22T13:00:00,13,11,7.8000,49.0000,2.618708,124.892676,105
2004-11-22T14:00:00,14,11,8.0000,49.2000,3.142449,125.955592,106
2004-11-22T15:00:00,15,11,8.3000,49.3000,2.705998,127.018509,106
2004-11-22T16:00:00,16,11,8.5000,49.6000,3.055159,124.892676,105
2004-11-22T17:00:00,17,11,8.5000,52.6000,3.491610,105.760181,102
2004-11-22T18:00:00,18,11,8.9000,53.4000,5.499286,127.549967,106
2004-11-22T19:00:00,19,11,9.1000,53.8000,6.023027,130.207258,106
2004-11-22T20:00:00,20,11,8.9000,54.2000,5.673866,127.018509,106
2004-11-22T21:00:00,21,11,8.5000,54.2000,2.880578,101.508515,101
2004-11-22T22:00:00,22,11,8.5000,57.8000,2.094966,87.159144,86
2004-11-22T23:00:00,23,11,7.7000,71.1000,1.483934,69.089565,67
2004-11-23T00:00:00,0,11,7.9000,72.5000,1.134773,64.306442,62
2004-11-23T01:00:00,1,11,8.0000,75.3000,0.960193,62.712067,60
2004-11-23T02:00:00,2,11,8.0000,76.2000,0.698322,60.054776,57
2004-11-23T05:00:00,5,11,8.2000,81.4000,1.134773,48.894154,45
2004-11-23T06:00:00,6,11,8.5000,81.1000,1.222064,52.082903,49
2004-11-23T07:00:00,7,11,8.9000,79.3000,1.833095,58.991860,55
2004-11-23T08:00:00,8,11,9.5000,77.9000,3.928061,73.872689,71
2004-11-23T09:00:00,9,11,9.9000,77.6000,4.975544,85.033311,84
2004-11-23T10:00:00,10,11,10.7000,76.2000,5.761157,97.256850,97
2004-11-23T11:00:00,11,11,11.8000,72.2000,4.364513,98.319766,98
2004-11-23T12:00:00,12,11,13.3000,66.9000,4.626383,105.228723,102
2004-11-23T13:00:00,13,11,13.8000,67.0000,4.713674,106.823097,102
2004-11-23T14:00:00,14,11,13.9000,67.6000,6.372189,123.829759,105
2004-11-23T15:00:00,15,11,14.2000,66.8000,4.451803,107.354555,102
2004-11-23T16:00:00,16,11,14.2000,67.8000,4.626383,98.851224,98
2004-11-23T17:00:00,17,11,13.6000,71.0000,6.372189,114.263512,103
2004-11-23T18:00:00,18,11,13.2000,72.6000,8.903606,120.641010,105
2004-11-23T19:00:00,19,11,12.4000,74.7000,10.387540,116.920803,115
2004-11-23T20:00:00,20,11,11.5000,76.2000,10.038379,100.977057,109
2004-11-23T21:00:00,21,11,10.4000,79.3000,7.245091,94.599559,94
2004-11-23T22:00:00,22,11,10.0000,82.5000,4.102642,78.124355,77
2004-11-23T23:00:00,23,11,10.0000,82.6000,3.491610,73.341231,71
2004-11-24T00:00:00,0,11,10.1000,83.5000,3.404320,71.746856,69
2004-11-24T01:00:00,1,11,10.0000,83.6000,2.444127,65.369358,63
2004-11-24T02:00:00,2,11,10.4000,80.8000,2.007676,56.334569,53
2004-11-24T04:00:00,4,11,10.6000,78.8000,1.222064,43.048114,41
2004-11-24T05:00:00,5,11,10.5000,77.8000,0.872903,35.076241,33
2004-11-24T06:00:00,6,11,9.8000,79.2000,0.872903,34.013324,32
2004-11-24T07:00:00,7,11,9.5000,80.3000,1.571225,45.705405,42
2004-11-24T08:00:00,8,11,9.8000,80.5000,3.317030,60.586234,57
2004-11-24T09:00:00,9,11,10.3000,80.3000,3.666191,61.117692,58
2004-11-24T10:00:00,10,11,11.1000,77.2000,3.142449,58.460401,55
2004-11-24T11:00:00,11,11,13.3000,68.8000,2.880578,61.649151,58
2004-11-24T12:00:00,12,11,15.1000,58.3000,1.745805,86.096228,85
2004-11-24T13:00:00,13,11,15.6000,56.2000,1.745805,55.271652,52
2004-11-24T14:00:00,14,11,15.4000,59.6000,2.531417,68.558107,66
2004-11-24T15:00:00,15,11,14.6000,63.7000,2.356837,77.592897,76
2004-11-24T16:00:00,16,11,13.7000,66.8000,2.967869,85.033311,84
2004-11-24T17:00:00,17,11,12.3000,72.5000,3.928061,89.816435,88
2004-11-24T18:00:00,18,11,10.8000,77.2000,5.324705,88.753519,87
2004-11-24T19:00:00,19,11,10.2000,80.4000,5.935737,88.222060,87
2004-11-24T20:00:00,20,11,10.1000,79.3000,7.332381,96.193933,96
2004-11-24T21:00:00,21,11,10.0000,76.1000,4.626383,76.529980,74
2004-11-24T22:00:00,22,11,8.6000,82.3000,3.928061,74.935606,72
2004-11-24T23:00:00,23,11,7.7000,84.3000,3.578900,65.369358,63
2004-11-25T00:00:00,0,11,7.1000,84.1000,3.491610,64.306442,62
2004-11-25T01:00:00,1,11,6.7000,83.2000,3.491610,60.586234,57
2004-11-25T02:00:00,2,11,6.0000,83.0000,2.618708,49.425612,46
2004-11-25T04:00:00,4,11,4.3000,85.4000,1.920386,47.299779,44
2004-11-25T05:00:00,5,11,4.0000,85.7000,1.920386,49.957070,46
2004-11-25T06:00:00,6,11,4.0000,84.4000,1.745805,49.425612,46
2004-11-25T07:00:00,7,11,4.0000,83.1000,1.920386,53.145820,50
2004-11-25T08:00:00,8,11,4.4000,81.3000,3.491610,67.495191,65
2004-11-25T09:00:00,9,11,6.7000,72.6000,4.189932,72.809773,70
2004-11-25T10:00:00,10,11,10.0000,63.4000,4.015352,100.977057,100
2004-11-25T11:00:00,11,11,13.6000,48.7000,2.444127,90.879351,89
2004-11-25T12:00:00,12,11,14.6000,46.5000,1.833095,67.495191,65
2004-11-25T13:00:00,13,11,15.4000,43.0000,1.745805,57.928943,54
2004-11-25T14:00:00,14,11,16.4000,38.2000,2.182256,66.963733,64
2004-11-25T15:00:00,15,11,16.8000,37.6000,2.182256,72.278315,70
2004-11-25T16:00:00,16,11,16.8000,36.7000,2.444127,82.907478,81
2004-11-25T17:00:00,17,11,15.4000,41.3000,3.491610,99.382683,99
2004-11-25T18:00:00,18,11,13.8000,48.9000,3.928061,91.942268,90
2004-11-25T19:00:00,19,11,13.3000,50.9000,2.705998,72.809773,70
2004-11-25T20:00:00,20,11,11.5000,57.3000,2.269547,64.837900,62
2004-11-25T21:00:00,21,11,10.7000,59.8000,2.269547,68.558107,66
2004-11-25T22:00:00,22,11,10.0000,61.8000,1.745805,58.460401,55
2004-11-25T23:00:00,23,11,9.9000,62.1000,1.571225,54.208736,51
2004-11-26T00:00:00,0,11,9.3000,64.5000,2.182256,60.586234,57
2004-11-26T01:00:00,1,11,9.1000,65.7000,2.007676,62.180609,60
2004-11-26T02:00:00,2,11,8.9000,71.8000,1.833095,52.082903,49
2004-11-26T05:00:00,5,11,9.0000,77.3000,1.047483,40.922281,38
2004-11-26T06:00:00,6,11,9.1000,77.3000,0.872903,39.859365,37
2004-11-26T07:00:00,7,11,9.3000,76.9000,1.483934,50.488529,47
2004-11-26T08:00:00,8,11,10.0000,75.0000,3.753481,72.809773,70
2004-11-26T09:00:00,9,11,10.6000,72.7000,5.062835,79.187271,78
2004-11-26T10:00:00,10,11,12.4000,64.8000,4.888254,104.697264,102
2004-11-26T11:00:00,11,11,13.7000,59.9000,3.491610,97.256850,97
2004-11-26T12:00:00,12,11,14.9000,57.0000,3.491610,95.131017,95
2004-11-26T13:00:00,13,11,15.5000,56.2000,4.277222,104.165806,102
2004-11-26T14:00:00,14,11,15.8000,56.3000,4.888254,110.543305,103
2004-11-26T15:00:00,15,11,15.8000,57.9000,4.451803,107.886014,102
2004-11-26T16:00:00,16,11,15.7000,58.9000,5.411996,113.200596,103
2004-11-26T17:00:00,17,11,15.5000,61.2000,6.721350,123.829759,105
2004-11-26T18:00:00,18,11,15.5000,62.8000,8.816316,135.521840,107
2004-11-26T19:00:00,19,11,15.6000,64.9000,5.586576,90.347893,89
2004-11-26T20:00:00,20,11,15.1000,67.0000,6.721350,88.753519,87
2004-11-26T21:00:00,21,11,14.6000,67.7000,7.070511,108.948930,102
2004-11-26T22:00:00,22,11,13.8000,67.8000,4.102642,90.347893,89
2004-11-26T23:00:00,23,11,13.4000,69.0000,3.753481,81.844562,80
2004-11-27T00:00:00,0,11,13.0000,73.7000,3.578900,75.998522,73
2004-11-27T01:00:00,1,11,12.7000,77.5000,3.666191,74.404147,72
2004-11-27T02:00:00,2,11,12.4000,78.4000,3.317030,64.837900,62
2004-11-27T04:00:00,4,11,11.9000,80.7000,2.094966,54.740194,51
2004-11-27T05:00:00,5,11,13.2000,75.8000,1.745805,51.551445,48
2004-11-27T06:00:00,6,11,12.3000,81.9000,1.483934,52.614361,49
2004-11-27T07:00:00,7,11,12.8000,80.8000,1.833095,58.460401,55
2004-11-27T08:00:00,8,11,13.7000,76.3000,2.182256,58.460401,55
2004-11-27T09:00:00,9,11,13.4000,78.8000,3.317030,64.306442,62
2004-11-27T10:00:00,10,11,13.8000,77.8000,3.404320,64.837900,62
2004-11-27T11:00:00,11,11,15.1000,73.2000,3.666191,72.278315,70
2004-11-27T12:00:00,12,11,15.8000,70.5000,3.491610,90.347893,89
2004-11-27T13:00:00,13,11,15.4000,73.3000,3.840771,82.907478,81
2004-11-27T14:00:00,14,11,15.6000,71.4000,4.102642,83.970395,82
2004-11-27T15:00:00,15,11,16.3000,68.7000,4.015352,92.473726,91
2004-11-27T16:00:00,16,11,16.4000,68.2000,4.189932,99.382683,99
2004-11-27T17:00:00,17,11,15.6000,70.2000,3.928061,78.124355,77
2004-11-27T18:00:00,18,11,14.2000,75.8000,4.888254,72.278315,70
2004-11-27T19:00:00,19,11,14.0000,74.6000,4.277222,71.215398,69
2004-11-27T20:00:00,20,11,13.3000,75.8000,4.626383,66.963733,64
2004-11-27T21:00:00,21,11,13.7000,72.5000,4.015352,69.089565,67
2004-11-27T22:00:00,22,11,12.8000,73.8000,2.094966,52.082903,49
2004-11-27T23:00:00,23,11,11.2000,78.3000,2.356837,47.299779,44
2004-11-28T00:00:00,0,11,10.6000,79.4000,2.182256,46.768321,43
2004-11-28T01:00:00,1,11,10.8000,77.5000,2.007676,45.705405,42
2004-11-28T03:00:00,3,11,10.3000,77.6000,1.134773,37.202074,35
2004-11-28T04:00:00,4,11,10.3000,74.9000,0.872903,29.230201,27
2004-11-28T05:00:00,5,11,11.2000,69.0000,0.785612,23.915619,22
2004-11-28T06:00:00,6,11,8.9000,77.1000,0.611032,23.384161,22
2004-11-28T07:00:00,7,11,9.5000,73.3000,0.698322,26.572910,25
2004-11-28T08:00:00,8,11,8.6000,77.2000,0.872903,39.327906,37
2004-11-28T09:00:00,9,11,8.6000,76.6000,0.960193,43.048114,41
2004-11-28T10:00:00,10,11,9.7000,72.0000,0.698322,34.544783,32
2004-11-28T11:00:00,11,11,11.1000,68.2000,1.222064,40.390823,38
2004-11-28T12:00:00,12,11,11.8000,65.0000,1.920386,58.460401,55
2004-11-28T13:00:00,13,11,12.1000,64.8000,2.356837,65.900816,63
2004-11-28T14:00:00,14,11,12.6000,63.2000,2.007676,63.774983,61
2004-11-28T15:00:00,15,11,13.4000,61.9000,1.658515,52.614361,49
2004-11-28T16:00:00,16,11,13.3000,63.3000,2.356837,62.180609,60
2004-11-28T17:00:00,17,11,11.2000,70.9000,2.793288,70.152482,68
2004-11-28T18:00:00,18,11,9.6000,76.5000,2.793288,60.054776,57
2004-11-28T19:00:00,19,11,9.9000,76.3000,3.055159,62.180609,60
2004-11-28T20:00:00,20,11,10.4000,74.6000,3.928061,67.495191,65
2004-11-28T21:00:00,21,11,10.3000,75.1000,3.578900,70.152482,68
2004-11-28T22:00:00,22,11,10.4000,75.4000,2.880578,64.306442,62
2004-11-28T23:00:00,23,11,10.5000,75.4000,2.705998,64.837900,62
2004-11-29T00:00:00,0,11,10.2000,78.4000,2.618708,60.054776,57
2004-11-29T01:00:00,1,11,9.9000,80.5000,2.007676,52.614361,49
2004-11-29T02:00:00,2,11,9.8000,81.4000,2.007676,45.705405,42
2004-11-29T04:00:00,4,11,8.9000,83.0000,1.309354,35.076241,33
2004-11-29T05:00:00,5,11,8.8000,83.7000,1.134773,35.607699,33
2004-11-29T06:00:00,6,11,8.7000,84.2000,1.222064,41.453739,39
2004-11-29T07:00:00,7,11,8.7000,83.7000,1.745805,47.831238,44
2004-11-29T08:00:00,8,11,9.6000,80.8000,3.666191,63.774983,61
2004-11-29T09:00:00,9,11,11.3000,75.3000,5.150125,73.872689,71
2004-11-29T10:00:00,10,11,13.8000,68.5000,5.499286,91.410810,90
2004-11-29T11:00:00,11,11,14.9000,64.9000,5.761157,123.298301,105
2004-11-29T12:00:00,12,11,15.3000,63.2000,4.364513,89.284977,88
2004-11-29T13:00:00,13,11,18.6000,49.1000,2.182256,63.774983,61
2004-11-29T14:00:00,14,11,18.6000,49.3000,2.269547,64.306442,62
2004-11-29T15:00:00,15,11,18.4000,49.9000,1.658515,62.180609,60
2004-11-29T16:00:00,16,11,17.9000,51.4000,2.007676,64.306442,62
2004-11-29T17:00:00,17,11,18.0000,51.9000,1.658515,56.866027,53
2004-11-29T18:00:00,18,11,16.7000,57.3000,2.007676,61.117692,58
2004-11-29T19:00:00,19,11,17.3000,57.0000,1.571225,49.957070,46
2004-11-29T20:00:00,20,11,16.8000,58.7000,1.658515,52.082903,49
2004-11-29T21:00:00,21,11,16.5000,59.2000,1.222064,46.236863,43
2004-11-29T22:00:00,22,11,16.3000,59.7000,1.047483,41.453739,39
2004-11-29T23:00:00,23,11,16.0000,61.6000,0.872903,36.670615,34
2004-11-30T00:00:00,0,11,15.6000,66.6000,1.047483,35.607699,33
2004-11-30T01:00:00,1,11,13.8000,80.4000,1.222064,43.048114,41
2004-11-30T02:00:00,2,11,13.2000,84.4000,1.047483,39.859365,37
2004-11-30T04:00:00,4,11,13.8000,81.3000,0.523742,22.321244,21
2004-11-30T05:00:00,5,11,13.6000,75.5000,0.523742,20.195411,19
2004-11-30T06:00:00,6,11,11.5000,81.4000,0.611032,34.013324,32
2004-11-30T07:00:00,7,11,11.8000,80.7000,0.960193,45.705405,42
2004-11-30T08:00:00,8,11,12.3000,78.9000,2.182256,67.495191,65
2004-11-30T09:00:00,9,11,13.0000,76.0000,3.142449,64.837900,62
2004-11-30T10:00:00,10,11,13.7000,70.9000,3.142449,74.935606,72
2004-11-30T11:00:00,11,11,14.0000,70.9000,2.880578,73.872689,71
2004-11-30T12:00:00,12,11,14.6000,65.9000,1.745805,55.803110,52
2004-11-30T13:00:00,13,11,14.9000,59.9000,1.658515,54.740194,51
2004-11-30T14:00:00,14,11,14.9000,58.4000,1.920386,57.397485,54
2004-11-30T15:00:00,15,11,15.3000,54.3000,1.920386,57.928943,54
2004-11-30T16:00:00,16,11,14.6000,56.6000,3.317030,79.187271,78
2004-11-30T17:00:00,17,11,12.6000,62.0000,3.055159,75.998522,73
2004-11-30T18:00:00,18,11,11.9000,62.3000,4.539093,84.501853,83
2004-11-30T19:00:00,19,11,11.6000,64.3000,5.499286,94.599559,94
2004-11-30T20:00:00,20,11,11.5000,68.0000,5.935737,89.284977,88
2004-11-30T21:00:00,21,11,10.7000,73.9000,3.578900,85.033311,84
2004-11-30T22:00:00,22,11,9.6000,83.0000,2.007676,62.180609,60
2004-11-30T23:00:00,23,11,9.6000,79.9000,1.658515,60.054776,57
2004-12-01T00:00:00,0,12,9.8000,79.4000,1.920386,60.054776,57
2004-12-01T01:00:00,1,12,10.1000,75.3000,1.134773,49.957070,46
2004-12-01T02:00:00,2,12,9.1000,80.0000,1.047483,40.390823,38
2004-12-01T05:00:00,5,12,8.3000,80.4000,0.523742,33.481866,31
2004-12-01T06:00:00,6,12,8.9000,79.2000,0.785612,39.327906,37
2004-12-01T07:00:00,7,12,8.7000,80.8000,1.222064,51.019987,48
2004-12-01T08:00:00,8,12,9.0000,79.8000,2.967869,64.306442,62
2004-12-01T09:00:00,9,12,9.5000,78.3000,4.364513,77.061438,76
2004-12-01T10:00:00,10,12,10.4000,76.0000,4.102642,83.970395,82
2004-12-01T11:00:00,11,12,11.0000,74.4000,2.793288,75.998522,73
2004-12-01T12:00:00,12,12,13.8000,63.6000,3.055159,96.725392,96
2004-12-01T13:00:00,13,12,13.6000,65.6000,3.491610,86.627686,85
2004-12-01T14:00:00,14,12,13.7000,66.5000,4.975544,94.599559,94
2004-12-01T15:00:00,15,12,13.0000,73.0000,4.364513,86.096228,85
2004-12-01T16:00:00,16,12,12.7000,77.1000,4.888254,90.879351,89
2004-12-01T17:00:00,17,12,12.3000,79.7000,5.411996,92.473726,91
2004-12-01T18:00:00,18,12,12.3000,78.8000,6.546769,98.319766,98
2004-12-01T19:00:00,19,12,12.5000,72.6000,2.618708,66.963733,64
2004-12-01T20:00:00,20,12,11.8000,76.1000,2.269547,60.054776,57
2004-12-01T21:00:00,21,12,11.3000,79.9000,1.833095,58.991860,55
2004-12-01T22:00:00,22,12,11.1000,84.3000,1.571225,56.866027,53
2004-12-01T23:00:00,23,12,11.3000,83.1000,1.745805,56.866027,53
2004-12-02T00:00:00,0,12,11.6000,81.0000,1.920386,54.208736,51
2004-12-02T01:00:00,1,12,11.7000,77.8000,1.658515,51.019987,48
2004-12-02T02:00:00,2,12,11.7000,78.6000,1.396644,45.705405,42
2004-12-02T04:00:00,4,12,12.0000,77.4000,0.785612,37.202074,35
2004-12-02T05:00:00,5,12,12.0000,78.0000,0.611032,31.356034,29
2004-12-02T06:00:00,6,12,12.4000,75.3000,0.785612,39.327906,37
2004-12-02T07:00:00,7,12,12.5000,76.4000,1.222064,47.299779,44
2004-12-02T08:00:00,8,12,12.9000,73.8000,3.666191,69.621024,67
2004-12-02T09:00:00,9,12,13.3000,70.7000,4.364513,73.872689,71
2004-12-02T10:00:00,10,12,14.3000,66.1000,3.840771,77.061438,76
2004-12-02T11:00:00,11,12,15.4000,63.9000,2.967869,72.809773,70
2004-12-02T12:00:00,12,12,15.9000,62.7000,2.444127,68.026649,66
2004-12-02T13:00:00,13,12,16.4000,61.9000,2.967869,68.026649,66
2004-12-02T14:00:00,14,12,18.0000,58.0000,2.531417,65.369358,63
2004-12-02T15:00:00,15,12,19.2000,57.9000,3.404320,72.278315,70
2004-12-02T16:00:00,16,12,18.1000,62.1000,3.491610,72.809773,70
2004-12-02T17:00:00,17,12,16.7000,67.3000,4.277222,80.250187,79
2004-12-02T18:00:00,18,12,15.8000,70.7000,6.721350,90.879351,89
2004-12-02T19:00:00,19,12,15.4000,73.0000,8.205284,90.879351,89
2004-12-02T20:00:00,20,12,15.4000,73.0000,6.808640,85.564769,84
2004-12-02T21:00:00,21,12,15.3000,73.6000,5.761157,81.844562,80
2004-12-02T22:00:00,22,12,15.1000,74.3000,4.102642,67.495191,65
2004-12-02T23:00:00,23,12,14.2000,78.0000,4.189932,61.117692,58
2004-12-03T00:00:00,0,12,14.1000,81.4000,2.793288,54.208736,51
2004-12-03T01:00:00,1,12,14.4000,82.7000,2.269547,53.145820,50
2004-12-03T02:00:00,2,12,14.1000,84.1000,1.833095,45.705405,42
2004-12-03T04:00:00,4,12,14.0000,84.1000,0.960193,42.516656,40
2004-12-03T05:00:00,5,12,13.9000,85.1000,0.611032,39.327906,37
2004-12-03T06:00:00,6,12,13.8000,85.5000,0.785612,43.579572,41
2004-12-03T07:00:00,7,12,13.8000,85.3000,1.309354,51.019987,48
2004-12-03T08:00:00,8,12,13.7000,84.5000,3.317030,65.900816,63
2004-12-03T09:00:00,9,12,13.9000,83.9000,5.237415,75.467064,73
2004-12-03T10:00:00,10,12,14.6000,81.6000,4.451803,81.844562,80
2004-12-03T11:00:00,11,12,15.8000,74.7000,3.142449,76.529980,74
2004-12-03T12:00:00,12,12,16.4000,72.1000,2.618708,76.529980,74
2004-12-03T13:00:00,13,12,16.8000,70.3000,2.705998,73.872689,71
2004-12-03T14:00:00,14,12,17.9000,66.3000,2.880578,73.341231,71
2004-12-03T15:00:00,15,12,18.8000,62.7000,2.967869,71.215398,69
2004-12-03T16:00:00,16,12,19.0000,61.6000,4.015352,79.718729,78
2004-12-03T17:00:00,17,12,17.7000,68.3000,6.023027,91.942268,90
2004-12-03T18:00:00,18,12,16.5000,71.7000,4.451803,71.215398,69
2004-12-03T19:00:00,19,12,15.7000,72.7000,4.277222,68.026649,66
2004-12-03T20:00:00,20,12,15.0000,74.4000,5.324705,70.152482,68
2004-12-03T21:00:00,21,12,14.6000,75.2000,5.411996,71.215398,69
2004-12-03T22:00:00,22,12,14.0000,75.7000,2.618708,56.866027,53
2004-12-03T23:00:00,23,12,13.1000,78.7000,2.967869,53.677278,50
2004-12-04T00:00:00,0,12,12.6000,78.4000,3.055159,49.957070,46
2004-12-04T01:00:00,1,12,12.8000,77.9000,2.793288,52.614361,49
2004-12-04T02:00:00,2,12,12.1000,79.4000,2.531417,47.831238,44
2004-12-04T05:00:00,5,12,11.4000,81.1000,1.483934,37.733532,35
2004-12-04T06:00:00,6,12,11.5000,81.7000,1.483934,35.076241,33
2004-12-04T07:00:00,7,12,12.4000,77.1000,1.134773,37.202074,35
2004-12-04T08:00:00,8,12,12.3000,79.0000,2.444127,47.831238,44
2004-12-04T09:00:00,9,12,12.2000,83.9000,2.182256,54.208736,51
2004-12-04T10:00:00,10,12,12.2000,85.1000,2.356837,54.208736,51
2004-12-04T11:00:00,11,12,12.4000,80.1000,1.309354,49.957070,46
2004-12-04T12:00:00,12,12,13.0000,77.8000,2.269547,64.837900,62
2004-12-04T13:00:00,13,12,11.8000,86.5000,2.705998,65.900816,63
2004-12-04T14:00:00,14,12,11.9000,85.7000,2.182256,54.740194,51
2004-12-04T15:00:00,15,12,11.9000,88.7000,2.269547,61.117692,58
2004-12-04T16:00:00,16,12,12.3000,87.0000,2.182256,56.866027,53
2004-12-04T17:00:00,17,12,12.7000,84.4000,2.007676,63.774983,61
2004-12-04T18:00:00,18,12,13.1000,81.7000,2.705998,63.774983,61
2004-12-04T19:00:00,19,12,13.1000,80.4000,1.658515,57.397485,54
2004-12-04T20:00:00,20,12,13.4000,79.9000,2.182256,61.117692,58
2004-12-04T21:00:00,21,12,13.8000,76.8000,2.705998,65.900816,63
2004-12-04T22:00:00,22,12,14.0000,75.9000,1.745805,57.928943,54
2004-12-04T23:00:00,23,12,13.5000,78.3000,1.658515,49.425612,46
2004-12-05T00:00:00,0,12,13.0000,79.2000,2.094966,54.740194,51
2004-12-05T01:00:00,1,12,12.4000,77.5000,1.745805,56.334569,53
2004-12-05T02:00:00,2,12,12.3000,71.2000,1.047483,51.019987,48
2004-12-05T04:00:00,4,12,12.3000,67.5000,0.872903,43.048114,41
2004-12-05T05:00:00,5,12,12.7000,65.6000,0.698322,37.202074,35
2004-12-05T06:00:00,6,12,12.5000,65.9000,0.523742,31.887492,29
2004-12-05T07:00:00,7,12,12.4000,65.4000,0.611032,33.481866,31
2004-12-05T08:00:00,8,12,13.2000,62.5000,0.698322,36.139157,34
2004-12-05T09:00:00,9,12,13.1000,62.4000,0.785612,36.139157,34
2004-12-05T10:00:00,10,12,12.9000,64.7000,0.872903,35.076241,33
2004-12-05T11:00:00,11,12,13.0000,67.6000,1.134773,38.264990,36
2004-12-05T12:00:00,12,12,13.0000,69.7000,1.483934,43.048114,41
2004-12-05T13:00:00,13,12,12.0000,80.0000,2.094966,47.299779,44
2004-12-05T14:00:00,14,12,11.4000,83.7000,1.483934,45.173947,42
2004-12-05T15:00:00,15,12,12.0000,80.8000,1.571225,45.705405,42
2004-12-05T16:00:00,16,12,11.5000,81.0000,1.309354,44.111030,42
2004-12-05T17:00:00,17,12,11.3000,81.0000,0.960193,40.922281,38
2004-12-05T18:00:00,18,12,12.0000,78.4000,2.094966,49.425612,46
2004-12-05T19:00:00,19,12,12.1000,75.5000,1.745805,54.740194,51
2004-12-05T20:00:00,20,12,12.5000,71.9000,1.309354,47.831238,44
2004-12-05T21:00:00,21,12,12.6000,70.5000,1.483934,49.425612,46
2004-12-05T22:00:00,22,12,12.5000,69.1000,0.872903,38.264990,36
2004-12-05T23:00:00,23,12,13.1000,64.3000,0.872903,38.796448,36
2004-12-06T00:00:00,0,12,13.2000,62.9000,0.872903,34.013324,32
2004-12-06T01:00:00,1,12,13.3000,63.6000,0.785612,35.076241,33
2004-12-06T02:00:00,2,12,13.3000,65.3000,0.960193,37.733532,35
2004-12-06T04:00:00,4,12,11.9000,79.6000,0.523742,28.698743,26
2004-12-06T05:00:00,5,12,11.8000,81.4000,0.611032,30.824575,28
2004-12-06T06:00:00,6,12,12.0000,80.1000,0.785612,38.264990,36
2004-12-06T07:00:00,7,12,12.2000,78.8000,1.134773,47.299779,44
2004-12-06T08:00:00,8,12,12.7000,77.2000,2.705998,59.523318,56
2004-12-06T09:00:00,9,12,13.4000,74.4000,4.277222,69.621024,67
2004-12-06T10:00:00,10,12,15.9000,63.4000,4.102642,85.564769,84
2004-12-06T11:00:00,11,12,18.5000,52.9000,2.793288,71.746856,69
2004-12-06T12:00:00,12,12,18.4000,52.6000,2.182256,63.243525,61
2004-12-06T13:00:00,13,12,19.4000,49.8000,3.317030,76.529980,74
2004-12-06T14:00:00,14,12,19.5000,50.1000,2.880578,69.089565,67
2004-12-06T15:00:00,15,12,20.3000,47.5000,2.182256,57.928943,54
2004-12-06T16:00:00,16,12,18.7000,53.0000,2.356837,60.586234,57
2004-12-06T17:00:00,17,12,17.3000,57.1000,2.531417,61.117692,58
2004-12-06T18:00:00,18,12,16.4000,59.5000,2.705998,65.369358,63
2004-12-06T19:00:00,19,12,15.9000,60.8000,3.491610,73.341231,71
2004-12-06T20:00:00,20,12,15.5000,60.7000,2.705998,65.369358,63
2004-12-06T21:00:00,21,12,15.3000,63.1000,2.356837,59.523318,56
2004-12-06T22:00:00,22,12,16.6000,58.5000,1.483934,46.236863,43
2004-12-06T23:00:00,23,12,14.6000,64.7000,1.309354,41.985197,39
2004-12-07T00:00:00,0,12,14.0000,66.1000,1.222064,39.327906,37
2004-12-07T01:00:00,1,12,13.0000,69.4000,1.222064,39.859365,37
2004-12-07T02:00:00,2,12,13.1000,67.4000,0.960193,37.202074,35
2004-12-07T05:00:00,5,12,12.4000,68.3000,0.523742,33.481866,31
2004-12-07T06:00:00,6,12,14.1000,60.6000,0.698322,35.607699,33
2004-12-07T07:00:00,7,12,12.9000,64.2000,0.872903,37.733532,35
2004-12-07T08:00:00,8,12,11.7000,68.9000,2.444127,52.082903,49
2004-12-07T09:00:00,9,12,12.5000,65.8000,2.967869,60.586234,57
2004-12-07T10:00:00,10,12,14.5000,61.1000,2.880578,69.089565,67
2004-12-07T11:00:00,11,12,16.9000,54.2000,3.578900,82.376020,81
2004-12-07T12:00:00,12,12,17.4000,53.3000,3.055159,74.935606,72
2004-12-07T13:00:00,13,12,18.8000,49.3000,2.618708,62.712067,60
2004-12-07T14:00:00,14,12,19.4000,47.1000,3.142449,71.215398,69
2004-12-07T15:00:00,15,12,19.2000,47.1000,2.618708,65.369358,63
2004-12-07T16:00:00,16,12,17.7000,51.5000,2.269547,62.180609,60
2004-12-07T17:00:00,17,12,16.5000,54.6000,2.269547,58.460401,55
2004-12-07T18:00:00,18,12,15.4000,57.9000,2.705998,61.117692,58
2004-12-07T19:00:00,19,12,15.2000,58.4000,2.793288,61.649151,58
2004-12-07T20:00:00,20,12,14.9000,58.4000,2.094966,52.614361,49
2004-12-07T21:00:00,21,12,14.5000,60.4000,2.269547,61.117692,58
2004-12-07T22:00:00,22,12,14.5000,62.3000,2.094966,55.271652,52
2004-12-07T23:00:00,23,12,14.6000,60.6000,1.571225,48.894154,45
2004-12-08T00:00:00,0,12,15.0000,59.3000,1.483934,44.642488,42
2004-12-08T01:00:00,1,12,14.7000,60.3000,1.658515,43.048114,41
2004-12-08T02:00:00,2,12,15.3000,59.1000,1.222064,40.922281,38
2004-12-08T04:00:00,4,12,11.6000,72.5000,1.483934,39.859365,37
2004-12-08T05:00:00,5,12,12.0000,71.9000,0.872903,36.670615,34
2004-12-08T06:00:00,6,12,11.8000,71.8000,0.785612,35.607699,33
2004-12-08T07:00:00,7,12,11.8000,71.4000,0.872903,36.139157,34
2004-12-08T08:00:00,8,12,12.8000,66.3000,0.872903,36.139157,34
2004-12-08T09:00:00,9,12,13.2000,65.2000,0.960193,36.670615,34
2004-12-08T10:00:00,10,12,13.1000,66.2000,1.483934,43.048114,41
2004-12-08T11:00:00,11,12,14.3000,63.3000,2.007676,50.488529,47
2004-12-08T12:00:00,12,12,16.0000,58.1000,1.833095,48.894154,45
2004-12-08T13:00:00,13,12,17.3000,53.9000,2.356837,60.054776,57
2004-12-08T14:00:00,14,12,17.3000,53.3000,2.007676,52.082903,49
2004-12-08T15:00:00,15,12,16.7000,54.7000,1.047483,43.579572,41
2004-12-08T16:00:00,16,12,15.4000,58.9000,1.222064,51.019987,48
2004-12-08T17:00:00,17,12,15.2000,58.0000,1.658515,56.866027,53
2004-12-08T18:00:00,18,12,16.2000,54.5000,2.269547,63.243525,61
2004-12-08T19:00:00,19,12,16.5000,55.3000,2.094966,60.586234,57
2004-12-08T20:00:00,20,12,14.6000,72.1000,3.055159,67.495191,65
2004-12-08T21:00:00,21,12,13.9000,76.7000,3.055159,64.306442,62
2004-12-08T22:00:00,22,12,13.7000,79.3000,1.920386,57.928943,54
2004-12-08T23:00:00,23,12,13.8000,77.3000,2.007676,56.866027,53
2004-12-09T00:00:00,0,12,14.2000,71.7000,1.658515,53.145820,50
2004-12-09T01:00:00,1,12,14.9000,65.7000,0.872903,44.111030,42
2004-12-09T02:00:00,2,12,14.7000,67.3000,0.698322,35.076241,33
2004-12-09T04:00:00,4,12,14.8000,65.5000,0.349161,15.943746,14
2004-12-09T05:00:00,5,12,14.4000,68.5000,0.349161,15.412288,14
2004-12-09T06:00:00,6,12,14.5000,62.9000,0.349161,21.789786,20
2004-12-09T07:00:00,7,12,14.6000,56.7000,0.523742,33.481866,31
2004-12-09T08:00:00,8,12,15.0000,55.3000,1.658515,60.586234,57
2004-12-09T09:00:00,9,12,14.5000,56.5000,1.745805,60.586234,57
2004-12-09T10:00:00,10,12,14.3000,55.4000,1.222064,54.208736,51
2004-12-09T11:00:00,11,12,14.7000,52.5000,1.222064,53.677278,50
2004-12-09T12:00:00,12,12,15.5000,51.7000,1.309354,54.740194,51
2004-12-09T13:00:00,13,12,14.9000,53.4000,1.396644,53.145820,50
2004-12-09T14:00:00,14,12,15.2000,51.0000,1.571225,50.488529,47
2004-12-09T15:00:00,15,12,15.2000,50.1000,1.222064,52.614361,49
2004-12-09T16:00:00,16,12,15.6000,46.6000,1.483934,54.208736,51
2004-12-09T17:00:00,17,12,14.8000,48.4000,1.483934,55.803110,52
2004-12-09T18:00:00,18,12,14.6000,48.0000,2.007676,62.712067,60
2004-12-09T19:00:00,19,12,15.1000,45.4000,2.793288,71.746856,69
2004-12-09T20:00:00,20,12,14.5000,45.4000,2.269547,65.900816,63
2004-12-09T21:00:00,21,12,13.4000,48.1000,1.396644,53.145820,50
2004-12-09T22:00:00,22,12,12.3000,48.7000,0.698322,35.076241,33
2004-12-09T23:00:00,23,12,12.0000,51.2000,0.611032,30.293117,28
2004-12-10T00:00:00,0,12,11.9000,54.6000,0.523742,30.824575,28
2004-12-10T01:00:00,1,12,13.7000,45.0000,0.611032,31.356034,29
2004-12-10T02:00:00,2,12,14.7000,37.5000,0.611032,31.887492,29
2004-12-10T05:00:00,5,12,12.0000,37.3000,0.261871,14.349371,13
2004-12-10T06:00:00,6,12,11.7000,38.1000,0.349161,20.726870,19
2004-12-10T07:00:00,7,12,11.5000,38.0000,0.436451,33.481866,31
2004-12-10T08:00:00,8,12,12.3000,35.8000,1.222064,58.460401,55
2004-12-10T09:00:00,9,12,12.9000,34.5000,2.094966,68.026649,66
2004-12-10T10:00:00,10,12,14.4000,30.2000,1.571225,64.837900,62
2004-12-10T11:00:00,11,12,16.2000,26.2000,1.309354,58.991860,55
2004-12-10T12:00:00,12,12,17.1000,23.5000,1.309354,58.460401,55
2004-12-10T13:00:00,13,12,18.1000,21.3000,1.571225,60.586234,57
2004-12-10T14:00:00,14,12,18.8000,20.0000,1.833095,60.586234,57
2004-12-10T15:00:00,15,12,18.1000,20.8000,1.483934,58.991860,55
2004-12-10T16:00:00,16,12,17.6000,19.9000,2.007676,61.649151,58
2004-12-10T17:00:00,17,12,16.0000,20.8000,2.531417,78.655813,77
2004-12-10T18:00:00,18,12,14.6000,23.7000,3.491610,94.068101,94
2004-12-10T19:00:00,19,12,13.7000,22.9000,3.666191,87.159144,86
2004-12-10T20:00:00,20,12,12.8000,21.7000,3.055159,80.250187,79
2004-12-10T21:00:00,21,12,12.7000,21.3000,2.269547,78.124355,77
2004-12-10T22:00:00,22,12,12.8000,22.5000,1.134773,58.460401,55
2004-12-10T23:00:00,23,12,12.6000,23.4000,0.872903,52.614361,49
2004-12-11T00:00:00,0,12,12.4000,24.0000,1.396644,61.649151,58
2004-12-11T01:00:00,1,12,12.5000,24.0000,1.396644,64.306442,62
2004-12-11T02:00:00,2,12,11.9000,32.4000,0.960193,54.740194,51
2004-12-11T04:00:00,4,12,11.5000,34.2000,0.698322,44.111030,42
2004-12-11T05:00:00,5,12,10.5000,37.8000,0.698322,40.390823,38
2004-12-11T06:00:00,6,12,7.8000,47.4000,0.872903,56.866027,53
2004-12-11T07:00:00,7,12,9.3000,43.1000,1.047483,56.334569,53
2004-12-11T08:00:00,8,12,8.2000,46.8000,1.483934,65.900816,63
2004-12-11T09:00:00,9,12,10.7000,34.2000,2.094966,71.215398,69
2004-12-11T10:00:00,10,12,14.4000,28.2000,2.444127,78.124355,77
2004-12-11T11:00:00,11,12,17.4000,23.3000,2.531417,77.592897,76
2004-12-11T12:00:00,12,12,17.8000,23.6000,2.269547,70.683940,68
2004-12-11T13:00:00,13,12,18.3000,19.5000,2.007676,63.774983,61
2004-12-11T14:00:00,14,12,18.9000,18.9000,2.007676,62.180609,60
2004-12-11T15:00:00,15,12,18.4000,19.7000,1.483934,57.928943,54
2004-12-11T16:00:00,16,12,17.8000,21.0000,1.571225,59.523318,56
2004-12-11T17:00:00,17,12,16.1000,23.4000,2.182256,69.621024,67
2004-12-11T18:00:00,18,12,14.9000,24.9000,2.094966,70.683940,68
2004-12-11T19:00:00,19,12,14.6000,24.6000,1.745805,73.341231,71
2004-12-11T20:00:00,20,12,14.2000,26.8000,2.007676,75.467064,73
2004-12-11T21:00:00,21,12,13.3000,38.7000,2.531417,73.341231,71
2004-12-11T22:00:00,22,12,11.2000,45.1000,1.745805,62.712067,60
2004-12-11T23:00:00,23,12,8.8000,52.5000,2.182256,63.774983,61
2004-12-12T00:00:00,0,12,8.6000,54.3000,2.618708,70.152482,68
2004-12-12T01:00:00,1,12,8.1000,53.2000,2.094966,64.306442,62
2004-12-12T02:00:00,2,12,6.8000,57.8000,2.269547,62.180609,60
2004-12-12T04:00:00,4,12,5.4000,64.1000,1.833095,54.208736,51
2004-12-12T05:00:00,5,12,5.6000,61.6000,1.483934,50.488529,47
2004-12-12T06:00:00,6,12,4.2000,69.0000,1.309354,43.048114,41
2004-12-12T07:00:00,7,12,4.8000,64.6000,1.134773,50.488529,47
2004-12-12T08:00:00,8,12,4.0000,69.0000,1.658515,58.991860,55
2004-12-12T09:00:00,9,12,4.9000,66.3000,1.745805,62.712067,60
2004-12-12T10:00:00,10,12,9.4000,48.7000,2.356837,69.089565,67
2004-12-12T11:00:00,11,12,12.6000,39.9000,2.094966,61.649151,58
2004-12-12T12:00:00,12,12,14.4000,35.3000,2.356837,68.026649,66
2004-12-12T13:00:00,13,12,15.1000,37.4000,2.793288,82.907478,81
2004-12-12T14:00:00,14,12,16.0000,35.8000,2.967869,89.816435,88
2004-12-12T15:00:00,15,12,17.5000,30.8000,2.793288,89.284977,88
2004-12-12T16:00:00,16,12,17.2000,34.2000,3.753481,94.599559,94
2004-12-12T17:00:00,17,12,14.3000,45.8000,4.364513,94.599559,94
2004-12-12T18:00:00,18,12,12.2000,53.9000,5.499286,99.914141,99
2004-12-12T19:00:00,19,12,11.6000,51.2000,4.015352,89.816435,88
2004-12-12T20:00:00,20,12,11.3000,50.1000,2.705998,70.683940,68
2004-12-12T21:00:00,21,12,10.6000,51.2000,2.269547,66.432274,64
2004-12-12T22:00:00,22,12,9.6000,51.7000,1.833095,58.460401,55
2004-12-12T23:00:00,23,12,8.7000,55.2000,1.833095,59.523318,56
2004-12-13T00:00:00,0,12,7.9000,60.2000,2.182256,59.523318,56
2004-12-13T01:00:00,1,12,7.9000,59.2000,1.745805,54.208736,51
2004-12-13T02:00:00,2,12,6.7000,64.6000,1.571225,47.831238,44
2004-12-13T05:00:00,5,12,6.4000,63.3000,0.611032,34.013324,32
2004-12-13T06:00:00,6,12,6.4000,64.4000,0.785612,43.048114,41
2004-12-13T07:00:00,7,12,5.6000,68.9000,1.309354,56.334569,53
2004-12-13T08:00:00,8,12,6.4000,65.6000,2.967869,74.404147,72
2004-12-13T09:00:00,9,12,7.3000,61.4000,2.967869,73.341231,71
2004-12-13T10:00:00,10,12,9.6000,53.7000,2.793288,87.690602,86
2004-12-13T11:00:00,11,12,12.0000,45.9000,4.189932,113.732054,103
2004-12-13T12:00:00,12,12,12.7000,44.4000,3.055159,94.599559,94
2004-12-13T13:00:00,13,12,13.9000,42.8000,3.578900,99.382683,99
2004-12-13T14:00:00,14,12,15.0000,41.4000,4.189932,107.886014,102
2004-12-13T15:00:00,15,12,16.0000,38.7000,3.840771,108.417472,102
2004-12-13T16:00:00,16,12,16.0000,38.6000,3.928061,105.228723,102
2004-12-13T17:00:00,17,12,14.1000,44.9000,5.150125,115.857887,104
2004-12-13T18:00:00,18,12,12.6000,55.9000,8.641735,142.962255,109
2004-12-13T19:00:00,19,12,11.7000,60.8000,6.023027,115.326428,104
2004-12-13T20:00:00,20,12,11.5000,60.9000,3.753481,97.256850,97
2004-12-13T21:00:00,21,12,10.6000,64.1000,2.531417,78.124355,77
2004-12-13T22:00:00,22,12,10.1000,66.2000,1.745805,63.774983,61
2004-12-13T23:00:00,23,12,9.0000,70.1000,1.483934,59.523318,56
2004-12-14T00:00:00,0,12,8.6000,70.5000,1.658515,56.866027,53
2004-12-14T01:00:00,1,12,7.6000,74.3000,1.745805,54.740194,51
2004-12-14T02:00:00,2,12,6.9000,76.1000,1.658515,51.551445,48
2004-12-14T04:00:00,4,12,6.8000,75.4000,0.698322,39.327906,37
2004-12-14T05:00:00,5,12,6.6000,75.3000,0.611032,36.139157,34
2004-12-14T06:00:00,6,12,6.0000,77.3000,0.960193,48.894154,45
2004-12-14T07:00:00,7,12,6.0000,76.7000,1.483934,58.991860,55
2004-12-14T08:00:00,8,12,6.9000,73.7000,2.705998,70.683940,68
2004-12-14T09:00:00,9,12,7.6000,70.6000,3.840771,73.872689,71
2004-12-14T10:00:00,10,12,9.3000,64.2000,4.888254,102.039973,101
2004-12-14T11:00:00,11,12,11.7000,55.7000,3.840771,102.039973,101
2004-12-14T12:00:00,12,12,12.9000,54.1000,3.840771,109.480388,103
2004-12-14T13:00:00,13,12,14.0000,53.0000,4.102642,96.725392,96
2004-12-14T14:00:00,14,12,15.1000,50.2000,3.666191,102.039973,101
2004-12-14T15:00:00,15,12,16.7000,47.3000,2.880578,99.914141,99
2004-12-14T16:00:00,16,12,16.8000,48.4000,4.451803,98.851224,98
2004-12-17T20:00:00,20,12,13.3000,68.0000,2.880578,69.089565,67
2004-12-17T21:00:00,21,12,13.2000,72.8000,2.705998,72.809773,70
2004-12-17T22:00:00,22,12,12.6000,76.5000,2.094966,66.432274,64
2004-12-17T23:00:00,23,12,12.6000,74.3000,1.222064,56.334569,53
2004-12-18T00:00:00,0,12,12.9000,72.1000,1.833095,64.306442,62
2004-12-18T01:00:00,1,12,13.1000,70.5000,1.222064,53.677278,50
2004-12-18T02:00:00,2,12,12.4000,73.8000,1.222064,53.145820,50
2004-12-18T04:00:00,4,12,11.8000,76.3000,0.872903,45.705405,42
2004-12-18T05:00:00,5,12,10.8000,80.0000,1.134773,47.831238,44
2004-12-18T06:00:00,6,12,10.4000,77.3000,0.872903,47.299779,44
2004-12-18T07:00:00,7,12,10.0000,76.2000,0.960193,51.019987,48
2004-12-18T08:00:00,8,12,9.4000,67.7000,1.833095,66.432274,64
2004-12-18T09:00:00,9,12,9.3000,71.2000,2.793288,75.998522,73
2004-12-18T10:00:00,10,12,12.6000,54.0000,2.880578,81.313104,80
2004-12-18T11:00:00,11,12,16.1000,28.5000,2.007676,74.404147,72
2004-12-18T12:00:00,12,12,16.6000,19.9000,0.872903,48.894154,45
2004-12-18T13:00:00,13,12,15.9000,18.2000,0.698322,41.453739,39
2004-12-18T14:00:00,14,12,14.3000,18.4000,0.698322,36.139157,34
2004-12-18T15:00:00,15,12,15.0000,16.3000,0.523742,34.013324,32
2004-12-18T16:00:00,16,12,14.9000,17.1000,0.785612,42.516656,40
2004-12-18T17:00:00,17,12,13.2000,18.8000,0.698322,43.048114,41
2004-12-18T18:00:00,18,12,12.4000,19.6000,1.047483,54.208736,51
2004-12-18T19:00:00,19,12,11.9000,21.3000,1.833095,70.152482,68
2004-12-18T20:00:00,20,12,11.1000,24.8000,3.404320,86.096228,85
2004-12-18T21:00:00,21,12,10.1000,29.7000,3.840771,95.131017,95
2004-12-18T22:00:00,22,12,10.2000,23.8000,1.745805,78.655813,77
2004-12-18T23:00:00,23,12,9.4000,27.4000,2.007676,77.592897,76
2004-12-19T00:00:00,0,12,7.9000,39.0000,3.142449,87.159144,86
2004-12-19T01:00:00,1,12,7.6000,40.6000,3.404320,86.096228,85
2004-12-19T02:00:00,2,12,6.4000,43.7000,1.396644,62.712067,60
2004-12-19T05:00:00,5,12,3.3000,53.5000,0.872903,41.985197,39
2004-12-19T06:00:00,6,12,4.8000,49.9000,0.698322,32.950408,30
2004-12-19T07:00:00,7,12,2.2000,60.1000,0.611032,45.173947,42
2004-12-19T08:00:00,8,12,2.5000,59.3000,0.872903,58.460401,55
2004-12-19T09:00:00,9,12,3.2000,55.7000,0.872903,52.614361,49
2004-12-19T10:00:00,10,12,5.0000,48.8000,1.309354,53.677278,50
2004-12-19T11:00:00,11,12,5.8000,49.8000,2.182256,68.558107,66
2004-12-19T12:00:00,12,12,6.0000,47.6000,2.269547,70.152482,68
2004-12-19T13:00:00,13,12,7.4000,44.6000,2.793288,78.655813,77
2004-12-19T14:00:00,14,12,5.2000,73.1000,2.618708,71.215398,69
2004-12-19T15:00:00,15,12,4.8000,81.4000,2.967869,78.655813,77
2004-12-19T16:00:00,16,12,4.7000,82.3000,2.880578,77.592897,76
2004-12-19T17:00:00,17,12,4.7000,82.8000,3.142449,78.655813,77
2004-12-19T18:00:00,18,12,4.7000,83.4000,4.800964,93.005184,93
2004-12-19T19:00:00,19,12,5.2000,83.1000,3.928061,90.347893,89
2004-12-19T20:00:00,20,12,5.5000,84.1000,4.102642,91.942268,90
2004-12-19T21:00:00,21,12,5.8000,84.5000,3.753481,80.250187,79
2004-12-19T22:00:00,22,12,6.2000,84.1000,2.793288,68.558107,66
2004-12-19T23:00:00,23,12,6.6000,83.3000,2.531417,66.963733,64
2004-12-20T00:00:00,0,12,6.8000,82.8000,2.705998,67.495191,65
2004-12-20T01:00:00,1,12,8.2000,78.4000,2.444127,62.712067,60
2004-12-20T02:00:00,2,12,9.7000,70.9000,1.047483,44.111030,42
2004-12-20T04:00:00,4,12,9.3000,65.9000,0.698322,31.887492,29
2004-12-20T05:00:00,5,12,8.8000,62.9000,0.523742,19.663953,18
2004-12-20T06:00:00,6,12,8.6000,58.8000,0.523742,20.726870,19
2004-12-20T07:00:00,7,12,9.2000,55.9000,0.872903,37.202074,35
2004-12-20T08:00:00,8,12,8.4000,57.7000,2.793288,57.397485,54
2004-12-20T09:00:00,9,12,8.5000,60.4000,3.142449,63.243525,61
2004-12-20T10:00:00,10,12,8.9000,57.4000,2.531417,58.991860,55
2004-12-20T11:00:00,11,12,9.2000,55.8000,2.094966,56.334569,53
2004-12-20T12:00:00,12,12,9.6000,53.9000,2.182256,55.803110,52
2004-12-20T13:00:00,13,12,9.6000,52.4000,2.269547,60.586234,57
2004-12-20T14:00:00,14,12,9.7000,49.8000,2.007676,49.425612,46
2004-12-20T15:00:00,15,12,9.4000,44.9000,1.920386,47.299779,44
2004-12-20T16:00:00,16,12,9.8000,41.9000,2.007676,54.208736,51
2004-12-20T17:00:00,17,12,8.9000,44.9000,2.531417,68.558107,66
2004-12-20T18:00:00,18,12,8.4000,45.4000,3.578900,80.250187,79
2004-12-20T19:00:00,19,12,8.0000,41.0000,3.578900,80.250187,79
2004-12-20T20:00:00,20,12,7.9000,37.1000,3.491610,79.187271,78
2004-12-20T21:00:00,21,12,7.8000,33.9000,3.229739,79.187271,78
2004-12-20T22:00:00,22,12,7.3000,32.4000,1.483934,60.586234,57
2004-12-20T23:00:00,23,12,7.4000,34.6000,0.960193,55.271652,52
2004-12-21T00:00:00,0,12,7.1000,33.7000,0.960193,55.271652,52
2004-12-21T01:00:00,1,12,6.4000,35.8000,1.309354,67.495191,65
2004-12-21T02:00:00,2,12,5.6000,37.7000,0.436451,28.167284,26
2004-12-21T04:00:00,4,12,5.3000,38.8000,0.174581,20.726870,19
2004-12-21T05:00:00,5,12,4.7000,41.4000,0.261871,21.789786,20
2004-12-21T06:00:00,6,12,4.3000,43.9000,0.523742,51.551445,48
2004-12-21T07:00:00,7,12,4.9000,40.6000,0.611032,63.774983,61
2004-12-21T08:00:00,8,12,5.1000,40.8000,2.269547,88.753519,87
2004-12-21T09:00:00,9,12,6.5000,38.1000,4.800964,105.228723,102
2004-12-21T10:00:00,10,12,7.4000,36.5000,2.269547,83.438937,82
2004-12-21T11:00:00,11,12,7.9000,36.4000,1.309354,66.432274,64
2004-12-21T12:00:00,12,12,7.8000,36.8000,1.483934,71.746856,69
2004-12-21T13:00:00,13,12,8.7000,33.7000,1.920386,73.341231,71
2004-12-21T14:00:00,14,12,8.5000,34.3000,1.833095,70.152482,68
2004-12-21T15:00:00,15,12,8.9000,34.5000,1.920386,75.467064,73
2004-12-21T16:00:00,16,12,8.8000,35.7000,2.007676,72.809773,70
2004-12-21T17:00:00,17,12,7.9000,38.6000,2.182256,77.061438,76
2004-12-21T18:00:00,18,12,7.6000,40.1000,2.705998,88.222060,87
2004-12-21T19:00:00,19,12,6.9000,40.3000,3.142449,87.690602,86
2004-12-21T20:00:00,20,12,6.5000,41.7000,3.404320,93.005184,93
2004-12-21T21:00:00,21,12,6.3000,42.6000,3.491610,98.319766,98
2004-12-21T22:00:00,22,12,5.9000,44.7000,2.007676,88.222060,87
2004-12-21T23:00:00,23,12,5.8000,43.4000,1.309354,74.404147,72
2004-12-22T00:00:00,0,12,5.8000,42.5000,1.309354,70.683940,68
2004-12-22T01:00:00,1,12,5.6000,42.0000,1.920386,76.529980,74
2004-12-22T02:00:00,2,12,5.3000,42.3000,1.134773,66.963733,64
2004-12-22T05:00:00,5,12,5.2000,45.9000,0.436451,37.202074,35
2004-12-22T06:00:00,6,12,4.7000,49.0000,0.436451,39.327906,37
2004-12-22T07:00:00,7,12,4.5000,51.8000,0.785612,65.900816,63
2004-12-22T08:00:00,8,12,4.5000,53.0000,1.745805,80.781646,79
2004-12-22T09:00:00,9,12,4.8000,53.1000,2.793288,92.473726,91
2004-12-22T10:00:00,10,12,7.8000,42.0000,2.007676,85.564769,84
2004-12-22T11:00:00,11,12,9.3000,37.6000,1.571225,63.774983,61
2004-12-22T12:00:00,12,12,10.0000,34.2000,1.833095,58.991860,55
2004-12-22T13:00:00,13,12,10.3000,32.6000,1.658515,68.026649,66
2004-12-22T14:00:00,14,12,9.8000,31.8000,2.094966,70.683940,68
2004-12-22T15:00:00,15,12,9.8000,30.3000,1.833095,64.306442,62
2004-12-22T16:00:00,16,12,9.6000,29.6000,2.444127,78.124355,77
2004-12-22T17:00:00,17,12,8.1000,32.5000,2.880578,72.278315,70
2004-12-22T18:00:00,18,12,6.8000,36.1000,2.531417,81.313104,80
2004-12-22T19:00:00,19,12,6.4000,36.5000,3.404320,94.599559,94
2004-12-22T20:00:00,20,12,5.9000,37.8000,3.578900,92.473726,91
2004-12-22T21:00:00,21,12,5.1000,40.7000,2.880578,88.222060,87
2004-12-22T22:00:00,22,12,4.8000,45.1000,2.880578,89.816435,88
2004-12-22T23:00:00,23,12,4.5000,43.9000,1.658515,70.152482,68
2004-12-23T00:00:00,0,12,5.2000,44.1000,1.745805,67.495191,65
2004-12-23T01:00:00,1,12,4.3000,46.4000,1.658515,60.054776,57
2004-12-23T02:00:00,2,12,3.0000,52.5000,1.833095,68.026649,66
2004-12-23T04:00:00,4,12,1.5000,61.4000,1.134773,45.173947,42
2004-12-23T05:00:00,5,12,4.0000,50.4000,0.960193,40.922281,38
2004-12-23T06:00:00,6,12,2.8000,55.2000,1.047483,41.453739,39
2004-12-23T07:00:00,7,12,1.2000,61.4000,1.571225,61.117692,58
2004-12-23T08:00:00,8,12,1.4000,61.3000,3.142449,89.816435,88
2004-12-23T09:00:00,9,12,2.2000,58.1000,3.229739,92.473726,91
2004-12-23T10:00:00,10,12,4.3000,49.4000,2.967869,90.879351,89
2004-12-23T11:00:00,11,12,6.6000,42.5000,3.491610,95.131017,95
2004-12-23T12:00:00,12,12,8.0000,38.3000,3.317030,102.571432,101
2004-12-23T13:00:00,13,12,9.1000,36.1000,3.578900,111.606221,103
2004-12-23T14:00:00,14,12,10.0000,34.7000,4.277222,119.046636,104
2004-12-23T15:00:00,15,12,11.0000,33.0000,2.880578,93.005184,93
2004-12-23T16:00:00,16,12,11.3000,33.6000,3.753481,94.068101,94
2004-12-23T17:00:00,17,12,9.4000,41.3000,5.761157,110.543305,103
2004-12-23T18:00:00,18,12,8.0000,45.9000,7.419672,131.270174,107
2004-12-23T19:00:00,19,12,7.1000,50.3000,7.594252,128.612883,106
2004-12-23T20:00:00,20,12,6.2000,56.9000,7.943413,133.927465,107
2004-12-23T21:00:00,21,12,6.3000,57.9000,6.284898,121.172469,105
2004-12-23T22:00:00,22,12,6.2000,56.8000,4.364513,104.165806,102
2004-12-23T23:00:00,23,12,6.1000,54.7000,3.666191,100.977057,100
2004-12-24T00:00:00,0,12,6.0000,55.6000,4.015352,99.382683,99
2004-12-24T01:00:00,1,12,5.1000,59.0000,3.404320,92.473726,91
2004-12-24T02:00:00,2,12,5.1000,58.4000,2.967869,83.970395,82
2004-12-24T04:00:00,4,12,4.2000,63.1000,2.094966,70.152482,68
2004-12-24T05:00:00,5,12,4.3000,64.1000,2.182256,64.306442,62
2004-12-24T06:00:00,6,12,4.8000,61.9000,3.055159,72.278315,70
2004-12-24T07:00:00,7,12,5.3000,61.1000,3.404320,73.341231,71
2004-12-24T08:00:00,8,12,5.7000,61.3000,4.189932,79.187271,78
2004-12-24T09:00:00,9,12,6.1000,60.5000,5.324705,87.690602,86
2004-12-24T10:00:00,10,12,6.7000,59.7000,5.761157,90.347893,89
2004-12-24T11:00:00,11,12,7.2000,58.6000,5.673866,87.690602,86
2004-12-24T12:00:00,12,12,8.0000,55.9000,5.237415,88.753519,87
2004-12-24T13:00:00,13,12,9.8000,52.4000,6.023027,104.697264,102
2004-12-24T14:00:00,14,12,10.5000,51.1000,6.895930,115.326428,104
2004-12-24T15:00:00,15,12,10.8000,52.4000,5.324705,108.417472,102
2004-12-24T16:00:00,16,12,10.6000,55.3000,5.848447,102.571432,101
2004-12-24T17:00:00,17,12,10.4000,57.0000,5.935737,102.039973,101
2004-12-24T18:00:00,18,12,10.2000,58.3000,5.848447,93.005184,93
2004-12-25T00:00:00,0,12,9.4000,66.1000,5.150125,89.816435,88
2004-12-25T01:00:00,1,12,9.6000,65.9000,4.888254,87.159144,86
2004-12-25T02:00:00,2,12,9.5000,66.2000,4.800964,81.844562,80
2004-12-25T05:00:00,5,12,9.0000,69.8000,1.920386,63.243525,61
2004-12-25T06:00:00,6,12,8.9000,70.5000,1.745805,56.334569,53
2004-12-25T07:00:00,7,12,8.9000,70.4000,1.920386,58.991860,55
2004-12-25T08:00:00,8,12,9.1000,69.6000,1.745805,64.837900,62
2004-12-25T09:00:00,9,12,9.0000,70.8000,2.182256,64.306442,62
2004-12-25T10:00:00,10,12,9.8000,68.6000,2.618708,72.278315,70
2004-12-25T11:00:00,11,12,10.2000,67.3000,2.444127,73.341231,71
2004-12-25T12:00:00,12,12,10.7000,65.0000,2.967869,78.124355,77
2004-12-25T13:00:00,13,12,11.4000,62.9000,4.800964,94.599559,94
2004-12-25T14:00:00,14,12,12.2000,61.1000,3.491610,93.536642,93
2004-12-25T15:00:00,15,12,12.1000,61.8000,2.094966,84.501853,83
2004-12-25T16:00:00,16,12,11.7000,65.6000,2.705998,89.284977,88
2004-12-25T17:00:00,17,12,11.4000,67.9000,3.491610,96.193933,96
2004-12-25T18:00:00,18,12,11.2000,70.8000,4.015352,97.788308,97
2004-12-25T19:00:00,19,12,10.9000,75.9000,4.189932,90.347893,89
2004-12-25T20:00:00,20,12,11.3000,78.3000,5.411996,92.473726,91
2004-12-25T21:00:00,21,12,10.3000,82.8000,4.015352,72.278315,70
2004-12-25T22:00:00,22,12,10.4000,82.5000,3.928061,67.495191,65
2004-12-25T23:00:00,23,12,11.0000,81.7000,3.666191,66.432274,64
2004-12-26T00:00:00,0,12,11.7000,79.8000,2.269547,64.306442,62
2004-12-26T01:00:00,1,12,11.6000,80.0000,1.396644,62.180609,60
2004-12-26T02:00:00,2,12,11.3000,80.1000,1.134773,57.397485,54
2004-12-26T04:00:00,4,12,10.8000,78.7000,0.436451,29.230201,27
2004-12-26T05:00:00,5,12,10.7000,81.5000,0.349161,24.447077,23
2004-12-26T06:00:00,6,12,10.9000,80.3000,0.261871,24.447077,23
2004-12-26T07:00:00,7,12,10.7000,80.7000,0.349161,35.607699,33
2004-12-26T08:00:00,8,12,10.5000,81.8000,0.523742,47.831238,44
2004-12-26T09:00:00,9,12,10.4000,82.9000,0.785612,62.180609,60
2004-12-26T10:00:00,10,12,10.6000,82.1000,0.960193,62.712067,60
2004-12-26T11:00:00,11,12,11.5000,72.6000,0.872903,59.523318,56
2004-12-26T12:00:00,12,12,12.8000,65.5000,1.396644,71.215398,69
2004-12-26T13:00:00,13,12,13.9000,60.9000,1.571225,67.495191,65
2004-12-26T14:00:00,14,12,14.9000,57.9000,0.872903,46.768321,43
2004-12-26T15:00:00,15,12,14.8000,63.5000,0.698322,30.293117,28
2004-12-26T16:00:00,16,12,13.6000,68.9000,1.222064,52.614361,49
2004-12-26T17:00:00,17,12,13.6000,68.9000,1.833095,68.558107,66
2004-12-26T18:00:00,18,12,13.5000,67.1000,2.007676,72.809773,70
2004-12-26T19:00:00,19,12,12.3000,75.4000,3.055159,77.592897,76
2004-12-26T20:00:00,20,12,11.7000,80.0000,3.317030,73.872689,71
2004-12-26T21:00:00,21,12,11.8000,82.7000,2.094966,68.026649,66
2004-12-26T22:00:00,22,12,11.8000,77.5000,0.872903,56.334569,53
2004-12-26T23:00:00,23,12,12.0000,72.3000,1.134773,60.586234,57
2004-12-27T00:00:00,0,12,11.2000,79.6000,2.007676,72.809773,70
2004-12-27T01:00:00,1,12,11.5000,74.2000,1.309354,60.586234,57
2004-12-27T02:00:00,2,12,11.6000,68.9000,0.960193,48.894154,45
2004-12-27T04:00:00,4,12,11.7000,64.6000,0.611032,29.230201,27
2004-12-27T05:00:00,5,12,11.9000,61.1000,0.349161,24.447077,23
2004-12-27T06:00:00,6,12,12.5000,57.3000,0.436451,35.607699,33
2004-12-27T07:00:00,7,12,12.3000,60.1000,0.698322,50.488529,47
2004-12-27T08:00:00,8,12,11.5000,68.7000,1.658515,70.683940,68
2004-12-27T09:00:00,9,12,12.5000,63.2000,2.007676,73.341231,71
2004-12-27T10:00:00,10,12,12.9000,63.2000,1.658515,67.495191,65
2004-12-27T11:00:00,11,12,13.5000,59.9000,1.396644,63.243525,61
2004-12-27T12:00:00,12,12,13.4000,61.3000,1.222064,60.054776,57
2004-12-27T13:00:00,13,12,14.4000,57.1000,1.309354,57.928943,54
2004-12-27T14:00:00,14,12,15.0000,57.2000,1.222064,51.551445,48
2004-12-27T15:00:00,15,12,12.4000,72.6000,1.745805,62.180609,60
2004-12-27T16:00:00,16,12,12.8000,73.6000,2.182256,70.152482,68
2004-12-27T17:00:00,17,12,13.3000,68.2000,1.920386,62.180609,60
2004-12-27T18:00:00,18,12,13.4000,66.6000,1.745805,58.460401,55
2004-12-27T19:00:00,19,12,13.3000,63.6000,1.833095,63.243525,61
2004-12-27T20:00:00,20,12,12.9000,62.4000,1.833095,61.649151,58
2004-12-27T21:00:00,21,12,12.4000,64.7000,1.833095,65.369358,63
2004-12-27T22:00:00,22,12,12.1000,65.6000,1.396644,62.180609,60
2004-12-27T23:00:00,23,12,11.3000,69.8000,0.960193,53.145820,50
2004-12-28T00:00:00,0,12,11.0000,68.7000,1.047483,53.677278,50
2005-01-01T01:00:00,1,1,5.3000,50.7000,1.396644,56.334569,53
2005-01-01T02:00:00,2,1,5.9000,50.0000,2.182256,68.558107,66
2005-01-01T04:00:00,4,1,4.3000,55.3000,1.658515,66.963733,64
2005-01-01T05:00:00,5,1,4.2000,57.1000,1.222064,56.334569,53
2005-01-01T06:00:00,6,1,3.5000,58.3000,1.309354,52.614361,49
2005-01-01T07:00:00,7,1,3.0000,60.7000,1.222064,51.551445,48
2005-01-01T08:00:00,8,1,2.6000,63.2000,0.960193,49.957070,46
2005-01-01T09:00:00,9,1,3.9000,59.0000,0.872903,45.705405,42
2005-01-01T10:00:00,10,1,4.7000,57.2000,1.047483,51.551445,48
2005-01-01T11:00:00,11,1,6.8000,48.6000,1.483934,60.054776,57
2005-01-01T12:00:00,12,1,8.6000,43.6000,2.007676,66.432274,64
2005-01-01T13:00:00,13,1,9.5000,41.2000,1.920386,78.124355,77
2005-01-01T14:00:00,14,1,10.9000,35.9000,2.094966,81.313104,80
2005-01-01T15:00:00,15,1,12.5000,32.3000,1.920386,78.124355,77
2005-01-01T16:00:00,16,1,12.8000,32.6000,1.833095,73.872689,71
2005-01-01T17:00:00,17,1,10.9000,39.7000,2.618708,87.690602,86
2005-01-01T18:00:00,18,1,9.0000,51.8000,4.102642,101.508515,101
2005-01-01T19:00:00,19,1,8.1000,54.1000,3.142449,91.410810,90
2005-01-01T20:00:00,20,1,7.8000,54.6000,2.182256,80.250187,79
2005-01-01T21:00:00,21,1,6.2000,59.6000,2.007676,72.809773,70
2005-01-01T22:00:00,22,1,5.7000,59.9000,1.833095,69.089565,67
2005-01-01T23:00:00,23,1,5.6000,59.7000,1.483934,61.117692,58
2005-01-02T00:00:00,0,1,4.7000,62.9000,1.571225,59.523318,56
2005-01-02T01:00:00,1,1,4.5000,63.5000,1.396644,55.803110,52
2005-01-02T02:00:00,2,1,4.5000,63.6000,1.134773,51.019987,48
2005-01-02T04:00:00,4,1,3.2000,68.3000,1.134773,46.236863,43
2005-01-02T05:00:00,5,1,3.1000,69.2000,0.960193,39.859365,37
2005-01-02T06:00:00,6,1,2.4000,71.9000,0.872903,43.579572,41
2005-01-02T07:00:00,7,1,3.1000,68.7000,0.872903,44.111030,42
2005-01-02T08:00:00,8,1,2.1000,73.1000,1.047483,46.768321,43
2005-01-02T09:00:00,9,1,3.3000,68.2000,1.134773,56.334569,53
2005-01-02T10:00:00,10,1,4.1000,65.8000,1.396644,59.523318,56
2005-01-02T11:00:00,11,1,6.6000,56.6000,1.920386,74.935606,72
2005-01-02T12:00:00,12,1,8.0000,51.2000,1.920386,78.655813,77
2005-01-02T13:00:00,13,1,10.3000,44.9000,2.444127,90.879351,89
2005-01-02T14:00:00,14,1,12.3000,41.7000,1.833095,85.033311,84
2005-01-02T15:00:00,15,1,13.5000,41.3000,1.396644,72.809773,70
2005-01-02T16:00:00,16,1,13.4000,43.1000,2.444127,88.753519,87
2005-01-02T17:00:00,17,1,9.9000,53.3000,2.269547,87.159144,86
2005-01-02T18:00:00,18,1,8.9000,54.6000,2.444127,88.222060,87
2005-01-02T19:00:00,19,1,8.9000,54.8000,2.531417,88.753519,87
2005-01-02T20:00:00,20,1,8.3000,58.2000,2.967869,92.473726,91
2005-01-05T01:00:00,1,1,9.5000,69.5000,1.483934,63.774983,61
2005-01-05T02:00:00,2,1,9.1000,70.9000,1.658515,63.243525,61
2005-01-05T04:00:00,4,1,7.9000,72.1000,1.745805,58.991860,55
2005-01-05T05:00:00,5,1,7.6000,72.7000,1.483934,57.928943,54
2005-01-05T06:00:00,6,1,7.5000,71.7000,1.571225,58.460401,55
2005-01-05T07:00:00,7,1,7.9000,70.6000,1.920386,66.963733,64
2005-01-05T08:00:00,8,1,8.6000,69.0000,3.229739,78.655813,77
2005-01-05T09:00:00,9,1,9.1000,67.5000,4.189932,86.096228,85
2005-01-05T10:00:00,10,1,9.8000,65.8000,4.189932,91.942268,90
2005-01-05T11:00:00,11,1,11.2000,61.9000,4.539093,105.228723,102
2005-01-05T12:00:00,12,1,12.8000,60.1000,5.150125,116.389345,104
2005-01-05T13:00:00,13,1,13.4000,62.4000,5.150125,109.480388,103
2005-01-05T14:00:00,14,1,14.3000,61.2000,2.705998,82.376020,81
2005-01-05T15:00:00,15,1,14.6000,59.6000,2.269547,79.718729,78
2005-01-05T16:00:00,16,1,14.2000,60.0000,2.444127,78.655813,77
2005-01-05T17:00:00,17,1,13.8000,62.6000,2.444127,83.970395,82
2005-01-05T18:00:00,18,1,13.6000,64.0000,2.444127,80.781646,79
2005-01-05T19:00:00,19,1,13.4000,64.5000,2.705998,78.655813,77
2005-01-05T20:00:00,20,1,13.5000,64.7000,2.880578,78.124355,77
2005-01-05T21:00:00,21,1,13.4000,65.3000,2.356837,76.529980,74
2005-01-05T22:00:00,22,1,13.2000,64.5000,2.007676,76.529980,74
2005-01-05T23:00:00,23,1,13.2000,62.3000,1.396644,66.963733,64
2005-01-06T00:00:00,0,1,12.5000,63.7000,1.396644,61.117692,58
2005-01-06T01:00:00,1,1,12.3000,64.6000,1.483934,61.649151,58
2005-01-06T02:00:00,2,1,12.5000,63.8000,1.396644,59.523318,56
2005-01-06T05:00:00,5,1,10.7000,69.5000,0.785612,35.607699,33
2005-01-06T06:00:00,6,1,12.4000,62.6000,0.698322,38.264990,36
2005-01-06T07:00:00,7,1,12.3000,62.7000,0.611032,36.670615,34
2005-01-06T08:00:00,8,1,11.4000,66.6000,0.960193,56.866027,53
2005-01-06T09:00:00,9,1,11.1000,70.2000,1.309354,62.180609,60
2005-01-06T10:00:00,10,1,13.4000,61.0000,1.309354,61.117692,58
2005-01-06T11:00:00,11,1,15.9000,52.2000,1.396644,63.774983,61
2005-01-06T12:00:00,12,1,15.6000,54.0000,1.396644,68.026649,66
2005-01-06T13:00:00,13,1,16.3000,51.5000,1.745805,73.341231,71
2005-01-06T14:00:00,14,1,16.5000,50.8000,1.483934,67.495191,65
2005-01-06T15:00:00,15,1,16.3000,51.9000,1.309354,58.991860,55
2005-01-06T16:00:00,16,1,16.2000,53.0000,1.745805,64.837900,62
2005-01-06T17:00:00,17,1,15.6000,54.8000,1.658515,71.215398,69
2005-01-06T18:00:00,18,1,14.5000,57.5000,1.833095,81.313104,80
2005-01-06T19:00:00,19,1,14.0000,60.1000,2.444127,89.816435,88
2005-01-06T20:00:00,20,1,13.5000,63.0000,2.356837,86.096228,85
2005-01-06T21:00:00,21,1,12.6000,65.4000,2.094966,80.781646,79
2005-01-06T22:00:00,22,1,12.0000,67.5000,1.396644,67.495191,65
2005-01-06T23:00:00,23,1,10.5000,72.0000,1.483934,59.523318,56
2005-01-07T00:00:00,0,1,10.0000,70.9000,1.134773,52.082903,49
2005-01-07T01:00:00,1,1,9.8000,70.7000,1.222064,47.299779,44
2005-01-07T02:00:00,2,1,8.0000,75.0000,1.047483,43.579572,41
2005-01-07T04:00:00,4,1,7.0000,77.3000,0.872903,40.922281,38
2005-01-07T05:00:00,5,1,7.2000,74.4000,0.523742,29.230201,27
2005-01-07T06:00:00,6,1,6.7000,75.0000,0.611032,33.481866,31
2005-01-07T07:00:00,7,1,6.4000,76.3000,0.872903,36.670615,34
2005-01-07T08:00:00,8,1,6.0000,78.5000,1.483934,52.614361,49
2005-01-07T09:00:00,9,1,6.3000,77.4000,2.618708,66.432274,64
2005-01-07T10:00:00,10,1,7.7000,73.8000,2.094966,65.369358,63
2005-01-07T11:00:00,11,1,10.2000,61.5000,1.920386,68.026649,66
2005-01-07T12:00:00,12,1,11.3000,58.1000,2.269547,79.187271,78
2005-01-07T13:00:00,13,1,10.6000,62.3000,2.182256,72.809773,70
2005-01-07T14:00:00,14,1,11.1000,62.0000,2.618708,78.124355,77
2005-01-07T15:00:00,15,1,12.6000,57.7000,2.880578,89.284977,88
2005-01-07T16:00:00,16,1,13.3000,56.2000,3.317030,95.662475,95
2005-01-07T17:00:00,17,1,11.2000,65.3000,3.142449,90.347893,89
2005-01-07T18:00:00,18,1,8.8000,74.6000,4.364513,95.662475,95
2005-01-07T19:00:00,19,1,7.2000,78.5000,4.975544,94.599559,94
2005-01-07T20:00:00,20,1,6.5000,80.0000,4.364513,84.501853,83
2005-01-07T21:00:00,21,1,5.8000,83.8000,4.189932,82.907478,81
2005-01-07T22:00:00,22,1,5.5000,83.5000,3.404320,77.592897,76
2005-01-07T23:00:00,23,1,5.8000,81.3000,2.880578,70.152482,68
2005-01-08T00:00:00,0,1,5.4000,82.6000,2.967869,72.809773,70
2005-01-08T01:00:00,1,1,6.4000,76.3000,2.094966,60.586234,57
2005-01-08T02:00:00,2,1,7.0000,73.6000,1.222064,50.488529,47
2005-01-08T04:00:00,4,1,7.9000,69.3000,1.047483,46.768321,43
2005-01-08T05:00:00,5,1,7.4000,71.7000,1.047483,49.957070,46
2005-01-08T06:00:00,6,1,7.7000,71.9000,1.047483,51.551445,48
2005-01-08T07:00:00,7,1,8.1000,68.0000,1.134773,49.425612,46
2005-01-08T08:00:00,8,1,6.7000,77.1000,2.007676,60.054776,57
2005-01-08T09:00:00,9,1,6.8000,77.9000,2.967869,66.963733,64
2005-01-08T10:00:00,10,1,8.9000,66.7000,2.618708,70.683940,68
2005-01-08T11:00:00,11,1,11.6000,54.1000,2.182256,74.935606,72
2005-01-08T12:00:00,12,1,13.5000,49.4000,2.356837,73.872689,71
2005-01-08T13:00:00,13,1,13.8000,50.9000,2.444127,78.124355,77
2005-01-08T14:00:00,14,1,13.4000,55.9000,3.142449,93.005184,93
2005-01-08T15:00:00,15,1,12.9000,59.0000,2.705998,95.662475,95
2005-01-08T16:00:00,16,1,13.3000,59.0000,3.753481,103.102890,101
2005-01-08T17:00:00,17,1,13.0000,61.9000,4.015352,102.039973,101
2005-01-08T18:00:00,18,1,12.5000,63.6000,3.753481,99.914141,99
2005-01-08T19:00:00,19,1,12.2000,65.8000,3.753481,95.131017,95
2005-01-08T20:00:00,20,1,12.6000,65.2000,4.800964,104.165806,102
2005-01-08T21:00:00,21,1,13.3000,63.6000,2.967869,89.816435,88
2005-01-08T22:00:00,22,1,13.5000,62.6000,2.094966,80.250187,79
2005-01-08T23:00:00,23,1,14.1000,59.6000,1.396644,65.369358,63
2005-01-09T00:00:00,0,1,14.0000,61.4000,1.483934,67.495191,65
2005-01-09T01:00:00,1,1,13.5000,63.4000,1.396644,67.495191,65
2005-01-09T02:00:00,2,1,13.2000,64.2000,1.134773,62.712067,60
2005-01-09T05:00:00,5,1,13.5000,63.8000,0.523742,23.384161,22
2005-01-09T06:00:00,6,1,12.5000,67.3000,0.523742,24.447077,23
2005-01-09T07:00:00,7,1,13.2000,64.2000,0.436451,24.447077,23
2005-01-09T08:00:00,8,1,13.1000,63.4000,0.523742,32.418950,30
2005-01-09T09:00:00,9,1,13.8000,60.5000,0.611032,31.887492,29
2005-01-09T10:00:00,10,1,13.7000,60.4000,0.785612,37.733532,35
2005-01-09T11:00:00,11,1,14.0000,59.7000,1.309354,58.991860,55
2005-01-09T12:00:00,12,1,15.0000,56.2000,1.658515,67.495191,65
2005-01-09T13:00:00,13,1,16.9000,50.9000,1.658515,68.026649,66
2005-01-09T14:00:00,14,1,16.6000,52.4000,1.920386,75.467064,73
2005-01-09T15:00:00,15,1,16.4000,53.2000,3.317030,77.061438,76
2005-01-09T16:00:00,16,1,16.1000,52.8000,1.745805,77.061438,76
2005-01-09T17:00:00,17,1,15.7000,54.4000,1.920386,82.907478,81
2005-01-09T18:00:00,18,1,15.4000,55.3000,2.880578,81.844562,80
2005-01-09T19:00:00,19,1,15.2000,54.7000,2.356837,87.690602,86
2005-01-09T20:00:00,20,1,14.7000,56.6000,2.269547,81.313104,80
2005-01-09T21:00:00,21,1,14.4000,58.2000,2.182256,80.250187,79
2005-01-09T22:00:00,22,1,14.3000,59.2000,1.309354,69.621024,67
2005-01-09T23:00:00,23,1,14.0000,60.4000,1.658515,68.026649,66
2005-01-10T00:00:00,0,1,13.7000,63.6000,1.745805,72.809773,70
2005-01-10T01:00:00,1,1,13.1000,68.7000,1.483934,63.243525,61
2005-01-10T02:00:00,2,1,13.2000,69.9000,1.047483,51.019987,48
2005-01-10T04:00:00,4,1,12.9000,70.4000,0.523742,31.887492,29
2005-01-10T07:00:00,7,1,12.3000,73.3000,0.349161,55.271652,52
2005-01-10T08:00:00,8,1,12.8000,71.8000,2.269547,72.809773,70
2005-01-10T09:00:00,9,1,13.1000,70.2000,3.055159,77.592897,76
2005-01-10T10:00:00,10,1,12.8000,71.8000,1.833095,72.278315,70
2005-01-10T11:00:00,11,1,13.1000,70.3000,1.833095,76.529980,74
2005-01-10T12:00:00,12,1,13.7000,67.0000,1.483934,70.683940,68
2005-01-10T13:00:00,13,1,14.0000,65.4000,2.269547,78.655813,77
2005-01-10T14:00:00,14,1,14.4000,63.8000,2.269547,82.376020,81
2005-01-10T15:00:00,15,1,14.1000,65.9000,2.094966,80.781646,79
2005-01-10T16:00:00,16,1,14.1000,65.9000,2.094966,77.061438,76
2005-01-10T17:00:00,17,1,14.1000,66.0000,1.745805,73.872689,71
2005-01-10T18:00:00,18,1,14.0000,66.4000,1.745805,71.215398,69
2005-01-10T19:00:00,19,1,13.8000,66.4000,2.705998,68.026649,66
2005-01-10T20:00:00,20,1,13.4000,68.1000,2.880578,71.746856,69
2005-01-10T21:00:00,21,1,13.2000,69.1000,2.880578,72.278315,70
2005-01-10T22:00:00,22,1,13.0000,70.0000,2.269547,66.963733,64
2005-01-10T23:00:00,23,1,12.7000,69.9000,1.483934,61.649151,58
2005-01-11T00:00:00,0,1,12.0000,71.9000,1.571225,61.649151,58
2005-01-11T01:00:00,1,1,13.2000,66.8000,1.309354,56.866027,53
2005-01-11T02:00:00,2,1,12.4000,69.5000,0.960193,48.362696,45
2005-01-11T04:00:00,4,1,11.8000,70.6000,0.611032,37.202074,35
2005-01-11T05:00:00,5,1,12.3000,68.0000,0.611032,41.453739,39
2005-01-11T06:00:00,6,1,12.0000,69.2000,0.785612,39.859365,37
2005-01-11T07:00:00,7,1,11.7000,69.8000,1.134773,53.677278,50
2005-01-11T08:00:00,8,1,12.1000,67.6000,2.793288,72.278315,70
2005-01-11T09:00:00,9,1,12.5000,65.1000,4.451803,78.124355,77
2005-01-11T10:00:00,10,1,12.8000,62.5000,3.229739,75.998522,73
2005-01-11T11:00:00,11,1,13.4000,59.9000,2.793288,81.313104,80
2005-01-11T12:00:00,12,1,13.4000,57.9000,2.705998,78.655813,77
2005-01-11T13:00:00,13,1,13.6000,56.4000,2.618708,79.187271,78
2005-01-11T14:00:00,14,1,13.8000,56.3000,3.142449,74.935606,72
2005-01-11T15:00:00,15,1,13.7000,57.9000,2.793288,78.124355,77
2005-01-11T16:00:00,16,1,13.6000,58.9000,3.404320,84.501853,83
2005-01-11T17:00:00,17,1,13.4000,59.7000,2.967869,80.781646,79
2005-01-11T18:00:00,18,1,13.3000,61.2000,3.404320,76.529980,74
2005-01-11T19:00:00,19,1,13.2000,61.8000,3.142449,77.592897,76
2005-01-11T20:00:00,20,1,12.9000,61.5000,4.102642,86.096228,85
2005-01-11T21:00:00,21,1,12.6000,63.9000,3.578900,82.907478,81
2005-01-11T22:00:00,22,1,12.0000,67.4000,2.967869,77.592897,76
2005-01-11T23:00:00,23,1,11.9000,69.0000,3.055159,80.250187,79
2005-01-12T00:00:00,0,1,12.0000,66.6000,1.047483,67.495191,65
2005-01-12T01:00:00,1,1,11.4000,69.6000,2.094966,65.369358,63
2005-01-12T02:00:00,2,1,11.2000,70.3000,1.833095,64.837900,62
2005-01-12T05:00:00,5,1,10.0000,74.8000,0.872903,44.111030,42
2005-01-12T06:00:00,6,1,9.2000,78.5000,1.222064,52.082903,49
2005-01-12T07:00:00,7,1,8.8000,79.4000,1.571225,57.928943,54
2005-01-12T08:00:00,8,1,8.7000,79.4000,3.317030,73.341231,71
2005-01-12T09:00:00,9,1,8.9000,76.5000,3.578900,73.341231,71
2005-01-12T10:00:00,10,1,9.9000,73.3000,3.840771,90.347893,89
2005-01-12T11:00:00,11,1,11.8000,65.5000,3.055159,101.508515,101
2005-01-12T12:00:00,12,1,13.0000,60.9000,3.055159,104.165806,102
2005-01-12T13:00:00,13,1,14.7000,52.3000,3.317030,98.319766,98
2005-01-12T14:00:00,14,1,15.1000,49.6000,2.705998,82.907478,81
2005-01-12T15:00:00,15,1,15.7000,48.8000,2.967869,91.942268,90
2005-01-12T16:00:00,16,1,15.8000,48.9000,2.880578,88.222060,87
2005-01-12T17:00:00,17,1,14.6000,54.0000,2.967869,91.942268,90
2005-01-12T18:00:00,18,1,14.3000,56.3000,4.102642,94.068101,94
2005-01-12T19:00:00,19,1,14.1000,57.8000,4.975544,96.725392,96
2005-01-12T20:00:00,20,1,13.1000,62.9000,4.888254,88.222060,87
2005-01-12T21:00:00,21,1,12.0000,67.5000,5.150125,94.068101,94
2005-01-12T22:00:00,22,1,10.7000,70.9000,3.142449,83.970395,82
2005-01-12T23:00:00,23,1,10.0000,73.2000,2.182256,70.683940,68
2005-01-13T00:00:00,0,1,9.4000,75.0000,2.531417,65.369358,63
2005-01-13T01:00:00,1,1,8.5000,76.9000,2.182256,63.774983,61
2005-01-13T02:00:00,2,1,8.4000,75.9000,1.483934,55.803110,52
2005-01-13T04:00:00,4,1,6.2000,82.1000,0.960193,45.705405,42
2005-01-13T05:00:00,5,1,7.0000,77.3000,0.785612,40.922281,38
2005-01-13T06:00:00,6,1,6.5000,79.7000,0.872903,43.048114,41
2005-01-13T07:00:00,7,1,7.7000,76.8000,1.396644,54.740194,51
2005-01-13T08:00:00,8,1,8.2000,74.9000,2.705998,67.495191,65
2005-01-13T09:00:00,9,1,8.8000,73.2000,3.578900,71.215398,69
2005-01-13T10:00:00,10,1,9.7000,70.1000,3.404320,83.970395,82
2005-01-13T11:00:00,11,1,11.7000,62.7000,3.142449,93.005184,93
2005-01-13T12:00:00,12,1,13.1000,58.5000,2.793288,94.599559,94
2005-01-13T13:00:00,13,1,14.2000,54.1000,1.920386,71.746856,69
2005-01-13T14:00:00,14,1,14.2000,54.3000,2.094966,70.683940,68
2005-01-13T15:00:00,15,1,14.0000,56.3000,2.356837,71.215398,69
2005-01-13T16:00:00,16,1,13.5000,57.8000,2.356837,72.809773,70
2005-01-13T17:00:00,17,1,12.3000,63.0000,3.404320,85.033311,84
2005-01-13T18:00:00,18,1,11.4000,68.0000,4.539093,88.222060,87
2005-01-13T19:00:00,19,1,10.8000,69.5000,3.491610,76.529980,74
2005-01-13T20:00:00,20,1,11.0000,67.1000,2.531417,68.558107,66
2005-01-13T21:00:00,21,1,9.5000,71.3000,2.880578,68.558107,66
2005-01-13T22:00:00,22,1,8.8000,71.0000,1.745805,56.866027,53
2005-01-13T23:00:00,23,1,8.0000,73.4000,1.571225,53.677278,50
2005-01-14T00:00:00,0,1,7.6000,73.0000,2.356837,59.523318,56
2005-01-14T01:00:00,1,1,7.1000,73.9000,1.571225,52.082903,49
2005-01-14T02:00:00,2,1,7.1000,73.5000,1.134773,47.831238,44
2005-01-14T04:00:00,4,1,5.1000,81.3000,0.960193,31.356034,29
2005-01-14T05:00:00,5,1,4.3000,82.9000,1.396644,52.082903,49
2005-01-14T06:00:00,6,1,5.3000,80.4000,1.134773,57.928943,54
2005-01-14T07:00:00,7,1,5.7000,79.3000,1.222064,58.460401,55
2005-01-14T08:00:00,8,1,6.8000,74.8000,4.364513,84.501853,83
2005-01-14T09:00:00,9,1,6.9000,75.2000,3.753481,76.529980,74
2005-01-14T10:00:00,10,1,8.0000,71.9000,3.578900,78.124355,77
2005-01-14T11:00:00,11,1,9.3000,67.1000,3.317030,95.131017,95
2005-01-14T12:00:00,12,1,10.2000,63.6000,2.705998,87.159144,86
2005-01-14T13:00:00,13,1,11.0000,60.9000,2.880578,85.033311,84
2005-01-14T14:00:00,14,1,11.3000,60.1000,2.705998,75.998522,73
2005-01-14T15:00:00,15,1,12.2000,56.9000,2.356837,73.341231,71
2005-01-14T16:00:00,16,1,11.9000,59.1000,2.967869,75.998522,73
2005-01-14T17:00:00,17,1,10.3000,66.3000,4.364513,104.165806,102
2005-01-14T18:00:00,18,1,8.2000,74.9000,4.975544,104.697264,102
2005-01-14T19:00:00,19,1,7.9000,77.1000,5.062835,100.445599,100
2005-01-14T20:00:00,20,1,8.3000,75.0000,5.062835,99.914141,99
2005-01-14T21:00:00,21,1,8.2000,75.2000,4.364513,100.977057,100
2005-01-14T22:00:00,22,1,8.3000,69.7000,1.483934,66.963733,64
2005-01-14T23:00:00,23,1,6.7000,74.4000,1.396644,60.054776,57
2005-01-15T00:00:00,0,1,6.4000,74.9000,2.007676,68.558107,66
2005-01-15T01:00:00,1,1,4.9000,80.1000,2.094966,68.026649,66
2005-01-15T02:00:00,2,1,4.8000,79.4000,1.745805,64.837900,62
2005-01-15T05:00:00,5,1,3.4000,81.4000,0.960193,48.894154,45
2005-01-15T06:00:00,6,1,4.2000,77.0000,0.872903,37.202074,35
2005-01-15T07:00:00,7,1,3.5000,80.8000,1.134773,44.111030,42
2005-01-15T08:00:00,8,1,3.5000,80.3000,1.658515,67.495191,65
2005-01-15T09:00:00,9,1,4.0000,78.5000,2.269547,75.467064,73
2005-01-15T10:00:00,10,1,4.5000,76.6000,2.356837,82.376020,81
2005-01-15T11:00:00,11,1,5.6000,72.3000,2.094966,81.313104,80
2005-01-15T12:00:00,12,1,7.5000,64.4000,2.356837,94.068101,94
2005-01-15T13:00:00,13,1,8.9000,60.8000,2.705998,95.131017,95
2005-01-15T14:00:00,14,1,10.6000,55.3000,3.840771,112.669137,103
2005-01-15T15:00:00,15,1,12.3000,46.3000,2.793288,96.725392,96
2005-01-15T16:00:00,16,1,12.2000,47.0000,2.531417,89.284977,88
2005-01-15T17:00:00,17,1,10.5000,55.1000,2.618708,95.131017,95
2005-01-15T18:00:00,18,1,8.7000,66.3000,3.229739,96.725392,96
2005-01-15T19:00:00,19,1,7.9000,69.9000,4.539093,103.102890,101
2005-01-15T20:00:00,20,1,7.6000,65.3000,2.880578,88.222060,87
2005-01-15T21:00:00,21,1,6.5000,67.6000,3.142449,89.284977,88
2005-01-15T22:00:00,22,1,5.9000,66.4000,2.007676,78.655813,77
2005-01-15T23:00:00,23,1,5.2000,70.0000,2.618708,80.250187,79
2005-01-16T00:00:00,0,1,5.2000,67.8000,3.317030,87.690602,86
2005-01-16T01:00:00,1,1,4.9000,67.1000,2.793288,87.690602,86
2005-01-16T02:00:00,2,1,5.1000,65.5000,1.833095,68.026649,66
2005-01-16T04:00:00,4,1,3.7000,68.9000,1.483934,61.117692,58
2005-01-16T05:00:00,5,1,4.5000,62.7000,1.222064,63.774983,61
2005-01-16T06:00:00,6,1,4.7000,62.3000,1.047483,56.334569,53
2005-01-16T07:00:00,7,1,3.9000,67.1000,1.222064,62.712067,60
2005-01-16T08:00:00,8,1,5.7000,54.5000,1.222064,82.907478,81
2005-01-16T09:00:00,9,1,6.1000,50.3000,1.483934,69.089565,67
2005-01-16T10:00:00,10,1,9.0000,39.5000,0.872903,59.523318,56
2005-01-16T11:00:00,11,1,10.7000,34.4000,0.872903,51.019987,48
2005-01-16T12:00:00,12,1,11.1000,33.4000,0.698322,47.299779,44
2005-01-16T13:00:00,13,1,11.9000,30.8000,0.872903,52.082903,49
2005-01-16T14:00:00,14,1,11.4000,32.0000,0.698322,45.173947,42
2005-01-16T15:00:00,15,1,11.3000,32.5000,0.611032,42.516656,40
2005-01-16T16:00:00,16,1,11.0000,33.0000,0.960193,59.523318,56
2005-01-16T17:00:00,17,1,10.3000,35.0000,0.960193,64.306442,62
2005-01-16T18:00:00,18,1,8.4000,40.9000,1.047483,70.152482,68
2005-01-16T19:00:00,19,1,8.3000,38.5000,1.745805,85.033311,84
2005-01-16T20:00:00,20,1,8.1000,37.9000,1.920386,88.753519,87
2005-01-16T21:00:00,21,1,7.7000,39.0000,1.309354,83.438937,82
2005-01-16T22:00:00,22,1,7.0000,41.5000,1.047483,69.089565,67
2005-01-16T23:00:00,23,1,6.6000,42.6000,1.309354,77.061438,76
2005-01-17T00:00:00,0,1,6.4000,44.2000,1.222064,70.683940,68
2005-01-17T01:00:00,1,1,6.0000,46.0000,1.047483,58.460401,55
2005-01-17T02:00:00,2,1,4.4000,53.1000,0.872903,53.145820,50
2005-01-17T04:00:00,4,1,3.7000,55.8000,0.611032,41.985197,39
2005-01-17T05:00:00,5,1,2.6000,58.6000,0.436451,41.985197,39
2005-01-17T06:00:00,6,1,3.2000,56.0000,0.611032,47.831238,44
2005-01-17T07:00:00,7,1,3.6000,55.4000,0.872903,50.488529,47
2005-01-17T08:00:00,8,1,1.8000,63.3000,2.618708,89.816435,88
2005-01-17T09:00:00,9,1,2.4000,60.2000,3.578900,105.760181,102
2005-01-17T10:00:00,10,1,4.6000,52.1000,2.705998,98.851224,98
2005-01-17T11:00:00,11,1,8.2000,40.5000,3.317030,110.543305,103
2005-01-17T12:00:00,12,1,10.5000,34.7000,2.356837,94.599559,94
2005-01-17T13:00:00,13,1,11.1000,33.3000,2.705998,93.536642,93
2005-01-17T14:00:00,14,1,11.1000,32.6000,2.705998,94.068101,94
2005-01-17T15:00:00,15,1,12.4000,28.3000,2.793288,96.725392,96
2005-01-17T16:00:00,16,1,12.9000,24.5000,2.880578,96.725392,96
2005-01-17T17:00:00,17,1,11.4000,28.7000,3.491610,102.571432,101
2005-01-17T18:00:00,18,1,9.2000,39.3000,7.506962,144.556629,109
2005-01-17T19:00:00,19,1,7.8000,48.1000,7.594252,119.578094,104
2005-01-17T20:00:00,20,1,7.2000,50.6000,3.142449,96.193933,96
2005-01-17T21:00:00,21,1,6.0000,53.3000,2.618708,91.410810,90
2005-01-17T22:00:00,22,1,5.3000,55.0000,1.658515,81.313104,80
2005-01-17T23:00:00,23,1,4.2000,58.1000,1.658515,75.998522,73
2005-01-18T00:00:00,0,1,3.4000,60.9000,1.396644,75.467064,73
2005-01-18T01:00:00,1,1,3.0000,60.2000,1.222064,69.621024,67
2005-01-18T02:00:00,2,1,3.2000,58.8000,0.872903,55.803110,52
2005-01-18T05:00:00,5,1,3.1000,59.7000,0.698322,46.236863,43
2005-01-18T06:00:00,6,1,4.2000,57.1000,0.785612,56.334569,53
2005-01-18T07:00:00,7,1,3.4000,58.5000,1.309354,74.404147,72
2005-01-18T08:00:00,8,1,3.9000,57.3000,2.705998,88.753519,87
2005-01-18T09:00:00,9,1,4.3000,56.8000,4.451803,93.005184,93
2005-01-18T10:00:00,10,1,5.6000,52.9000,5.062835,124.892676,105
2005-01-18T11:00:00,11,1,5.5000,54.9000,3.317030,104.165806,102
2005-01-18T12:00:00,12,1,5.1000,64.3000,3.840771,112.137679,103
2005-01-18T13:00:00,13,1,5.5000,66.1000,4.277222,124.361218,105
2005-01-18T14:00:00,14,1,5.5000,69.3000,4.539093,127.549967,106
2005-01-18T15:00:00,15,1,5.0000,75.5000,4.015352,129.144341,106
2005-01-18T16:00:00,16,1,5.2000,76.2000,4.189932,119.046636,104
2005-01-18T17:00:00,17,1,5.3000,77.4000,4.277222,127.549967,106
2005-01-18T18:00:00,18,1,5.0000,79.6000,4.277222,114.263512,103
2005-01-18T19:00:00,19,1,5.1000,83.0000,4.800964,114.794970,103
2005-01-18T20:00:00,20,1,6.4000,82.9000,3.666191,97.788308,97
2005-01-18T21:00:00,21,1,10.3000,74.0000,1.309354,80.781646,79
2005-01-18T22:00:00,22,1,11.3000,71.8000,0.087290,55.271652,52
2005-01-18T23:00:00,23,1,9.8000,81.9000,0.174581,55.271652,52
2005-01-19T00:00:00,0,1,9.5000,83.8000,0.785612,65.900816,63
2005-01-19T01:00:00,1,1,9.9000,81.0000,0.872903,67.495191,65
2005-01-19T02:00:00,2,1,9.9000,79.8000,0.349161,57.928943,54
2005-01-19T07:00:00,7,1,5.6000,69.5000,0.087290,47.299779,44
2005-01-19T08:00:00,8,1,7.0000,64.9000,0.611032,68.026649,66
2005-01-19T09:00:00,9,1,7.1000,65.4000,1.047483,80.781646,79
2005-01-19T10:00:00,10,1,6.4000,67.4000,0.174581,68.026649,66
2005-01-19T13:00:00,13,1,8.6000,63.3000,0.261871,58.460401,55
2005-01-19T14:00:00,14,1,10.0000,55.0000,0.523742,68.026649,66
2005-01-19T15:00:00,15,1,9.4000,53.6000,0.174581,60.586234,57
2005-01-19T16:00:00,16,1,9.2000,55.0000,0.174581,58.460401,55
2005-01-19T17:00:00,17,1,8.7000,55.1000,0.611032,59.523318,56
2005-01-19T18:00:00,18,1,8.9000,54.4000,1.571225,69.089565,67
2005-01-19T19:00:00,19,1,8.6000,53.6000,1.920386,71.746856,69
2005-01-19T20:00:00,20,1,9.0000,50.4000,2.007676,74.935606,72
2005-01-19T21:00:00,21,1,9.2000,49.8000,2.269547,74.935606,72
2005-01-19T22:00:00,22,1,8.8000,52.1000,0.960193,50.488529,47
2005-01-19T23:00:00,23,1,8.8000,50.9000,1.047483,51.551445,48
2005-01-20T00:00:00,0,1,8.7000,51.1000,1.571225,59.523318,56
2005-01-20T01:00:00,1,1,8.6000,51.5000,0.960193,39.327906,37
2005-01-20T02:00:00,2,1,8.5000,51.9000,0.785612,32.950408,30
2005-01-20T04:00:00,4,1,7.8000,54.2000,0.523742,21.258328,20
2005-01-20T05:00:00,5,1,7.1000,56.0000,0.523742,23.915619,22
2005-01-20T06:00:00,6,1,7.0000,57.6000,0.785612,49.425612,46
2005-01-20T07:00:00,7,1,7.5000,55.3000,0.872903,55.271652,52
2005-01-20T08:00:00,8,1,7.0000,56.3000,2.967869,86.096228,85
2005-01-20T09:00:00,9,1,7.6000,53.5000,3.666191,89.816435,88
2005-01-20T10:00:00,10,1,8.3000,50.5000,3.840771,100.977057,100
2005-01-20T11:00:00,11,1,12.4000,37.1000,2.531417,90.347893,89
2005-01-20T12:00:00,12,1,13.9000,32.3000,2.269547,80.250187,79
2005-01-20T13:00:00,13,1,14.4000,28.9000,2.269547,79.718729,78
2005-01-20T14:00:00,14,1,14.8000,25.4000,2.618708,81.844562,80
2005-01-20T15:00:00,15,1,15.1000,20.8000,2.007676,74.404147,72
2005-01-20T16:00:00,16,1,15.4000,23.5000,2.618708,88.753519,87
2005-01-20T17:00:00,17,1,13.7000,28.1000,3.928061,108.417472,102
2005-01-20T18:00:00,18,1,11.5000,37.5000,5.237415,111.606221,103
2005-01-20T19:00:00,19,1,10.4000,42.3000,3.753481,96.725392,96
2005-01-20T20:00:00,20,1,9.9000,44.0000,2.967869,87.690602,86
2005-01-20T21:00:00,21,1,8.7000,48.3000,2.444127,79.718729,78
2005-01-20T22:00:00,22,1,8.1000,49.9000,1.833095,70.152482,68
2005-01-20T23:00:00,23,1,7.3000,52.8000,1.483934,63.774983,61
2005-01-21T00:00:00,0,1,8.0000,52.2000,1.571225,63.243525,61
2005-01-21T01:00:00,1,1,6.8000,56.4000,1.396644,58.460401,55
2005-01-21T02:00:00,2,1,6.7000,57.4000,1.222064,49.957070,46
2005-01-21T05:00:00,5,1,5.5000,66.5000,1.134773,62.180609,60
2005-01-21T06:00:00,6,1,5.9000,65.8000,1.396644,64.306442,62
2005-01-21T07:00:00,7,1,6.4000,63.9000,2.094966,73.341231,71
2005-01-21T08:00:00,8,1,7.2000,62.2000,3.928061,92.473726,91
2005-01-21T09:00:00,9,1,7.9000,60.0000,4.975544,95.131017,95
2005-01-21T10:00:00,10,1,8.3000,58.5000,3.753481,93.005184,93
2005-01-21T11:00:00,11,1,9.3000,54.5000,3.666191,97.256850,97
2005-01-21T12:00:00,12,1,10.2000,53.1000,3.928061,100.445599,100
2005-01-21T13:00:00,13,1,11.1000,51.4000,4.364513,105.228723,102
2005-01-21T14:00:00,14,1,12.8000,46.9000,2.531417,75.467064,73
2005-01-21T15:00:00,15,1,13.1000,48.0000,2.618708,73.872689,71
2005-01-21T16:00:00,16,1,13.5000,51.5000,2.880578,52.614361,49
2005-01-21T17:00:00,17,1,13.4000,51.2000,1.222064,71.746856,69
2005-01-21T18:00:00,18,1,12.1000,55.3000,2.007676,118.515178,104
2005-01-21T19:00:00,19,1,12.0000,56.5000,1.396644,103.102890,101
2005-01-21T20:00:00,20,1,10.4000,64.4000,4.277222,129.675800,106
2005-01-21T21:00:00,21,1,9.4000,69.1000,5.586576,129.144341,106
2005-01-21T22:00:00,22,1,8.9000,71.0000,3.055159,122.235385,105
2005-01-21T23:00:00,23,1,8.1000,73.8000,1.483934,110.011846,103
2005-01-22T00:00:00,0,1,7.3000,76.8000,2.269547,118.515178,104
2005-01-22T01:00:00,1,1,7.3000,76.7000,1.396644,114.794970,103
2005-01-22T02:00:00,2,1,7.1000,77.3000,1.309354,105.228723,102
2005-01-22T04:00:00,4,1,7.0000,77.8000,0.436451,66.963733,64
2005-01-22T05:00:00,5,1,5.7000,80.5000,0.785612,76.529980,74
2005-01-22T06:00:00,6,1,5.2000,81.4000,0.349161,97.256850,97
2005-01-22T07:00:00,7,1,5.6000,80.4000,0.436451,102.571432,101
2005-01-22T08:00:00,8,1,6.3000,78.8000,0.698322,104.165806,102
2005-01-22T09:00:00,9,1,6.9000,76.9000,1.222064,110.543305,103
2005-01-22T10:00:00,10,1,9.2000,67.7000,1.396644,115.326428,104
2005-01-22T11:00:00,11,1,11.6000,59.8000,1.309354,130.738716,106
2005-01-22T12:00:00,12,1,14.0000,52.0000,0.872903,108.417472,102
2005-01-22T13:00:00,13,1,15.0000,50.2000,0.872903,102.039973,101
2005-01-22T14:00:00,14,1,14.9000,49.9000,1.134773,98.851224,98
2005-01-22T15:00:00,15,1,15.8000,33.8000,0.087290,70.683940,68
2005-01-22T18:00:00,18,1,13.4000,27.2000,0.087290,78.655813,77
2005-01-22T19:00:00,19,1,12.2000,28.7000,0.349161,88.753519,87
2005-01-22T20:00:00,20,1,11.3000,25.7000,0.611032,93.005184,93
2005-01-22T21:00:00,21,1,9.7000,31.9000,2.356837,119.046636,104
2005-01-22T22:00:00,22,1,8.4000,36.5000,1.833095,114.263512,103
2005-01-22T23:00:00,23,1,8.2000,36.8000,1.134773,104.165806,102
2005-01-23T00:00:00,0,1,8.0000,36.0000,0.698322,103.634348,101
2005-01-24T02:00:00,2,1,4.0000,80.4000,0.087290,72.278315,70
2005-01-24T05:00:00,5,1,6.6000,51.3000,0.261871,21.258328,20
2005-01-24T06:00:00,6,1,7.0000,47.2000,0.436451,35.607699,33
2005-01-24T07:00:00,7,1,6.6000,47.9000,0.523742,55.271652,52
2005-01-24T08:00:00,8,1,7.2000,49.8000,1.571225,89.816435,88
2005-01-24T09:00:00,9,1,6.9000,52.8000,1.745805,107.886014,102
2005-01-24T10:00:00,10,1,8.7000,46.7000,1.222064,97.256850,97
2005-01-24T11:00:00,11,1,10.0000,40.6000,0.523742,80.250187,79
2005-01-24T12:00:00,12,1,11.8000,35.4000,0.436451,73.341231,71
2005-01-24T13:00:00,13,1,10.7000,37.2000,0.611032,67.495191,65
2005-01-24T15:00:00,15,1,10.7000,33.1000,0.960193,78.655813,77
2005-01-24T16:00:00,16,1,10.6000,34.2000,1.134773,91.410810,90
2005-01-24T17:00:00,17,1,8.9000,38.1000,0.872903,86.627686,85
2005-01-24T18:00:00,18,1,7.8000,39.7000,1.309354,95.662475,95
2005-01-24T19:00:00,19,1,7.3000,42.2000,1.309354,89.816435,88
2005-01-24T20:00:00,20,1,6.9000,42.5000,1.047483,80.781646,79
2005-01-24T21:00:00,21,1,6.6000,43.2000,0.261871,56.866027,53
2005-01-25T08:00:00,8,1,4.3000,45.9000,0.174581,61.117692,58
2005-01-25T09:00:00,9,1,4.2000,50.1000,0.611032,83.438937,82
2005-01-25T10:00:00,10,1,3.4000,62.7000,0.436451,78.124355,77
2005-01-25T11:00:00,11,1,5.0000,51.4000,0.349161,99.914141,99
2005-01-25T12:00:00,12,1,5.7000,44.1000,0.261871,66.963733,64
2005-01-25T13:00:00,13,1,5.2000,44.5000,0.261871,60.586234,57
2005-01-25T14:00:00,14,1,4.7000,48.6000,0.349161,65.369358,63
2005-01-25T15:00:00,15,1,4.5000,51.0000,0.174581,56.866027,53
2005-01-25T16:00:00,16,1,5.1000,50.1000,0.349161,64.306442,62
2005-01-25T17:00:00,17,1,5.0000,50.4000,0.349161,62.712067,60
2005-01-25T18:00:00,18,1,4.3000,56.4000,0.611032,71.215398,69
2005-01-25T19:00:00,19,1,4.3000,56.7000,0.872903,75.467064,73
2005-01-25T20:00:00,20,1,4.3000,57.0000,0.960193,70.683940,68
2005-01-25T21:00:00,21,1,3.5000,60.3000,0.261871,56.334569,53
2005-01-25T22:00:00,22,1,4.1000,52.5000,0.087290,46.236863,43
2005-01-26T08:00:00,8,1,3.3000,50.2000,0.261871,72.278315,70
2005-01-26T09:00:00,9,1,3.5000,47.5000,0.523742,86.627686,85
2005-01-26T10:00:00,10,1,4.3000,49.4000,0.261871,75.998522,73
2005-01-26T11:00:00,11,1,4.5000,48.4000,0.087290,71.215398,69
2005-01-26T12:00:00,12,1,4.3000,50.0000,0.087290,69.089565,67
2005-01-26T13:00:00,13,1,4.3000,49.7000,0.174581,64.837900,62
2005-01-26T14:00:00,14,1,4.9000,45.3000,0.436451,68.558107,66
2005-01-26T15:00:00,15,1,5.6000,42.4000,0.261871,70.152482,68
2005-01-26T16:00:00,16,1,5.7000,43.1000,0.261871,70.683940,68
2005-01-26T17:00:00,17,1,4.8000,49.7000,0.261871,66.963733,64
2005-01-26T18:00:00,18,1,5.1000,43.0000,0.872903,94.068101,94
2005-01-26T19:00:00,19,1,5.3000,44.4000,1.222064,98.319766,98
2005-01-26T20:00:00,20,1,4.9000,47.9000,1.222064,89.816435,88
2005-01-26T21:00:00,21,1,4.7000,50.8000,0.960193,80.250187,79
2005-01-26T22:00:00,22,1,4.6000,54.8000,0.349161,60.586234,57
2005-01-26T23:00:00,23,1,4.0000,56.8000,0.174581,47.831238,44
2005-01-27T00:00:00,0,1,4.2000,46.8000,0.174581,46.236863,43
2005-01-27T01:00:00,1,1,4.5000,42.0000,0.174581,44.111030,42
2005-01-27T02:00:00,2,1,4.1000,42.1000,0.174581,39.327906,37
2005-01-27T05:00:00,5,1,4.1000,45.9000,0.349161,13.817913,12
2005-01-27T06:00:00,6,1,4.3000,42.5000,0.436451,32.418950,30
2005-01-27T07:00:00,7,1,4.6000,38.1000,0.611032,48.362696,45
2005-01-27T08:00:00,8,1,4.6000,39.4000,1.658515,97.788308,97
2005-01-27T09:00:00,9,1,4.8000,41.9000,2.094966,108.417472,102
2005-01-27T10:00:00,10,1,5.9000,40.2000,1.745805,98.319766,98
2005-01-27T11:00:00,11,1,7.0000,38.4000,1.134773,66.432274,64
2005-01-27T12:00:00,12,1,6.6000,40.2000,0.872903,55.271652,52
2005-01-27T13:00:00,13,1,6.6000,41.2000,1.047483,61.117692,58
2005-01-27T14:00:00,14,1,7.3000,36.8000,1.309354,66.963733,64
2005-01-27T15:00:00,15,1,7.3000,35.0000,1.134773,66.432274,64
2005-01-27T16:00:00,16,1,7.0000,33.5000,1.309354,73.872689,71
2005-01-27T17:00:00,17,1,6.5000,32.4000,1.309354,75.467064,73
2005-01-27T18:00:00,18,1,5.7000,33.9000,1.833095,90.347893,89
2005-01-27T19:00:00,19,1,5.0000,36.1000,2.269547,103.634348,101
2005-01-27T20:00:00,20,1,4.7000,38.3000,2.618708,107.354555,102
2005-01-27T21:00:00,21,1,4.5000,39.9000,1.745805,89.284977,88
2005-01-27T22:00:00,22,1,4.3000,41.1000,1.222064,68.026649,66
2005-01-27T23:00:00,23,1,4.0000,43.1000,1.134773,61.117692,58
2005-01-28T00:00:00,0,1,3.7000,46.0000,1.047483,58.991860,55
2005-01-28T01:00:00,1,1,3.3000,47.4000,0.960193,51.551445,48
2005-01-28T02:00:00,2,1,3.0000,49.1000,0.785612,40.922281,38
2005-01-28T04:00:00,4,1,3.6000,48.0000,0.523742,27.104368,25
2005-01-28T05:00:00,5,1,4.0000,47.8000,0.436451,26.041452,25
2005-01-28T06:00:00,6,1,4.1000,48.1000,0.523742,41.985197,39
2005-01-28T07:00:00,7,1,4.1000,47.4000,0.611032,48.894154,45
2005-01-28T08:00:00,8,1,4.2000,48.7000,1.396644,88.753519,87
2005-01-28T09:00:00,9,1,4.1000,49.8000,1.920386,109.480388,103
2005-01-28T10:00:00,10,1,4.3000,48.4000,1.571225,97.788308,97
2005-01-28T11:00:00,11,1,4.6000,49.7000,1.309354,93.536642,93
2005-01-28T12:00:00,12,1,4.5000,49.6000,1.571225,101.508515,101
2005-01-28T13:00:00,13,1,4.4000,48.4000,1.222064,78.124355,77
2005-01-28T14:00:00,14,1,4.7000,47.2000,1.833095,92.473726,91
2005-01-28T15:00:00,15,1,4.2000,49.5000,1.396644,88.753519,87
2005-01-28T16:00:00,16,1,3.4000,50.7000,1.134773,73.341231,71
2005-01-29T02:00:00,2,1,1.9000,49.7000,0.611032,31.887492,29
2005-01-29T04:00:00,4,1,1.4000,53.8000,0.436451,18.069579,17
2005-01-29T05:00:00,5,1,1.0000,54.7000,0.436451,16.475204,15
2005-01-29T06:00:00,6,1,1.4000,52.3000,0.349161,19.663953,18
2005-01-29T07:00:00,7,1,1.6000,51.0000,0.436451,30.824575,28
2005-01-29T08:00:00,8,1,1.4000,53.1000,0.698322,48.894154,45
2005-01-29T09:00:00,9,1,1.7000,54.1000,0.960193,58.460401,55
2005-01-29T10:00:00,10,1,2.5000,51.0000,0.960193,53.677278,50
2005-01-29T11:00:00,11,1,2.9000,48.7000,0.960193,51.019987,48
2005-01-29T12:00:00,12,1,3.6000,45.8000,0.960193,54.208736,51
2005-01-29T13:00:00,13,1,3.1000,48.1000,0.960193,51.019987,48
2005-01-29T14:00:00,14,1,3.4000,46.6000,1.047483,54.208736,51
2005-01-29T15:00:00,15,1,3.7000,45.8000,0.872903,46.768321,43
2005-01-29T16:00:00,16,1,4.4000,43.7000,1.047483,46.236863,43
2005-01-29T17:00:00,17,1,4.0000,44.9000,1.134773,61.117692,58
2005-01-29T18:00:00,18,1,3.3000,46.8000,1.222064,62.712067,60
2005-01-29T19:00:00,19,1,3.1000,48.1000,1.134773,71.215398,69
2005-01-29T20:00:00,20,1,2.8000,49.0000,1.222064,66.432274,64
2005-01-29T21:00:00,21,1,3.1000,47.4000,1.309354,74.404147,72
2005-01-29T22:00:00,22,1,2.9000,49.0000,0.872903,44.111030,42
2005-01-29T23:00:00,23,1,2.8000,49.1000,0.872903,38.796448,36
2005-01-30T00:00:00,0,1,2.9000,49.7000,0.960193,48.894154,45
2005-01-30T01:00:00,1,1,3.8000,46.5000,1.134773,57.928943,54
2005-01-30T02:00:00,2,1,3.2000,46.9000,0.872903,43.579572,41
2005-01-30T05:00:00,5,1,3.1000,44.4000,0.523742,26.572910,25
2005-01-30T06:00:00,6,1,3.0000,43.4000,0.436451,23.384161,22
2005-01-30T07:00:00,7,1,2.8000,43.8000,0.349161,26.041452,25
2005-01-30T08:00:00,8,1,2.7000,43.2000,0.436451,32.950408,30
2005-01-30T09:00:00,9,1,3.3000,42.3000,0.611032,45.173947,42
2005-01-30T10:00:00,10,1,4.6000,39.0000,0.698322,43.579572,41
2005-01-30T11:00:00,11,1,5.6000,37.5000,0.698322,40.922281,38
2005-01-30T12:00:00,12,1,7.2000,34.2000,0.872903,48.894154,45
2005-01-30T13:00:00,13,1,6.9000,35.6000,0.785612,50.488529,47
2005-01-30T14:00:00,14,1,8.2000,30.1000,0.785612,50.488529,47
2005-01-30T15:00:00,15,1,7.6000,27.9000,0.785612,40.390823,38
2005-01-30T16:00:00,16,1,7.9000,25.9000,0.872903,50.488529,47
2005-01-30T17:00:00,17,1,7.8000,28.3000,0.872903,62.712067,60
2005-01-30T18:00:00,18,1,6.3000,28.8000,0.960193,65.369358,63
2005-01-30T19:00:00,19,1,5.4000,30.1000,1.047483,74.404147,72
2005-01-30T20:00:00,20,1,5.0000,31.1000,1.396644,86.627686,85
2005-01-30T21:00:00,21,1,4.6000,33.8000,1.483934,87.159144,86
2005-01-30T22:00:00,22,1,4.3000,36.6000,0.960193,63.774983,61
2005-01-30T23:00:00,23,1,4.0000,39.0000,1.134773,69.089565,67
2005-01-31T00:00:00,0,1,2.9000,42.8000,1.483934,77.061438,76
2005-01-31T01:00:00,1,1,3.4000,38.9000,1.309354,66.963733,64
2005-01-31T02:00:00,2,1,4.0000,36.4000,0.698322,32.418950,30
2005-01-31T04:00:00,4,1,3.7000,37.7000,0.349161,19.663953,18
2005-01-31T05:00:00,5,1,3.4000,38.9000,0.349161,19.663953,18
2005-01-31T06:00:00,6,1,3.7000,37.5000,0.349161,26.572910,25
2005-01-31T07:00:00,7,1,3.7000,35.2000,0.611032,57.928943,54
2005-01-31T08:00:00,8,1,3.7000,33.9000,1.571225,105.228723,102
2005-01-31T10:00:00,10,1,6.6000,34.4000,3.055159,150.402669,110
2005-01-31T11:00:00,11,1,10.0000,22.4000,2.444127,136.053298,108
2005-01-31T12:00:00,12,1,11.9000,18.6000,2.705998,138.710589,108
2005-01-31T13:00:00,13,1,12.5000,17.2000,2.182256,96.193933,96
2005-01-31T14:00:00,14,1,13.2000,17.3000,2.356837,103.102890,101
2005-01-31T15:00:00,15,1,13.5000,18.7000,2.531417,113.732054,103
2005-01-31T16:00:00,16,1,14.1000,18.2000,2.793288,108.417472,102
2005-01-31T17:00:00,17,1,13.0000,20.3000,3.578900,121.172469,105
2005-01-31T18:00:00,18,1,10.4000,24.7000,5.324705,143.493713,109
2005-01-31T19:00:00,19,1,8.6000,29.8000,5.935737,151.465586,110
2005-01-31T20:00:00,20,1,7.3000,36.8000,5.935737,149.871211,110
2005-01-31T21:00:00,21,1,6.3000,39.4000,3.229739,124.892676,105
2005-01-31T22:00:00,22,1,5.4000,43.5000,1.833095,110.543305,103
2005-01-31T23:00:00,23,1,5.1000,45.6000,1.222064,85.564769,84
2005-02-01T00:00:00,0,2,4.2000,49.4000,1.134773,77.592897,76
2005-02-01T01:00:00,1,2,4.1000,50.1000,0.960193,65.369358,63
2005-02-01T02:00:00,2,2,4.1000,51.5000,0.872903,57.928943,54
2005-02-01T04:00:00,4,2,2.5000,64.8000,0.698322,61.117692,58
2005-02-01T05:00:00,5,2,1.8000,68.9000,0.785612,60.586234,57
2005-02-01T06:00:00,6,2,2.0000,64.9000,0.960193,64.837900,62
2005-02-01T07:00:00,7,2,2.2000,65.3000,1.396644,79.187271,78
2005-02-01T08:00:00,8,2,3.1000,64.0000,3.229739,99.382683,99
2005-02-01T09:00:00,9,2,3.7000,61.7000,4.189932,105.228723,102
2005-02-01T10:00:00,10,2,4.4000,58.8000,3.578900,104.165806,102
2005-02-01T11:00:00,11,2,5.8000,54.1000,3.928061,115.857887,104
2005-02-01T12:00:00,12,2,7.3000,50.8000,3.928061,120.641010,105
2005-02-01T13:00:00,13,2,9.5000,47.2000,3.229739,96.193933,96
2005-02-01T14:00:00,14,2,11.8000,44.4000,3.666191,95.131017,95
2005-02-01T15:00:00,15,2,12.7000,45.5000,2.880578,80.250187,79
2005-02-01T16:00:00,16,2,13.5000,44.8000,2.793288,86.096228,85
2005-02-01T17:00:00,17,2,12.3000,48.9000,3.142449,87.690602,86
2005-02-01T18:00:00,18,2,10.8000,40.3000,3.055159,91.942268,90
2005-02-01T19:00:00,19,2,9.4000,36.7000,3.578900,99.914141,99
2005-02-01T20:00:00,20,2,8.3000,39.5000,3.491610,98.851224,98
2005-02-01T21:00:00,21,2,7.8000,41.3000,2.880578,91.410810,90
2005-02-01T22:00:00,22,2,7.3000,43.8000,2.618708,79.718729,78
2005-02-01T23:00:00,23,2,6.7000,47.6000,2.269547,72.809773,70
2005-02-02T00:00:00,0,2,6.6000,51.2000,2.269547,70.683940,68
2005-02-02T01:00:00,1,2,6.4000,52.6000,2.269547,64.837900,62
2005-02-02T02:00:00,2,2,5.3000,57.8000,2.531417,69.089565,67
2005-02-02T04:00:00,4,2,3.3000,66.8000,2.182256,64.306442,62
2005-02-02T05:00:00,5,2,3.7000,62.9000,1.745805,61.117692,58
2005-02-02T06:00:00,6,2,2.6000,67.5000,1.920386,66.432274,64
2005-02-02T07:00:00,7,2,3.5000,60.9000,2.094966,72.278315,70
2005-02-02T08:00:00,8,2,2.7000,63.4000,3.491610,92.473726,91
2005-02-02T09:00:00,9,2,2.8000,64.2000,5.848447,119.046636,104
2005-02-02T10:00:00,10,2,5.8000,53.1000,4.888254,122.235385,105
2005-02-02T11:00:00,11,2,9.7000,40.1000,3.753481,108.948930,102
2005-02-02T12:00:00,12,2,12.7000,30.0000,3.491610,108.417472,102
2005-02-02T13:00:00,13,2,13.7000,20.7000,2.269547,73.872689,71
2005-02-02T14:00:00,14,2,13.7000,19.9000,1.920386,70.683940,68
2005-02-02T15:00:00,15,2,14.1000,18.1000,1.658515,67.495191,65
2005-02-02T16:00:00,16,2,14.5000,18.0000,1.571225,65.900816,63
2005-02-02T17:00:00,17,2,13.2000,20.4000,2.705998,83.970395,82
2005-02-02T18:00:00,18,2,10.5000,25.1000,4.189932,90.879351,89
2005-02-02T19:00:00,19,2,8.9000,31.4000,5.062835,102.571432,101
2005-02-02T20:00:00,20,2,8.2000,36.2000,5.150125,103.634348,101
2005-02-02T21:00:00,21,2,6.7000,39.6000,3.578900,112.669137,103
2005-02-02T22:00:00,22,2,5.8000,42.0000,1.571225,102.571432,101
2005-02-02T23:00:00,23,2,4.9000,45.9000,1.483934,88.753519,87
2005-02-03T00:00:00,0,2,4.5000,47.9000,1.483934,82.907478,81
2005-02-03T01:00:00,1,2,3.9000,51.6000,1.309354,81.313104,80
2005-02-03T02:00:00,2,2,3.4000,54.7000,0.960193,68.026649,66
2005-02-03T05:00:00,5,2,1.2000,63.7000,0.261871,55.803110,52
2005-02-03T06:00:00,6,2,2.1000,60.3000,0.349161,69.089565,67
2005-02-03T07:00:00,7,2,1.3000,63.1000,0.523742,71.215398,69
2005-02-03T08:00:00,8,2,1.3000,64.8000,2.618708,146.151004,110
2005-02-03T09:00:00,9,2,2.1000,62.2000,4.888254,164.220582,113
2005-02-03T10:00:00,10,2,5.1000,50.8000,4.277222,171.129539,114
2005-02-03T11:00:00,11,2,8.5000,39.7000,3.055159,176.975579,115
2005-02-03T12:00:00,12,2,11.5000,33.0000,1.920386,124.892676,105
2005-02-03T13:00:00,13,2,12.2000,34.3000,2.356837,128.081425,106
2005-02-03T14:00:00,14,2,13.5000,35.0000,2.356837,113.732054,103
2005-02-03T15:00:00,15,2,14.9000,34.9000,1.833095,92.473726,91
2005-02-03T16:00:00,16,2,15.7000,34.5000,1.745805,83.438937,82
2005-02-03T17:00:00,17,2,14.7000,37.2000,2.094966,90.347893,89
2005-02-03T18:00:00,18,2,12.2000,44.8000,5.848447,112.669137,103
2005-02-03T19:00:00,19,2,10.3000,52.4000,5.586576,132.333091,107
2005-02-03T20:00:00,20,2,9.3000,55.5000,3.404320,122.766843,105
2005-02-03T21:00:00,21,2,8.3000,57.6000,2.356837,114.794970,103
2005-02-03T22:00:00,22,2,6.3000,65.1000,2.618708,115.326428,104
2005-02-03T23:00:00,23,2,6.5000,63.1000,1.833095,107.886014,102
2005-02-04T00:00:00,0,2,6.0000,62.7000,1.047483,85.564769,84
2005-02-04T01:00:00,1,2,5.1000,65.4000,1.047483,78.124355,77
2005-02-04T02:00:00,2,2,4.7000,64.6000,0.611032,58.991860,55
2005-02-04T04:00:00,4,2,5.0000,63.5000,0.698322,61.117692,58
2005-02-04T05:00:00,5,2,3.9000,65.5000,0.349161,42.516656,40
2005-02-04T06:00:00,6,2,1.8000,74.5000,0.611032,64.837900,62
2005-02-04T07:00:00,7,2,1.8000,73.7000,1.222064,98.851224,98
2005-02-04T08:00:00,8,2,2.3000,70.9000,3.491610,162.626208,113
2005-02-04T09:00:00,9,2,4.4000,61.1000,3.404320,159.968917,112
2005-02-04T10:00:00,10,2,7.7000,49.8000,2.705998,145.619545,109
2005-02-04T11:00:00,11,2,12.1000,36.9000,2.793288,131.270174,107
2005-02-04T12:00:00,12,2,15.0000,28.5000,1.309354,89.816435,88
2005-02-04T13:00:00,13,2,14.5000,28.3000,1.047483,73.341231,71
2005-02-04T14:00:00,14,2,12.9000,31.8000,1.658515,79.187271,78
2005-02-04T15:00:00,15,2,12.1000,32.3000,1.309354,87.690602,86
2005-02-04T16:00:00,16,2,11.3000,33.5000,1.222064,82.907478,81
2005-02-04T17:00:00,17,2,11.4000,32.6000,1.658515,97.788308,97
2005-02-04T18:00:00,18,2,9.1000,37.8000,1.920386,104.697264,102
2005-02-04T19:00:00,19,2,8.1000,41.0000,2.618708,108.417472,102
2005-02-04T20:00:00,20,2,7.7000,41.9000,2.269547,110.011846,103
2005-02-04T21:00:00,21,2,7.1000,43.9000,2.444127,110.543305,103
2005-02-04T22:00:00,22,2,6.3000,45.8000,1.396644,92.473726,91
2005-02-04T23:00:00,23,2,6.0000,46.1000,1.134773,83.438937,82
2005-02-05T00:00:00,0,2,5.5000,49.0000,1.396644,88.222060,87
2005-02-05T01:00:00,1,2,4.9000,52.0000,1.309354,88.753519,87
2005-02-05T02:00:00,2,2,4.1000,54.7000,1.134773,81.844562,80
2005-02-05T04:00:00,4,2,1.5000,66.2000,1.745805,87.159144,86
2005-02-05T05:00:00,5,2,1.0000,67.7000,1.134773,79.187271,78
2005-02-05T06:00:00,6,2,0.8000,69.9000,0.785612,79.718729,78
2005-02-05T07:00:00,7,2,1.3000,67.2000,1.222064,108.948930,102
2005-02-05T08:00:00,8,2,2.0000,63.6000,2.705998,150.402669,110
2005-02-05T09:00:00,9,2,4.1000,52.7000,3.578900,164.752041,113
2005-02-05T10:00:00,10,2,7.5000,39.2000,1.134773,106.291639,102
2005-02-05T11:00:00,11,2,9.0000,34.5000,0.785612,78.124355,77
2005-02-05T12:00:00,12,2,9.2000,34.5000,0.872903,68.026649,66
2005-02-05T13:00:00,13,2,9.3000,33.8000,0.872903,64.306442,62
2005-02-05T14:00:00,14,2,9.3000,33.1000,0.960193,68.558107,66
2005-02-05T15:00:00,15,2,9.7000,30.8000,0.698322,58.460401,55
2005-02-05T16:00:00,16,2,9.6000,31.1000,0.872903,66.963733,64
2005-02-05T17:00:00,17,2,8.6000,32.8000,0.785612,64.306442,62
2005-02-05T18:00:00,18,2,7.2000,35.0000,0.785612,75.467064,73
2005-02-05T19:00:00,19,2,6.4000,36.8000,1.396644,92.473726,91
2005-02-05T20:00:00,20,2,6.0000,40.2000,1.222064,89.284977,88
2005-02-05T21:00:00,21,2,5.5000,42.6000,1.222064,95.662475,95
2005-02-05T22:00:00,22,2,4.9000,43.7000,0.960193,83.438937,82
2005-02-05T23:00:00,23,2,4.2000,43.2000,1.047483,86.096228,85
2005-02-06T00:00:00,0,2,4.0000,39.2000,1.571225,91.942268,90
2005-02-06T01:00:00,1,2,3.7000,40.1000,1.222064,93.536642,93
2005-02-06T02:00:00,2,2,3.1000,47.1000,1.222064,91.410810,90
2005-02-06T05:00:00,5,2,1.2000,51.9000,0.698322,46.768321,43
2005-02-06T06:00:00,6,2,1.0000,52.2000,0.611032,45.173947,42
2005-02-06T07:00:00,7,2,0.6000,53.3000,0.611032,46.768321,43
2005-02-06T08:00:00,8,2,0.8000,52.8000,0.523742,49.957070,46
2005-02-06T09:00:00,9,2,0.3000,53.7000,0.698322,61.117692,58
2005-02-06T10:00:00,10,2,4.1000,42.9000,1.134773,72.809773,70
2005-02-06T11:00:00,11,2,8.0000,33.3000,1.745805,112.669137,103
2005-02-06T12:00:00,12,2,10.7000,25.2000,1.483934,91.942268,90
2005-02-06T13:00:00,13,2,11.1000,23.5000,1.047483,71.746856,69
2005-02-06T14:00:00,14,2,10.6000,26.0000,0.872903,53.145820,50
2005-02-06T15:00:00,15,2,10.3000,27.7000,0.698322,41.453739,39
2005-02-06T16:00:00,16,2,10.2000,28.3000,0.872903,53.145820,50
2005-02-06T17:00:00,17,2,9.2000,29.9000,1.222064,79.718729,78
2005-02-06T18:00:00,18,2,6.9000,36.4000,0.960193,75.467064,73
2005-02-06T19:00:00,19,2,6.0000,38.0000,1.396644,87.690602,86
2005-02-06T20:00:00,20,2,5.8000,36.4000,1.571225,95.131017,95
2005-02-06T21:00:00,21,2,5.8000,35.4000,1.222064,79.187271,78
2005-02-06T22:00:00,22,2,5.4000,36.6000,0.960193,66.963733,64
2005-02-06T23:00:00,23,2,5.1000,37.9000,0.872903,63.774983,61
2005-02-07T00:00:00,0,2,4.8000,38.0000,0.960193,58.460401,55
2005-02-07T01:00:00,1,2,4.5000,38.1000,0.872903,48.894154,45
2005-02-07T02:00:00,2,2,4.3000,38.1000,0.698322,41.453739,39
2005-02-07T04:00:00,4,2,3.8000,41.0000,0.523742,34.544783,32
2005-02-07T05:00:00,5,2,3.3000,44.6000,0.523742,38.796448,36
2005-02-07T06:00:00,6,2,3.6000,44.5000,0.523742,45.173947,42
2005-02-07T07:00:00,7,2,3.4000,47.0000,0.698322,70.683940,68
2005-02-07T08:00:00,8,2,2.9000,49.5000,2.007676,130.738716,106
2005-02-07T09:00:00,9,2,5.6000,40.5000,2.444127,149.339753,110
2005-02-07T10:00:00,10,2,7.5000,33.8000,1.833095,117.983719,104
2005-02-07T11:00:00,11,2,10.8000,25.2000,1.483934,96.725392,96
2005-02-07T12:00:00,12,2,12.9000,20.6000,1.222064,81.844562,80
2005-02-07T13:00:00,13,2,12.2000,21.4000,1.396644,89.284977,88
2005-02-07T14:00:00,14,2,12.0000,21.9000,1.222064,79.187271,78
2005-02-07T15:00:00,15,2,12.2000,24.0000,1.134773,82.907478,81
2005-02-07T16:00:00,16,2,12.0000,24.3000,1.222064,82.907478,81
2005-02-07T17:00:00,17,2,10.5000,27.8000,1.483934,99.382683,99
2005-02-07T18:00:00,18,2,8.7000,33.9000,1.658515,103.102890,101
2005-02-07T19:00:00,19,2,7.8000,37.6000,2.007676,108.417472,102
2005-02-07T20:00:00,20,2,7.2000,39.4000,1.745805,92.473726,91
2005-02-07T21:00:00,21,2,7.1000,39.6000,1.396644,81.844562,80
2005-02-07T22:00:00,22,2,7.1000,39.6000,0.872903,62.180609,60
2005-02-07T23:00:00,23,2,7.2000,39.3000,0.785612,52.082903,49
2005-02-08T00:00:00,0,2,6.9000,39.6000,0.785612,47.831238,44
2005-02-08T01:00:00,1,2,7.0000,39.8000,0.785612,39.327906,37
2005-02-08T02:00:00,2,2,7.1000,40.5000,0.436451,26.041452,25
2005-02-08T04:00:00,4,2,6.0000,42.9000,0.436451,28.698743,26
2005-02-08T05:00:00,5,2,6.4000,42.7000,0.523742,36.670615,34
2005-02-08T06:00:00,6,2,6.1000,43.6000,0.523742,48.894154,45
2005-02-08T07:00:00,7,2,5.9000,45.1000,0.872903,77.592897,76
2005-02-08T08:00:00,8,2,6.0000,46.4000,1.833095,119.046636,104
2005-02-08T09:00:00,9,2,6.6000,43.7000,2.531417,134.458923,107
2005-02-08T10:00:00,10,2,8.7000,36.3000,1.920386,119.578094,104
2005-02-08T11:00:00,11,2,10.5000,33.4000,1.396644,95.662475,95
2005-02-08T12:00:00,12,2,11.4000,27.8000,1.571225,103.102890,101
2005-02-08T13:00:00,13,2,12.7000,27.4000,1.309354,83.970395,82
2005-02-08T14:00:00,14,2,13.3000,23.3000,1.920386,97.788308,97
2005-02-08T15:00:00,15,2,13.9000,20.7000,1.396644,87.690602,86
2005-02-08T16:00:00,16,2,13.6000,20.0000,1.309354,82.907478,81
2005-02-11T21:00:00,21,2,8.5000,50.9000,3.491610,110.011846,103
2005-02-11T22:00:00,22,2,8.3000,53.3000,3.491610,113.200596,103
2005-02-11T23:00:00,23,2,7.1000,58.1000,3.142449,102.039973,101
2005-02-12T00:00:00,0,2,5.8000,64.3000,3.666191,112.137679,103
2005-02-12T01:00:00,1,2,5.3000,66.8000,3.753481,121.703927,105
2005-02-12T02:00:00,2,2,5.0000,66.6000,3.142449,114.794970,103
2005-02-12T05:00:00,5,2,4.1000,69.0000,1.222064,72.278315,70
2005-02-12T06:00:00,6,2,4.6000,67.6000,1.222064,82.907478,81
2005-02-12T07:00:00,7,2,5.2000,65.5000,1.396644,93.536642,93
2005-02-12T08:00:00,8,2,6.0000,62.8000,2.007676,119.046636,104
2005-02-12T09:00:00,9,2,7.1000,59.3000,2.094966,110.011846,103
2005-02-12T10:00:00,10,2,7.8000,58.0000,2.356837,117.452261,104
2005-02-12T11:00:00,11,2,9.0000,54.7000,2.967869,121.703927,105
2005-02-12T12:00:00,12,2,10.0000,53.1000,2.705998,110.543305,103
2005-02-12T13:00:00,13,2,10.8000,52.0000,3.142449,110.011846,103
2005-02-12T14:00:00,14,2,11.0000,51.4000,3.317030,114.794970,103
2005-02-12T15:00:00,15,2,11.0000,51.4000,2.880578,119.046636,104
2005-02-12T16:00:00,16,2,10.9000,52.0000,2.967869,119.578094,104
2005-02-12T17:00:00,17,2,11.1000,52.0000,3.229739,120.641010,105
2005-02-12T18:00:00,18,2,11.0000,53.6000,4.015352,131.801632,107
2005-02-12T19:00:00,19,2,11.0000,55.1000,4.364513,133.396007,107
2005-02-12T20:00:00,20,2,11.4000,55.4000,4.975544,140.836422,108
2005-02-12T21:00:00,21,2,11.1000,56.9000,4.539093,139.242047,108
2005-02-12T22:00:00,22,2,10.2000,60.0000,4.364513,128.081425,106
2005-02-12T23:00:00,23,2,10.1000,59.9000,3.928061,122.766843,105
2005-02-13T00:00:00,0,2,9.9000,63.2000,3.578900,121.703927,105
2005-02-13T01:00:00,1,2,9.4000,73.4000,3.578900,117.452261,104
2005-02-13T02:00:00,2,2,9.4000,77.7000,2.705998,95.662475,95
2005-02-13T04:00:00,4,2,8.9000,81.3000,2.444127,74.404147,72
2005-02-13T05:00:00,5,2,8.5000,82.9000,2.531417,81.313104,80
2005-02-13T06:00:00,6,2,8.3000,84.0000,2.269547,79.718729,78
2005-02-13T07:00:00,7,2,8.1000,85.0000,2.269547,77.061438,76
2005-02-13T08:00:00,8,2,8.7000,83.7000,2.444127,79.187271,78
2005-02-13T09:00:00,9,2,9.5000,82.4000,2.880578,82.376020,81
2005-02-13T10:00:00,10,2,11.0000,78.2000,2.793288,83.970395,82
2005-02-13T11:00:00,11,2,14.1000,67.9000,2.880578,99.914141,99
2005-02-13T12:00:00,12,2,16.3000,56.6000,1.309354,81.844562,80
2005-02-13T13:00:00,13,2,18.7000,48.0000,1.047483,56.866027,53
2005-02-13T14:00:00,14,2,19.5000,39.3000,0.960193,48.894154,45
2005-02-13T15:00:00,15,2,19.9000,34.1000,1.483934,56.334569,53
2005-02-13T16:00:00,16,2,19.4000,32.4000,0.872903,47.831238,44
2005-02-13T17:00:00,17,2,17.1000,35.8000,0.872903,53.145820,50
2005-02-13T18:00:00,18,2,15.5000,40.7000,2.269547,70.152482,68
2005-02-13T19:00:00,19,2,14.8000,42.8000,2.182256,112.137679,103
2005-02-13T20:00:00,20,2,13.9000,43.8000,1.833095,95.131017,95
2005-02-13T21:00:00,21,2,13.7000,42.9000,0.872903,61.649151,58
2005-02-13T22:00:00,22,2,12.5000,47.8000,1.134773,75.998522,73
2005-02-13T23:00:00,23,2,11.8000,53.4000,1.309354,75.467064,73
2005-02-14T00:00:00,0,2,10.9000,55.9000,1.222064,71.746856,69
2005-02-14T01:00:00,1,2,10.1000,58.9000,1.396644,72.278315,70
2005-02-14T02:00:00,2,2,9.8000,61.2000,0.960193,57.928943,54
2005-02-14T04:00:00,4,2,8.3000,67.2000,0.436451,32.950408,30
2005-02-14T05:00:00,5,2,7.7000,68.9000,0.349161,26.041452,25
2005-02-14T06:00:00,6,2,6.9000,70.0000,0.611032,43.048114,41
2005-02-14T07:00:00,7,2,9.0000,37.3000,0.611032,55.271652,52
2005-02-14T08:00:00,8,2,9.4000,44.9000,2.007676,93.536642,93
2005-02-14T09:00:00,9,2,10.3000,45.4000,2.182256,102.571432,101
2005-02-14T10:00:00,10,2,11.5000,39.6000,1.483934,89.284977,88
2005-02-14T11:00:00,11,2,11.7000,36.9000,2.182256,65.369358,63
2005-02-14T12:00:00,12,2,11.8000,36.2000,1.833095,58.991860,55
2005-02-14T13:00:00,13,2,12.0000,38.7000,0.960193,63.774983,61
2005-02-14T14:00:00,14,2,13.7000,30.3000,1.134773,65.369358,63
2005-02-14T15:00:00,15,2,12.6000,30.6000,0.960193,61.117692,58
2005-02-14T16:00:00,16,2,13.0000,27.4000,0.960193,63.774983,61
2005-02-14T17:00:00,17,2,13.6000,22.7000,1.222064,74.404147,72
2005-02-14T18:00:00,18,2,11.8000,23.0000,2.007676,98.319766,98
2005-02-14T19:00:00,19,2,10.7000,19.9000,3.666191,112.669137,103
2005-02-14T20:00:00,20,2,10.4000,18.0000,3.055159,106.291639,102
2005-02-14T21:00:00,21,2,9.7000,20.6000,2.618708,101.508515,101
2005-02-14T22:00:00,22,2,9.4000,24.8000,1.483934,89.816435,88
2005-02-14T23:00:00,23,2,8.8000,31.2000,1.396644,73.872689,71
2005-02-15T00:00:00,0,2,8.7000,31.2000,0.872903,54.208736,51
2005-02-15T01:00:00,1,2,8.5000,30.4000,0.698322,40.390823,38
2005-02-15T02:00:00,2,2,8.0000,32.9000,0.523742,29.761659,27
2005-02-15T05:00:00,5,2,6.9000,39.8000,0.261871,14.880829,13
2005-02-15T06:00:00,6,2,6.1000,40.8000,0.349161,29.761659,27
2005-02-15T07:00:00,7,2,6.0000,41.5000,0.436451,49.957070,46
2005-02-15T08:00:00,8,2,6.1000,39.9000,1.309354,104.165806,102
2005-02-15T09:00:00,9,2,6.5000,39.5000,1.833095,116.920803,104
2005-02-15T10:00:00,10,2,9.4000,32.7000,1.396644,89.284977,88
2005-02-15T11:00:00,11,2,11.3000,24.9000,0.872903,70.683940,68
2005-02-15T12:00:00,12,2,12.8000,19.8000,1.047483,71.215398,69
2005-02-15T13:00:00,13,2,12.3000,19.3000,1.134773,73.341231,71
2005-02-15T14:00:00,14,2,12.0000,19.3000,1.222064,71.746856,69
2005-02-15T15:00:00,15,2,11.9000,19.2000,0.872903,58.991860,55
2005-02-15T16:00:00,16,2,12.1000,20.7000,1.222064,65.900816,63
2005-02-15T17:00:00,17,2,11.5000,22.1000,1.309354,83.970395,82
2005-02-15T18:00:00,18,2,10.4000,23.1000,2.094966,96.193933,96
2005-02-15T19:00:00,19,2,9.5000,25.2000,2.444127,98.319766,98
2005-02-15T20:00:00,20,2,8.9000,26.9000,2.705998,99.382683,99
2005-02-15T21:00:00,21,2,8.2000,30.1000,2.705998,104.165806,102
2005-02-15T22:00:00,22,2,7.4000,31.8000,1.745805,92.473726,91
2005-02-15T23:00:00,23,2,6.6000,37.5000,1.833095,96.725392,96
2005-02-16T00:00:00,0,2,6.3000,40.1000,1.658515,96.725392,96
2005-02-16T01:00:00,1,2,5.2000,44.2000,2.182256,102.571432,101
2005-02-16T02:00:00,2,2,4.4000,47.5000,1.745805,92.473726,91
2005-02-16T04:00:00,4,2,3.3000,52.2000,0.960193,75.467064,73
2005-02-16T05:00:00,5,2,3.2000,52.4000,0.698322,72.809773,70
2005-02-16T06:00:00,6,2,3.6000,51.7000,0.785612,74.404147,72
2005-02-16T07:00:00,7,2,3.5000,54.2000,1.396644,106.823097,102
2005-02-16T08:00:00,8,2,5.2000,48.3000,3.142449,153.059960,111
2005-02-16T09:00:00,9,2,7.8000,37.6000,2.880578,138.179131,108
2005-02-16T10:00:00,10,2,8.9000,33.8000,1.833095,109.480388,103
2005-02-16T11:00:00,11,2,9.1000,33.0000,1.134773,52.082903,49
2005-02-16T12:00:00,12,2,9.1000,34.5000,0.960193,73.341231,71
2005-02-16T13:00:00,13,2,9.6000,31.3000,1.309354,73.872689,71
2005-02-16T14:00:00,14,2,8.5000,36.3000,1.309354,72.809773,70
2005-02-16T15:00:00,15,2,9.3000,34.6000,1.396644,82.376020,81
2005-02-16T16:00:00,16,2,8.9000,37.9000,1.309354,82.376020,81
2005-02-16T17:00:00,17,2,8.2000,41.8000,1.396644,78.655813,77
2005-02-16T18:00:00,18,2,7.4000,44.5000,1.920386,81.313104,80
2005-02-16T19:00:00,19,2,7.0000,43.4000,2.967869,90.879351,89
2005-02-16T20:00:00,20,2,6.6000,43.4000,4.888254,120.641010,105
2005-02-16T21:00:00,21,2,5.9000,44.3000,4.539093,133.396007,107
2005-02-16T22:00:00,22,2,5.0000,46.6000,2.444127,114.794970,103
2005-02-16T23:00:00,23,2,5.8000,40.3000,2.094966,106.291639,102
2005-02-17T00:00:00,0,2,5.4000,43.8000,2.356837,102.039973,101
2005-02-17T01:00:00,1,2,5.7000,42.1000,2.269547,99.382683,99
2005-02-17T02:00:00,2,2,5.7000,42.1000,2.007676,91.942268,90
2005-02-17T04:00:00,4,2,5.7000,46.6000,0.523742,34.013324,32
2005-02-17T05:00:00,5,2,6.9000,45.0000,0.436451,24.447077,23
2005-02-17T06:00:00,6,2,6.9000,42.2000,0.436451,27.104368,25
2005-02-17T07:00:00,7,2,6.4000,43.8000,0.872903,61.117692,58
2005-02-17T08:00:00,8,2,6.6000,44.6000,2.269547,126.487050,106
2005-02-17T09:00:00,9,2,7.7000,42.1000,2.356837,107.354555,102
2005-02-17T10:00:00,10,2,10.1000,36.7000,1.571225,88.753519,87
2005-02-17T11:00:00,11,2,9.0000,41.4000,1.047483,73.872689,71
2005-02-17T12:00:00,12,2,8.7000,42.5000,1.134773,78.124355,77
2005-02-17T13:00:00,13,2,8.3000,47.8000,1.222064,69.089565,67
2005-02-17T14:00:00,14,2,8.9000,45.5000,1.571225,75.998522,73
2005-02-17T15:00:00,15,2,8.9000,46.1000,1.134773,75.998522,73
2005-02-17T16:00:00,16,2,9.0000,44.9000,1.222064,72.278315,70
2005-02-17T17:00:00,17,2,9.3000,42.3000,1.222064,75.998522,73
2005-02-17T18:00:00,18,2,8.4000,45.2000,2.094966,94.068101,94
2005-02-17T19:00:00,19,2,7.6000,47.8000,2.444127,105.228723,102
2005-02-17T20:00:00,20,2,7.4000,47.2000,2.880578,106.291639,102
2005-02-17T21:00:00,21,2,7.4000,46.9000,2.182256,101.508515,101
2005-02-17T22:00:00,22,2,6.9000,48.2000,1.833095,89.816435,88
2005-02-17T23:00:00,23,2,7.1000,47.9000,1.047483,56.334569,53
2005-02-18T00:00:00,0,2,6.9000,48.7000,1.047483,55.803110,52
2005-02-18T01:00:00,1,2,6.8000,48.2000,1.134773,69.089565,67
2005-02-18T02:00:00,2,2,6.3000,49.6000,0.872903,43.579572,41
2005-02-18T05:00:00,5,2,6.9000,48.1000,0.349161,18.601037,17
2005-02-18T06:00:00,6,2,6.4000,50.2000,0.436451,31.887492,29
2005-02-18T07:00:00,7,2,6.4000,50.7000,0.611032,47.831238,44
2005-02-18T08:00:00,8,2,6.9000,48.8000,1.833095,108.948930,102
2005-02-18T09:00:00,9,2,8.4000,44.6000,2.182256,105.760181,102
2005-02-18T10:00:00,10,2,10.8000,37.1000,1.745805,81.313104,80
2005-02-18T11:00:00,11,2,11.2000,36.2000,1.222064,86.627686,85
2005-02-18T12:00:00,12,2,11.8000,34.4000,1.134773,80.781646,79
2005-02-18T13:00:00,13,2,11.5000,33.1000,1.222064,77.592897,76
2005-02-18T14:00:00,14,2,10.9000,32.6000,1.396644,77.592897,76
2005-02-18T15:00:00,15,2,11.3000,31.7000,1.483934,71.215398,69
2005-02-18T16:00:00,16,2,11.6000,30.9000,1.571225,87.159144,86
2005-02-18T17:00:00,17,2,11.1000,32.2000,2.094966,74.935606,72
2005-02-18T18:00:00,18,2,9.7000,36.0000,2.444127,108.417472,102
2005-02-18T19:00:00,19,2,8.5000,39.0000,2.880578,111.606221,103
2005-02-18T20:00:00,20,2,8.3000,40.3000,4.189932,132.864549,107
2005-02-18T21:00:00,21,2,8.0000,41.3000,2.444127,107.354555,102
2005-02-18T22:00:00,22,2,7.0000,44.2000,2.094966,100.977057,100
2005-02-18T23:00:00,23,2,5.4000,51.8000,2.531417,125.424134,106
2005-02-19T00:00:00,0,2,4.1000,55.0000,2.356837,132.864549,107
2005-02-19T01:00:00,1,2,3.1000,57.8000,1.833095,116.389345,104
2005-02-19T02:00:00,2,2,3.1000,56.7000,1.309354,82.907478,81
2005-02-19T04:00:00,4,2,2.3000,58.9000,0.785612,52.082903,49
2005-02-19T05:00:00,5,2,1.9000,60.0000,0.698322,47.299779,44
2005-02-19T06:00:00,6,2,1.9000,60.3000,0.698322,55.271652,52
2005-02-19T07:00:00,7,2,0.9000,64.6000,0.960193,78.655813,77
2005-02-19T08:00:00,8,2,0.6000,65.0000,1.658515,103.102890,101
2005-02-19T09:00:00,9,2,2.1000,59.9000,2.182256,122.766843,105
2005-02-19T10:00:00,10,2,3.1000,57.2000,1.920386,106.291639,102
2005-02-19T11:00:00,11,2,4.2000,54.0000,1.833095,115.326428,104
2005-02-19T12:00:00,12,2,7.4000,43.8000,2.007676,111.606221,103
2005-02-19T13:00:00,13,2,11.2000,34.5000,1.047483,66.963733,64
2005-02-19T14:00:00,14,2,13.8000,32.4000,1.047483,62.712067,60
2005-02-19T15:00:00,15,2,12.4000,34.9000,0.960193,60.586234,57
2005-02-19T16:00:00,16,2,12.8000,31.9000,0.960193,62.180609,60
2005-02-19T17:00:00,17,2,13.5000,29.1000,1.222064,74.404147,72
2005-02-19T18:00:00,18,2,11.6000,33.3000,1.483934,89.284977,88
2005-02-19T19:00:00,19,2,10.9000,34.9000,2.182256,107.354555,102
2005-02-19T20:00:00,20,2,10.4000,37.3000,2.356837,112.137679,103
2005-02-19T21:00:00,21,2,9.7000,39.7000,2.705998,122.766843,105
2005-02-19T22:00:00,22,2,9.1000,41.9000,2.444127,113.732054,103
2005-02-19T23:00:00,23,2,9.3000,41.9000,1.658515,96.193933,96
2005-02-20T00:00:00,0,2,9.4000,44.7000,1.658515,91.942268,90
2005-02-20T01:00:00,1,2,8.5000,45.8000,1.483934,89.816435,88
2005-02-20T02:00:00,2,2,7.8000,50.0000,1.920386,92.473726,91
2005-02-20T04:00:00,4,2,8.2000,46.9000,1.309354,69.089565,67
2005-02-20T05:00:00,5,2,8.4000,48.6000,0.698322,38.264990,36
2005-02-20T06:00:00,6,2,8.0000,54.7000,0.436451,21.258328,20
2005-02-20T07:00:00,7,2,7.8000,55.7000,0.436451,29.761659,27
2005-02-20T08:00:00,8,2,8.0000,53.8000,0.611032,43.048114,41
2005-02-20T09:00:00,9,2,8.8000,50.7000,0.611032,43.048114,41
2005-02-20T10:00:00,10,2,10.1000,47.6000,0.785612,46.768321,43
2005-02-20T11:00:00,11,2,10.6000,45.8000,0.872903,49.957070,46
2005-02-20T12:00:00,12,2,9.1000,56.2000,0.960193,51.551445,48
2005-02-20T13:00:00,13,2,7.9000,66.5000,0.960193,59.523318,56
2005-02-20T14:00:00,14,2,8.0000,65.0000,0.872903,55.271652,52
2005-02-20T15:00:00,15,2,8.4000,61.0000,0.960193,56.866027,53
2005-02-20T16:00:00,16,2,8.6000,57.3000,1.134773,60.586234,57
2005-02-20T17:00:00,17,2,8.4000,56.3000,1.047483,61.117692,58
2005-02-20T18:00:00,18,2,8.0000,57.7000,1.134773,67.495191,65
2005-02-20T19:00:00,19,2,7.1000,62.6000,0.960193,63.243525,61
2005-02-20T20:00:00,20,2,7.4000,59.3000,1.309354,79.187271,78
2005-02-20T21:00:00,21,2,7.7000,56.9000,1.222064,74.404147,72
2005-02-20T22:00:00,22,2,7.7000,54.4000,0.960193,55.803110,52
2005-02-20T23:00:00,23,2,7.7000,53.0000,1.134773,61.649151,58
2005-02-21T00:00:00,0,2,6.7000,62.8000,1.222064,59.523318,56
2005-02-21T01:00:00,1,2,6.6000,61.9000,0.960193,42.516656,40
2005-02-21T02:00:00,2,2,5.7000,70.3000,0.698322,31.356034,29
2005-02-21T05:00:00,5,2,3.9000,81.5000,0.436451,26.041452,25
2005-02-21T06:00:00,6,2,3.3000,84.3000,0.523742,33.481866,31
2005-02-21T07:00:00,7,2,4.2000,80.9000,1.047483,65.369358,63
2005-02-21T08:00:00,8,2,5.1000,75.0000,1.920386,87.159144,86
2005-02-21T09:00:00,9,2,4.6000,77.6000,2.531417,115.857887,104
2005-02-21T10:00:00,10,2,3.8000,84.3000,2.531417,134.990382,107
2005-02-21T11:00:00,11,2,6.2000,77.4000,1.745805,111.606221,103
2005-02-21T12:00:00,12,2,7.7000,67.6000,1.483934,110.543305,103
2005-02-21T13:00:00,13,2,8.1000,64.8000,1.920386,108.417472,102
2005-02-21T14:00:00,14,2,8.1000,64.0000,1.571225,91.410810,90
2005-02-21T15:00:00,15,2,6.9000,71.3000,1.396644,83.438937,82
2005-02-21T16:00:00,16,2,7.0000,73.7000,1.658515,96.193933,96
2005-02-21T17:00:00,17,2,7.3000,70.0000,1.920386,103.102890,101
2005-02-21T18:00:00,18,2,5.8000,77.8000,1.920386,102.571432,101
2005-02-21T19:00:00,19,2,5.4000,80.9000,4.277222,133.927465,107
2005-02-21T20:00:00,20,2,5.5000,79.8000,5.499286,150.402669,110
2005-02-21T21:00:00,21,2,5.6000,74.0000,2.356837,110.543305,103
2005-02-21T22:00:00,22,2,5.6000,71.9000,1.222064,75.998522,73
2005-02-21T23:00:00,23,2,6.4000,70.7000,1.047483,65.900816,63
2005-02-22T00:00:00,0,2,6.3000,70.1000,0.698322,47.299779,44
2005-02-22T01:00:00,1,2,4.4000,80.5000,0.698322,45.173947,42
2005-02-22T02:00:00,2,2,3.9000,83.1000,0.611032,35.076241,33
2005-02-22T04:00:00,4,2,3.4000,85.4000,0.349161,24.447077,23
2005-02-22T05:00:00,5,2,3.3000,84.5000,0.436451,31.887492,29
2005-02-22T06:00:00,6,2,3.4000,84.5000,0.785612,62.180609,60
2005-02-22T07:00:00,7,2,3.4000,84.5000,1.309354,94.599559,94
2005-02-22T08:00:00,8,2,4.1000,82.7000,3.317030,156.780168,111
2005-02-22T09:00:00,9,2,4.6000,80.3000,4.713674,129.144341,106
2005-02-22T10:00:00,10,2,6.1000,74.0000,3.055159,135.521840,107
2005-02-22T11:00:00,11,2,9.1000,58.4000,1.483934,106.823097,102
2005-02-22T12:00:00,12,2,11.4000,48.9000,1.745805,110.543305,103
2005-02-22T13:00:00,13,2,8.3000,64.4000,1.833095,112.669137,103
2005-02-22T14:00:00,14,2,6.5000,71.0000,2.618708,126.487050,106
2005-02-22T15:00:00,15,2,6.6000,71.1000,1.833095,106.823097,102
2005-02-22T16:00:00,16,2,7.4000,69.3000,2.182256,115.857887,104
2005-02-22T17:00:00,17,2,6.4000,70.6000,1.920386,117.983719,104
2005-02-22T18:00:00,18,2,5.8000,72.5000,2.094966,109.480388,103
2005-02-22T19:00:00,19,2,5.6000,71.6000,3.142449,133.396007,107
2005-02-22T20:00:00,20,2,4.2000,77.8000,2.269547,100.977057,100
2005-02-22T21:00:00,21,2,4.3000,79.5000,2.356837,115.857887,104
2005-02-22T22:00:00,22,2,4.5000,75.5000,1.222064,79.718729,78
2005-02-22T23:00:00,23,2,4.4000,77.1000,0.785612,58.991860,55
2005-02-23T00:00:00,0,2,4.2000,78.2000,1.309354,75.467064,73
2005-02-23T01:00:00,1,2,4.0000,79.3000,0.960193,63.243525,61
2005-02-23T02:00:00,2,2,3.9000,78.7000,0.698322,46.236863,43
2005-02-23T04:00:00,4,2,3.2000,82.8000,0.523742,37.202074,35
2005-02-23T05:00:00,5,2,4.1000,76.0000,0.523742,36.139157,34
2005-02-23T06:00:00,6,2,4.2000,75.9000,0.523742,35.076241,33
2005-02-23T07:00:00,7,2,4.5000,76.3000,0.611032,62.180609,60
2005-02-23T08:00:00,8,2,4.4000,79.1000,1.483934,104.697264,102
2005-02-23T09:00:00,9,2,4.3000,79.8000,1.658515,105.228723,102
2005-02-23T10:00:00,10,2,3.1000,83.0000,1.222064,88.753519,87
2005-02-23T11:00:00,11,2,2.8000,83.9000,1.134773,95.662475,95
2005-02-23T12:00:00,12,2,3.9000,79.5000,1.047483,89.816435,88
2005-02-23T13:00:00,13,2,5.1000,74.5000,1.658515,111.606221,103
2005-02-23T14:00:00,14,2,5.7000,72.5000,2.182256,123.298301,105
2005-02-23T15:00:00,15,2,5.6000,74.6000,2.007676,118.515178,104
2005-02-23T16:00:00,16,2,5.4000,75.9000,2.007676,119.046636,104
2005-02-23T17:00:00,17,2,4.9000,78.2000,2.182256,126.487050,106
2005-02-23T18:00:00,18,2,4.8000,79.0000,2.444127,132.333091,107
2005-02-23T19:00:00,19,2,4.8000,78.6000,2.356837,118.515178,104
2005-02-23T20:00:00,20,2,4.6000,78.2000,2.705998,129.675800,106
2005-02-23T21:00:00,21,2,4.2000,79.7000,2.531417,129.144341,106
2005-02-23T22:00:00,22,2,4.3000,78.9000,2.269547,120.109552,105
2005-02-23T23:00:00,23,2,4.2000,77.9000,1.309354,88.753519,87
2005-02-24T00:00:00,0,2,3.2000,83.0000,1.396644,91.410810,90
2005-02-24T01:00:00,1,2,5.1000,74.5000,0.960193,63.774983,61
2005-02-24T02:00:00,2,2,4.0000,80.8000,0.785612,53.145820,50
2005-02-24T05:00:00,5,2,3.3000,84.5000,0.523742,43.048114,41
2005-02-24T06:00:00,6,2,3.6000,84.4000,0.698322,69.621024,67
2005-02-24T07:00:00,7,2,3.8000,83.8000,1.309354,90.347893,89
2005-02-24T08:00:00,8,2,4.1000,82.5000,2.705998,141.899338,109
2005-02-24T09:00:00,9,2,3.9000,83.9000,3.317030,142.962255,109
2005-02-24T10:00:00,10,2,4.1000,83.9000,2.356837,129.675800,106
2005-02-24T11:00:00,11,2,4.6000,82.0000,1.571225,123.298301,105
2005-02-24T12:00:00,12,2,5.5000,79.5000,1.222064,104.165806,102
2005-02-24T13:00:00,13,2,6.7000,76.2000,1.483934,103.634348,101
2005-02-24T14:00:00,14,2,7.9000,69.0000,1.658515,100.445599,100
2005-02-24T15:00:00,15,2,8.5000,66.3000,1.920386,112.669137,103
2005-02-24T16:00:00,16,2,7.6000,70.8000,2.618708,141.899338,109
2005-02-24T17:00:00,17,2,7.2000,72.4000,2.618708,139.242047,108
2005-02-24T18:00:00,18,2,6.7000,74.2000,3.404320,143.493713,109
2005-02-24T19:00:00,19,2,6.1000,75.8000,3.491610,138.179131,108
2005-02-24T20:00:00,20,2,6.3000,74.9000,3.404320,140.836422,108
2005-02-24T21:00:00,21,2,6.0000,78.0000,3.055159,139.242047,108
2005-02-24T22:00:00,22,2,5.6000,81.2000,2.094966,120.641010,105
2005-02-24T23:00:00,23,2,5.5000,81.5000,1.833095,102.039973,101
2005-02-25T00:00:00,0,2,5.3000,84.1000,2.182256,107.354555,102
2005-02-25T01:00:00,1,2,5.2000,83.9000,1.833095,100.445599,100
2005-02-25T02:00:00,2,2,5.1000,83.5000,1.309354,83.438937,82
2005-02-25T04:00:00,4,2,5.0000,82.5000,0.872903,51.551445,48
2005-02-25T05:00:00,5,2,5.0000,82.8000,0.698322,53.145820,50
2005-02-25T06:00:00,6,2,5.2000,80.7000,0.872903,77.592897,76
2005-02-25T07:00:00,7,2,5.3000,80.2000,1.222064,93.005184,93
2005-02-25T10:00:00,10,2,8.3000,67.4000,3.666191,100.977057,100
2005-02-25T11:00:00,11,2,10.8000,52.1000,2.880578,88.222060,87
2005-02-25T12:00:00,12,2,13.0000,40.3000,1.483934,81.313104,80
2005-02-25T13:00:00,13,2,10.9000,44.8000,1.833095,88.753519,87
2005-02-25T14:00:00,14,2,11.5000,42.1000,1.920386,72.809773,70
2005-02-25T15:00:00,15,2,12.5000,38.5000,1.571225,74.404147,72
2005-02-25T16:00:00,16,2,12.6000,38.5000,1.745805,79.718729,78
2005-02-25T17:00:00,17,2,12.3000,38.4000,2.007676,80.781646,79
2005-02-25T18:00:00,18,2,10.2000,43.1000,2.444127,94.068101,94
2005-02-25T19:00:00,19,2,8.6000,48.2000,2.967869,100.445599,100
2005-02-25T20:00:00,20,2,7.8000,50.8000,3.491610,103.634348,101
2005-02-25T21:00:00,21,2,7.3000,52.8000,2.007676,95.131017,95
2005-02-25T22:00:00,22,2,6.2000,62.4000,2.356837,99.914141,99
2005-02-25T23:00:00,23,2,5.1000,68.2000,2.356837,90.347893,89
2005-02-26T00:00:00,0,2,4.7000,69.0000,2.444127,85.564769,84
2005-02-26T01:00:00,1,2,4.0000,69.8000,1.833095,77.061438,76
2005-02-26T02:00:00,2,2,3.4000,71.3000,1.658515,72.278315,70
2005-02-26T04:00:00,4,2,2.3000,75.1000,1.483934,64.837900,62
2005-02-26T05:00:00,5,2,3.8000,66.2000,1.134773,61.117692,58
2005-02-26T06:00:00,6,2,4.6000,60.5000,0.785612,54.740194,51
2005-02-26T07:00:00,7,2,5.7000,54.3000,0.872903,57.397485,54
2005-02-26T08:00:00,8,2,6.2000,51.3000,0.872903,65.900816,63
2005-02-26T09:00:00,9,2,6.7000,49.5000,1.309354,70.683940,68
2005-02-26T10:00:00,10,2,8.8000,45.0000,1.309354,65.900816,63
2005-02-26T11:00:00,11,2,9.6000,43.5000,1.222064,61.649151,58
2005-02-26T12:00:00,12,2,9.8000,43.3000,2.094966,60.054776,57
2005-02-26T13:00:00,13,2,9.9000,43.5000,2.444127,62.180609,60
2005-02-26T14:00:00,14,2,9.8000,44.1000,2.531417,62.712067,60
2005-02-26T15:00:00,15,2,9.7000,45.1000,2.269547,57.397485,54
2005-02-26T16:00:00,16,2,9.0000,47.3000,2.182256,52.082903,49
2005-02-26T17:00:00,17,2,7.4000,56.0000,2.356837,62.180609,60
2005-02-26T18:00:00,18,2,6.4000,61.7000,2.444127,66.963733,64
2005-02-26T19:00:00,19,2,6.8000,58.0000,2.618708,75.467064,73
2005-02-26T20:00:00,20,2,7.3000,56.7000,3.229739,83.438937,82
2005-02-26T21:00:00,21,2,7.2000,56.7000,3.055159,85.564769,84
2005-02-26T22:00:00,22,2,6.7000,59.1000,3.317030,89.816435,88
2005-02-26T23:00:00,23,2,5.9000,62.1000,3.753481,88.222060,87
2005-02-27T00:00:00,0,2,6.3000,60.4000,4.189932,100.445599,100
2005-02-27T01:00:00,1,2,5.5000,60.2000,3.666191,97.788308,97
2005-02-27T02:00:00,2,2,4.6000,64.4000,2.880578,77.061438,76
2005-02-27T05:00:00,5,2,3.7000,65.9000,0.872903,46.236863,43
2005-02-27T06:00:00,6,2,1.6000,74.3000,0.785612,40.922281,38
2005-02-27T07:00:00,7,2,1.4000,76.3000,0.960193,59.523318,56
2005-02-27T08:00:00,8,2,2.5000,69.5000,0.960193,62.712067,60
2005-02-27T09:00:00,9,2,3.7000,64.8000,1.047483,65.900816,63
2005-02-27T10:00:00,10,2,7.8000,49.9000,1.483934,76.529980,74
2005-02-27T11:00:00,11,2,11.2000,37.1000,1.396644,68.026649,66
2005-02-27T12:00:00,12,2,12.6000,30.6000,1.222064,63.774983,61
2005-02-27T13:00:00,13,2,10.3000,32.9000,1.571225,69.621024,67
2005-02-27T14:00:00,14,2,10.0000,35.5000,0.960193,61.117692,58
2005-02-27T15:00:00,15,2,8.8000,40.0000,0.785612,43.579572,41
2005-02-27T16:00:00,16,2,8.3000,40.3000,0.960193,53.145820,50
2005-02-27T17:00:00,17,2,7.9000,38.9000,0.960193,58.991860,55
2005-02-27T18:00:00,18,2,6.8000,41.0000,1.047483,70.152482,68
2005-02-27T19:00:00,19,2,6.0000,42.0000,1.396644,82.376020,81
2005-02-27T20:00:00,20,2,5.5000,43.5000,2.269547,96.193933,96
2005-02-27T21:00:00,21,2,4.6000,46.8000,1.309354,82.376020,81
2005-02-27T22:00:00,22,2,4.5000,48.0000,0.872903,55.803110,52
2005-02-27T23:00:00,23,2,4.3000,48.6000,1.134773,63.243525,61
2005-02-28T00:00:00,0,2,4.0000,50.0000,1.396644,79.718729,78
2005-02-28T01:00:00,1,2,4.0000,52.9000,0.872903,49.957070,46
2005-02-28T02:00:00,2,2,4.0000,51.0000,0.523742,29.761659,27
2005-02-28T04:00:00,4,2,3.8000,48.0000,0.261871,14.880829,13
2005-02-28T05:00:00,5,2,3.6000,50.3000,0.261871,13.286455,12
2005-02-28T06:00:00,6,2,2.8000,52.6000,0.261871,16.475204,15
2005-02-28T07:00:00,7,2,2.5000,52.7000,0.349161,35.076241,33
2005-02-28T08:00:00,8,2,2.7000,50.5000,0.872903,58.991860,55
2005-02-28T09:00:00,9,2,2.7000,49.4000,1.047483,64.837900,62
2005-02-28T10:00:00,10,2,3.3000,45.2000,0.872903,61.117692,58
2005-02-28T11:00:00,11,2,3.1000,43.3000,0.785612,65.369358,63
2005-02-28T12:00:00,12,2,3.7000,38.8000,0.698322,63.243525,61
2005-02-28T13:00:00,13,2,4.0000,36.8000,0.960193,66.432274,64
2005-02-28T14:00:00,14,2,3.7000,35.0000,0.872903,58.460401,55
2005-02-28T15:00:00,15,2,3.4000,32.4000,0.698322,58.991860,55
2005-02-28T16:00:00,16,2,3.3000,33.1000,0.785612,60.586234,57
2005-02-28T17:00:00,17,2,2.6000,35.1000,0.785612,60.586234,57
2005-02-28T18:00:00,18,2,2.1000,36.6000,1.745805,74.404147,72
2005-02-28T19:00:00,19,2,1.6000,37.9000,2.094966,74.935606,72
2005-02-28T20:00:00,20,2,1.4000,38.0000,2.182256,75.467064,73
2005-02-28T21:00:00,21,2,1.0000,36.6000,1.396644,65.369358,63
2005-02-28T22:00:00,22,2,1.1000,35.4000,0.785612,47.831238,44
2005-02-28T23:00:00,23,2,1.0000,34.3000,0.611032,41.985197,39
2005-03-01T00:00:00,0,3,1.0000,37.4000,0.523742,36.670615,34
2005-03-01T01:00:00,1,3,0.7000,41.2000,0.523742,31.887492,29
2005-03-01T02:00:00,2,3,0.2000,40.6000,0.349161,19.663953,18
2005-03-01T04:00:00,4,3,-0.1000,37.5000,0.174581,14.349371,13
2005-03-01T05:00:00,5,3,-0.3000,38.4000,0.174581,15.943746,14
2005-03-01T06:00:00,6,3,-0.6000,40.1000,0.174581,17.538120,16
2005-03-01T07:00:00,7,3,-0.6000,41.4000,0.436451,44.642488,42
2005-03-01T08:00:00,8,3,-0.2000,40.2000,1.309354,78.124355,77
2005-03-01T09:00:00,9,3,0.6000,36.8000,1.658515,75.998522,73
2005-03-01T10:00:00,10,3,2.8000,30.3000,1.222064,64.837900,62
2005-03-01T11:00:00,11,3,3.1000,29.1000,0.785612,57.928943,54
2005-03-01T12:00:00,12,3,3.3000,29.2000,0.611032,50.488529,47
2005-03-01T13:00:00,13,3,3.1000,31.0000,0.698322,49.957070,46
2005-03-01T14:00:00,14,3,3.2000,30.8000,0.872903,54.208736,51
2005-03-01T15:00:00,15,3,3.3000,31.5000,0.785612,56.866027,53
2005-03-01T16:00:00,16,3,4.1000,28.6000,0.872903,60.054776,57
2005-03-01T17:00:00,17,3,3.9000,29.2000,0.785612,58.460401,55
2005-03-01T18:00:00,18,3,1.9000,35.0000,1.222064,61.649151,58
2005-03-01T19:00:00,19,3,1.8000,35.4000,1.833095,78.655813,77
2005-03-01T20:00:00,20,3,1.4000,36.5000,2.444127,82.907478,81
2005-03-01T21:00:00,21,3,0.8000,36.3000,1.920386,84.501853,83
2005-03-01T22:00:00,22,3,0.6000,34.1000,0.872903,61.649151,58
2005-03-01T23:00:00,23,3,0.3000,31.9000,0.960193,58.460401,55
2005-03-02T00:00:00,0,3,0.2000,30.2000,0.785612,54.208736,51
2005-03-02T01:00:00,1,3,0.0000,29.7000,0.698322,49.425612,46
2005-03-02T02:00:00,2,3,-0.1000,31.9000,0.523742,35.607699,33
2005-03-02T05:00:00,5,3,-1.3000,46.3000,0.349161,38.796448,36
2005-03-02T06:00:00,6,3,-1.2000,47.2000,0.436451,51.019987,48
2005-03-02T07:00:00,7,3,-1.3000,47.5000,0.611032,58.460401,55
2005-03-02T08:00:00,8,3,-1.9000,51.4000,2.094966,79.718729,78
2005-03-02T09:00:00,9,3,-0.5000,45.9000,2.444127,89.816435,88
2005-03-02T10:00:00,10,3,4.6000,32.5000,1.745805,96.193933,96
2005-03-02T11:00:00,11,3,7.5000,24.3000,1.920386,99.382683,99
2005-03-02T12:00:00,12,3,9.6000,18.8000,1.222064,77.592897,76
2005-03-02T13:00:00,13,3,9.3000,18.4000,1.047483,69.621024,67
2005-03-02T14:00:00,14,3,9.7000,18.6000,1.658515,85.564769,84
2005-03-02T15:00:00,15,3,10.1000,16.7000,1.134773,75.998522,73
2005-03-02T16:00:00,16,3,11.8000,13.5000,1.745805,93.536642,93
2005-03-02T17:00:00,17,3,11.6000,15.3000,1.745805,94.599559,94
2005-03-02T18:00:00,18,3,9.1000,19.2000,2.967869,110.011846,103
2005-03-02T19:00:00,19,3,7.2000,25.6000,4.451803,127.549967,106
2005-03-02T20:00:00,20,3,6.1000,34.0000,4.626383,125.424134,106
2005-03-02T21:00:00,21,3,5.1000,36.4000,2.444127,105.760181,102
2005-03-02T22:00:00,22,3,4.8000,39.6000,1.396644,90.347893,89
2005-03-02T23:00:00,23,3,5.0000,39.6000,1.222064,81.313104,80
2005-03-03T00:00:00,0,3,4.1000,41.7000,1.222064,74.404147,72
2005-03-03T01:00:00,1,3,4.4000,43.3000,1.222064,73.341231,71
2005-03-03T02:00:00,2,3,3.8000,45.9000,0.960193,62.180609,60
2005-03-03T04:00:00,4,3,3.4000,56.3000,0.872903,63.243525,61
2005-03-03T05:00:00,5,3,2.9000,67.9000,0.872903,57.397485,54
2005-03-03T06:00:00,6,3,2.8000,74.1000,1.047483,64.306442,62
2005-03-03T07:00:00,7,3,2.9000,75.6000,1.222064,72.278315,70
2005-03-03T08:00:00,8,3,3.8000,72.4000,2.618708,93.005184,93
2005-03-03T09:00:00,9,3,5.9000,50.2000,3.666191,112.137679,103
2005-03-03T10:00:00,10,3,7.3000,39.4000,1.833095,98.851224,98
2005-03-03T11:00:00,11,3,3.6000,75.9000,1.745805,94.068101,94
2005-03-03T12:00:00,12,3,3.6000,78.6000,1.396644,78.124355,77
2005-03-03T13:00:00,13,3,5.3000,69.2000,1.222064,79.718729,78
2005-03-03T14:00:00,14,3,6.1000,66.0000,1.396644,78.655813,77
2005-03-03T15:00:00,15,3,6.0000,70.1000,1.309354,80.250187,79
2005-03-03T16:00:00,16,3,6.3000,72.1000,1.483934,80.250187,79
2005-03-03T17:00:00,17,3,6.3000,75.7000,1.658515,87.690602,86
2005-03-03T18:00:00,18,3,5.6000,80.4000,3.317030,104.697264,102
2005-03-03T19:00:00,19,3,4.9000,82.4000,4.713674,121.172469,105
2005-03-03T20:00:00,20,3,4.3000,84.0000,3.666191,104.165806,102
2005-03-03T21:00:00,21,3,4.3000,83.6000,3.317030,102.039973,101
2005-03-03T22:00:00,22,3,4.6000,82.5000,2.007676,85.564769,84
2005-03-03T23:00:00,23,3,4.4000,82.0000,1.833095,82.907478,81
2005-03-04T00:00:00,0,3,4.3000,80.9000,2.007676,83.970395,82
2005-03-04T01:00:00,1,3,4.1000,81.2000,2.007676,81.844562,80
2005-03-04T02:00:00,2,3,3.9000,80.9000,1.483934,73.341231,71
2005-03-04T04:00:00,4,3,4.5000,65.1000,0.523742,48.894154,45
2005-03-04T05:00:00,5,3,4.0000,75.2000,0.785612,54.740194,51
2005-03-04T06:00:00,6,3,3.7000,76.4000,0.960193,62.180609,60
2005-03-04T07:00:00,7,3,3.1000,77.3000,1.658515,73.872689,71
2005-03-04T08:00:00,8,3,3.7000,74.4000,3.229739,88.753519,87
2005-03-04T09:00:00,9,3,5.0000,69.4000,5.324705,108.948930,102
2005-03-04T10:00:00,10,3,6.5000,60.9000,4.015352,114.794970,103
2005-03-04T11:00:00,11,3,7.6000,59.8000,2.880578,102.039973,101
2005-03-04T12:00:00,12,3,8.6000,57.6000,2.880578,99.914141,99
2005-03-04T13:00:00,13,3,10.9000,52.4000,2.967869,100.445599,100
2005-03-04T14:00:00,14,3,12.3000,48.3000,3.142449,102.039973,101
2005-03-04T15:00:00,15,3,12.5000,43.4000,3.404320,103.102890,101
2005-03-04T16:00:00,16,3,11.9000,42.3000,4.189932,115.326428,104
2005-03-04T17:00:00,17,3,12.3000,41.2000,3.404320,94.599559,94
2005-03-04T18:00:00,18,3,10.8000,48.1000,3.142449,97.256850,97
2005-03-04T19:00:00,19,3,8.9000,52.5000,3.142449,100.445599,100
2005-03-04T20:00:00,20,3,8.4000,54.7000,4.015352,119.578094,104
2005-03-04T21:00:00,21,3,7.5000,58.7000,2.007676,93.005184,93
2005-03-04T22:00:00,22,3,6.9000,60.0000,1.396644,81.313104,80
2005-03-04T23:00:00,23,3,6.6000,61.3000,1.571225,82.907478,81
2005-03-05T00:00:00,0,3,6.3000,59.8000,1.920386,91.410810,90
2005-03-05T01:00:00,1,3,5.4000,65.8000,1.833095,87.159144,86
2005-03-05T02:00:00,2,3,5.8000,59.6000,1.483934,83.438937,82
2005-03-05T05:00:00,5,3,4.2000,62.5000,0.960193,58.460401,55
2005-03-05T06:00:00,6,3,3.1000,68.6000,0.960193,68.026649,66
2005-03-05T07:00:00,7,3,4.6000,54.6000,0.698322,70.152482,68
2005-03-05T08:00:00,8,3,5.0000,54.5000,1.134773,82.907478,81
2005-03-05T09:00:00,9,3,7.0000,48.1000,2.007676,98.319766,98
2005-03-05T10:00:00,10,3,10.0000,37.7000,0.960193,64.306442,62
2005-03-05T11:00:00,11,3,13.0000,30.3000,0.960193,62.180609,60
2005-03-05T12:00:00,12,3,14.0000,28.1000,1.309354,70.683940,68
2005-03-05T13:00:00,13,3,13.3000,28.9000,1.396644,72.278315,70
2005-03-05T14:00:00,14,3,13.4000,29.0000,1.920386,86.096228,85
2005-03-05T15:00:00,15,3,13.5000,28.3000,1.309354,70.152482,68
2005-03-05T16:00:00,16,3,13.0000,29.7000,1.571225,86.096228,85
2005-03-05T17:00:00,17,3,11.6000,38.7000,1.745805,84.501853,83
2005-03-05T18:00:00,18,3,8.6000,56.3000,1.658515,82.907478,81
2005-03-05T19:00:00,19,3,8.5000,57.9000,2.182256,94.068101,94
2005-03-05T20:00:00,20,3,7.8000,63.4000,2.269547,98.319766,98
2005-03-05T21:00:00,21,3,7.2000,69.5000,2.793288,105.760181,102
2005-03-05T22:00:00,22,3,6.5000,74.7000,1.920386,88.222060,87
2005-03-05T23:00:00,23,3,6.5000,73.9000,1.658515,80.781646,79
2005-03-06T00:00:00,0,3,6.8000,72.1000,2.094966,90.347893,89
2005-03-06T01:00:00,1,3,7.0000,60.0000,1.571225,85.033311,84
2005-03-06T02:00:00,2,3,7.2000,47.8000,0.785612,53.145820,50
2005-03-06T04:00:00,4,3,6.8000,52.9000,0.611032,30.293117,28
2005-03-06T05:00:00,5,3,5.8000,65.0000,0.523742,25.509993,24
2005-03-06T06:00:00,6,3,5.8000,59.4000,0.436451,17.006662,16
2005-03-06T07:00:00,7,3,5.5000,58.3000,0.523742,38.264990,36
2005-03-06T08:00:00,8,3,5.9000,54.8000,0.523742,45.705405,42
2005-03-06T09:00:00,9,3,7.3000,48.7000,0.611032,41.985197,39
2005-03-06T10:00:00,10,3,9.4000,39.9000,0.611032,46.236863,43
2005-03-06T11:00:00,11,3,11.2000,33.8000,0.785612,45.173947,42
2005-03-06T12:00:00,12,3,12.3000,29.9000,0.872903,51.551445,48
2005-03-06T13:00:00,13,3,14.8000,23.7000,0.872903,51.019987,48
2005-03-06T14:00:00,14,3,13.1000,26.6000,1.222064,60.054776,57
2005-03-06T15:00:00,15,3,13.3000,25.7000,2.618708,86.627686,85
2005-03-06T16:00:00,16,3,12.0000,27.7000,1.309354,77.592897,76
2005-03-06T17:00:00,17,3,11.5000,30.1000,1.483934,88.753519,87
2005-03-06T18:00:00,18,3,10.1000,33.2000,2.007676,86.096228,85
2005-03-06T19:00:00,19,3,8.6000,38.1000,2.182256,103.102890,101
2005-03-06T20:00:00,20,3,8.0000,41.2000,1.833095,98.319766,98
2005-03-06T21:00:00,21,3,7.5000,43.8000,1.309354,83.970395,82
2005-03-06T22:00:00,22,3,6.8000,46.9000,1.222064,82.907478,81
2005-03-06T23:00:00,23,3,6.1000,46.3000,1.222064,83.438937,82
2005-03-07T00:00:00,0,3,5.6000,45.5000,1.222064,74.935606,72
2005-03-07T01:00:00,1,3,5.4000,48.8000,1.047483,61.649151,58
2005-03-07T02:00:00,2,3,5.1000,51.2000,0.785612,44.642488,42
2005-03-07T04:00:00,4,3,5.2000,57.2000,0.349161,18.069579,17
2005-03-07T05:00:00,5,3,4.5000,63.1000,0.349161,23.915619,22
2005-03-07T06:00:00,6,3,5.2000,54.5000,0.436451,31.356034,29
2005-03-07T07:00:00,7,3,5.6000,51.3000,0.611032,52.614361,49
2005-03-07T08:00:00,8,3,5.9000,45.4000,1.309354,87.690602,86
2005-03-07T09:00:00,9,3,6.9000,41.3000,1.658515,89.284977,88
2005-03-07T10:00:00,10,3,8.6000,34.2000,1.396644,89.816435,88
2005-03-07T11:00:00,11,3,9.6000,27.7000,1.222064,86.096228,85
2005-03-07T12:00:00,12,3,10.6000,25.3000,1.134773,82.376020,81
2005-03-07T13:00:00,13,3,10.2000,25.6000,1.134773,72.278315,70
2005-03-07T14:00:00,14,3,10.0000,25.2000,1.047483,65.900816,63
2005-03-07T15:00:00,15,3,9.7000,25.7000,1.134773,83.970395,82
2005-03-07T16:00:00,16,3,9.7000,26.8000,1.222064,88.753519,87
2005-03-07T17:00:00,17,3,9.4000,27.3000,1.483934,93.536642,93
2005-03-07T18:00:00,18,3,7.9000,28.0000,2.182256,108.417472,102
2005-03-07T19:00:00,19,3,6.9000,30.7000,3.317030,111.074763,103
2005-03-07T20:00:00,20,3,6.1000,33.3000,3.666191,119.046636,104
2005-03-07T21:00:00,21,3,5.0000,37.4000,2.444127,112.137679,103
2005-03-07T22:00:00,22,3,4.2000,40.9000,1.309354,92.473726,91
2005-03-07T23:00:00,23,3,3.9000,43.5000,1.571225,96.193933,96
2005-03-08T00:00:00,0,3,3.0000,47.7000,1.309354,83.438937,82
2005-03-08T01:00:00,1,3,2.5000,52.1000,1.309354,81.844562,80
2005-03-08T02:00:00,2,3,2.0000,53.5000,1.047483,78.124355,77
2005-03-08T05:00:00,5,3,1.4000,56.8000,0.611032,60.586234,57
2005-03-08T06:00:00,6,3,0.9000,58.4000,0.611032,71.215398,69
2005-03-08T07:00:00,7,3,0.3000,61.0000,1.134773,76.529980,74
2005-03-08T08:00:00,8,3,0.9000,59.1000,2.967869,96.725392,96
2005-03-08T09:00:00,9,3,4.1000,47.9000,4.800964,118.515178,104
2005-03-08T10:00:00,10,3,7.7000,34.6000,3.578900,116.389345,104
2005-03-08T11:00:00,11,3,10.9000,25.7000,2.618708,114.263512,103
2005-03-08T12:00:00,12,3,13.7000,17.4000,1.658515,101.508515,101
2005-03-08T13:00:00,13,3,14.0000,16.8000,1.571225,86.096228,85
2005-03-08T14:00:00,14,3,14.1000,17.0000,1.833095,87.690602,86
2005-03-08T15:00:00,15,3,15.0000,15.8000,2.007676,90.879351,89
2005-03-08T16:00:00,16,3,16.5000,14.9000,2.007676,87.159144,86
2005-03-08T17:00:00,17,3,15.8000,16.7000,1.745805,89.284977,88
2005-03-08T18:00:00,18,3,13.2000,23.9000,2.705998,108.417472,102
2005-03-08T19:00:00,19,3,11.0000,33.8000,4.451803,128.612883,106
2005-03-08T20:00:00,20,3,9.5000,39.0000,5.150125,130.738716,106
2005-03-08T21:00:00,21,3,8.5000,42.4000,2.793288,114.263512,103
2005-03-08T22:00:00,22,3,7.5000,44.0000,2.094966,109.480388,103
2005-03-08T23:00:00,23,3,6.6000,46.0000,1.222064,88.753519,87
2005-03-09T00:00:00,0,3,5.5000,49.6000,1.222064,77.061438,76
2005-03-09T01:00:00,1,3,4.9000,52.2000,1.134773,70.683940,68
2005-03-09T02:00:00,2,3,4.6000,53.5000,0.872903,62.180609,60
2005-03-09T04:00:00,4,3,3.8000,56.8000,0.698322,47.831238,44
2005-03-09T05:00:00,5,3,2.3000,63.5000,0.785612,59.523318,56
2005-03-09T06:00:00,6,3,2.0000,64.9000,0.785612,63.774983,61
2005-03-09T07:00:00,7,3,2.0000,65.3000,1.483934,74.935606,72
2005-03-09T08:00:00,8,3,3.3000,61.6000,3.753481,100.977057,100
2005-03-09T09:00:00,9,3,5.7000,52.5000,5.237415,114.263512,103
2005-03-09T10:00:00,10,3,8.3000,43.5000,3.317030,114.263512,103
2005-03-09T11:00:00,11,3,10.5000,38.9000,2.880578,124.892676,105
2005-03-09T12:00:00,12,3,14.5000,33.4000,2.007676,103.102890,101
2005-03-09T13:00:00,13,3,15.7000,34.6000,2.094966,84.501853,83
2005-03-09T14:00:00,14,3,16.1000,36.3000,1.920386,65.369358,63
2005-03-09T15:00:00,15,3,17.3000,34.5000,1.658515,64.306442,62
2005-03-09T16:00:00,16,3,17.6000,34.1000,1.483934,54.208736,51
2005-03-09T17:00:00,17,3,18.0000,33.1000,1.658515,60.586234,57
2005-03-09T18:00:00,18,3,14.6000,41.0000,3.317030,89.284977,88
2005-03-09T19:00:00,19,3,12.8000,46.2000,4.626383,110.011846,103
2005-03-09T20:00:00,20,3,11.5000,53.9000,5.150125,105.760181,102
2005-03-09T21:00:00,21,3,10.6000,58.8000,4.800964,102.039973,101
2005-03-09T22:00:00,22,3,9.7000,60.0000,1.745805,78.655813,77
2005-03-09T23:00:00,23,3,8.3000,64.2000,1.571225,72.809773,70
2005-03-10T00:00:00,0,3,7.8000,65.5000,1.396644,65.369358,63
2005-03-10T01:00:00,1,3,7.5000,65.9000,1.134773,57.928943,54
2005-03-10T02:00:00,2,3,6.1000,72.1000,0.960193,52.082903,49
2005-03-10T04:00:00,4,3,4.0000,80.9000,0.872903,49.957070,46
2005-03-10T05:00:00,5,3,4.2000,79.1000,0.698322,50.488529,47
2005-03-10T06:00:00,6,3,5.3000,73.2000,0.785612,53.677278,50
2005-03-10T07:00:00,7,3,4.3000,76.1000,1.134773,53.145820,50
2005-03-10T08:00:00,8,3,4.8000,74.6000,3.578900,79.718729,78
2005-03-10T09:00:00,9,3,7.5000,64.5000,3.404320,89.284977,88
2005-03-10T10:00:00,10,3,11.7000,49.3000,3.055159,105.760181,102
2005-03-10T11:00:00,11,3,14.7000,41.2000,2.356837,89.284977,88
2005-03-10T12:00:00,12,3,17.4000,33.2000,2.007676,85.564769,84
2005-03-10T14:00:00,14,3,19.1000,18.1000,1.833095,77.061438,76
2005-03-10T15:00:00,15,3,19.5000,15.3000,1.920386,78.655813,77
2005-03-10T16:00:00,16,3,20.2000,14.4000,1.571225,69.621024,67
2005-03-10T17:00:00,17,3,19.8000,16.0000,1.658515,72.809773,70
2005-03-10T18:00:00,18,3,16.5000,21.6000,2.356837,86.627686,85
2005-03-10T19:00:00,19,3,14.5000,18.3000,4.102642,116.389345,104
2005-03-10T20:00:00,20,3,12.8000,22.8000,4.713674,130.207258,106
2005-03-10T21:00:00,21,3,11.5000,35.9000,3.666191,121.703927,105
2005-03-10T22:00:00,22,3,9.5000,34.6000,1.833095,97.788308,97
2005-03-10T23:00:00,23,3,8.3000,38.2000,1.222064,80.250187,79
2005-03-11T00:00:00,0,3,7.7000,41.7000,1.222064,70.683940,68
2005-03-11T01:00:00,1,3,6.8000,44.9000,1.222064,71.746856,69
2005-03-11T02:00:00,2,3,5.7000,49.4000,0.872903,58.991860,55
2005-03-11T03:00:00,3,3,5.7000,50.1000,0.698322,47.831238,44
2005-03-11T05:00:00,5,3,4.9000,55.2000,0.611032,47.299779,44
2005-03-11T06:00:00,6,3,4.5000,56.3000,0.523742,47.299779,44
2005-03-11T07:00:00,7,3,3.8000,59.7000,0.174581,62.180609,60
2005-03-11T08:00:00,8,3,4.3000,58.6000,1.309354,74.935606,72
2005-03-11T09:00:00,9,3,7.1000,50.0000,3.055159,100.445599,100
2005-03-11T10:00:00,10,3,11.1000,38.4000,2.618708,112.137679,103
2005-03-11T12:00:00,12,3,17.2000,30.6000,0.872903,86.096228,85
2005-03-11T13:00:00,13,3,17.8000,33.3000,1.309354,91.410810,90
2005-03-11T14:00:00,14,3,18.8000,31.8000,1.920386,96.725392,96
2005-03-11T15:00:00,15,3,19.3000,29.9000,1.483934,95.662475,95
2005-03-11T16:00:00,16,3,18.8000,31.5000,0.960193,82.907478,81
2005-03-11T17:00:00,17,3,18.2000,28.1000,1.134773,89.284977,88
2005-03-11T18:00:00,18,3,16.0000,35.3000,1.309354,96.193933,96
2005-03-11T19:00:00,19,3,13.8000,43.6000,2.967869,120.109552,105
2005-03-11T20:00:00,20,3,12.9000,48.8000,3.317030,122.766843,105
2005-03-11T21:00:00,21,3,12.8000,49.3000,2.444127,117.983719,104
2005-03-11T22:00:00,22,3,12.2000,50.9000,0.698322,87.690602,86
2005-03-11T23:00:00,23,3,10.6000,55.9000,0.436451,80.250187,79
2005-03-12T00:00:00,0,3,10.3000,55.9000,0.872903,92.473726,91
2005-03-12T01:00:00,1,3,10.2000,55.8000,0.349161,77.061438,76
2005-03-12T02:00:00,2,3,10.0000,57.3000,0.349161,78.124355,77
2005-03-12T03:00:00,3,3,10.2000,57.9000,0.261871,71.215398,69
2005-03-12T08:00:00,8,3,10.6000,66.1000,0.087290,46.768321,43
2005-03-12T09:00:00,9,3,12.6000,58.5000,0.174581,57.928943,54
2005-03-12T10:00:00,10,3,15.0000,48.6000,0.523742,69.089565,67
2005-03-12T11:00:00,11,3,14.2000,51.5000,0.611032,72.809773,70
2005-03-12T12:00:00,12,3,15.1000,48.6000,0.523742,77.061438,76
2005-03-12T13:00:00,13,3,18.0000,35.4000,0.261871,68.026649,66
2005-03-12T14:00:00,14,3,17.9000,35.3000,0.436451,68.558107,66
2005-03-12T15:00:00,15,3,17.7000,35.0000,0.174581,55.803110,52
2005-03-12T16:00:00,16,3,17.6000,35.5000,0.349161,60.586234,57
2005-03-12T17:00:00,17,3,17.5000,34.1000,0.611032,77.592897,76
2005-03-12T18:00:00,18,3,15.6000,40.0000,0.785612,82.907478,81
2005-03-12T19:00:00,19,3,14.0000,47.8000,0.698322,80.781646,79
2005-03-12T20:00:00,20,3,13.2000,51.4000,2.094966,106.823097,102
2005-03-12T21:00:00,21,3,12.0000,56.1000,2.880578,117.452261,104
2005-03-12T22:00:00,22,3,11.6000,54.7000,0.785612,83.438937,82
2005-03-12T23:00:00,23,3,12.0000,53.3000,0.087290,60.586234,57
2005-03-13T00:00:00,0,3,12.5000,55.4000,0.087290,56.866027,53
2005-03-13T01:00:00,1,3,12.3000,56.0000,0.087290,60.054776,57
2005-03-13T02:00:00,2,3,12.4000,53.4000,0.174581,62.712067,60
2005-03-13T09:00:00,9,3,12.9000,49.9000,0.087290,59.523318,56
2005-03-13T10:00:00,10,3,13.9000,47.3000,0.261871,78.655813,77
2005-03-13T11:00:00,11,3,13.5000,51.6000,0.872903,85.033311,84
2005-03-13T12:00:00,12,3,13.2000,56.2000,1.396644,87.159144,86
2005-03-13T13:00:00,13,3,14.2000,57.8000,1.222064,84.501853,83
2005-03-13T14:00:00,14,3,17.2000,46.2000,0.261871,58.460401,55
2005-03-13T15:00:00,15,3,19.9000,36.6000,0.087290,43.579572,41
2005-03-13T16:00:00,16,3,19.7000,37.1000,0.261871,54.208736,51
2005-03-13T17:00:00,17,3,19.0000,37.4000,0.436451,63.243525,61
2005-03-13T18:00:00,18,3,16.4000,43.5000,0.698322,71.746856,69
2005-03-13T19:00:00,19,3,15.1000,49.8000,2.793288,114.263512,103
2005-03-13T20:00:00,20,3,14.8000,51.0000,2.444127,112.137679,103
2005-03-13T21:00:00,21,3,14.6000,51.6000,0.872903,91.410810,90
2005-03-13T22:00:00,22,3,13.7000,52.1000,0.785612,88.222060,87
2005-03-13T23:00:00,23,3,13.2000,55.6000,0.785612,89.284977,88
2005-03-14T00:00:00,0,3,13.2000,55.9000,0.349161,71.215398,69
2005-03-14T01:00:00,1,3,11.7000,62.1000,0.349161,64.837900,62
2005-03-14T02:00:00,2,3,9.9000,68.9000,0.261871,65.369358,63
2005-03-14T03:00:00,3,3,9.8000,68.0000,0.087290,55.271652,52
2005-03-14T05:00:00,5,3,8.4000,74.5000,0.698322,45.173947,42
2005-03-14T06:00:00,6,3,9.2000,71.0000,0.872903,54.740194,51
2005-03-14T07:00:00,7,3,9.9000,67.6000,1.396644,67.495191,65
2005-03-14T08:00:00,8,3,10.8000,64.4000,3.055159,86.627686,85
2005-03-14T09:00:00,9,3,11.7000,61.7000,3.491610,82.376020,81
2005-03-14T10:00:00,10,3,13.7000,51.9000,3.055159,90.347893,89
2005-03-14T11:00:00,11,3,16.3000,43.5000,1.396644,74.935606,72
2005-03-14T12:00:00,12,3,17.9000,38.8000,1.309354,65.369358,63
2005-03-14T13:00:00,13,3,19.3000,35.5000,1.309354,65.900816,63
2005-03-14T14:00:00,14,3,20.1000,32.9000,1.483934,66.963733,64
2005-03-14T15:00:00,15,3,20.0000,33.0000,1.396644,68.026649,66
2005-03-14T16:00:00,16,3,20.2000,32.2000,2.094966,83.970395,82
2005-03-14T17:00:00,17,3,18.9000,34.4000,2.967869,94.068101,94
2005-03-14T18:00:00,18,3,17.9000,37.6000,4.713674,119.578094,104
2005-03-14T19:00:00,19,3,16.7000,43.4000,5.673866,124.361218,105
2005-03-14T20:00:00,20,3,15.9000,47.9000,5.673866,120.641010,105
2005-03-14T21:00:00,21,3,15.3000,52.6000,3.491610,102.039973,101
2005-03-14T22:00:00,22,3,13.7000,58.5000,1.833095,83.970395,82
2005-03-14T23:00:00,23,3,12.7000,62.8000,1.396644,79.187271,78
2005-03-15T00:00:00,0,3,12.2000,65.0000,1.309354,74.404147,72
2005-03-15T01:00:00,1,3,13.0000,61.2000,0.611032,41.985197,39
2005-03-15T02:00:00,2,3,11.1000,66.1000,0.611032,36.670615,34
2005-03-15T03:00:00,3,3,10.1000,69.8000,0.523742,38.264990,36
2005-03-15T04:00:00,4,3,11.6000,61.0000,0.436451,30.824575,28
2005-03-15T05:00:00,5,3,10.1000,64.5000,0.349161,31.356034,29
2005-03-15T06:00:00,6,3,9.3000,67.9000,0.523742,46.768321,43
2005-03-15T07:00:00,7,3,10.1000,64.3000,0.785612,58.460401,55
2005-03-15T08:00:00,8,3,10.4000,62.7000,2.269547,80.250187,79
2005-03-15T09:00:00,9,3,13.0000,53.9000,2.880578,83.970395,82
2005-03-15T10:00:00,10,3,16.4000,44.6000,3.491610,103.102890,101
2005-03-15T11:00:00,11,3,19.1000,36.7000,2.705998,96.193933,96
2005-03-15T12:00:00,12,3,21.0000,30.6000,1.920386,85.564769,84
2005-03-15T13:00:00,13,3,22.1000,27.6000,1.833095,75.998522,73
2005-03-15T14:00:00,14,3,22.2000,25.5000,1.920386,75.467064,73
2005-03-15T15:00:00,15,3,23.6000,23.2000,1.658515,77.592897,76
2005-03-15T16:00:00,16,3,23.6000,22.9000,2.182256,88.222060,87
2005-03-15T17:00:00,17,3,22.8000,24.6000,2.531417,91.410810,90
2005-03-15T18:00:00,18,3,20.3000,29.7000,3.404320,104.165806,102
2005-03-15T19:00:00,19,3,18.0000,36.0000,5.499286,129.144341,106
2005-03-15T20:00:00,20,3,16.4000,41.9000,6.459479,131.801632,107
2005-03-15T21:00:00,21,3,14.9000,47.6000,4.975544,123.829759,105
2005-03-15T22:00:00,22,3,13.8000,49.6000,2.007676,92.473726,91
2005-03-15T23:00:00,23,3,13.2000,51.6000,1.309354,79.187271,78
2005-03-16T00:00:00,0,3,11.8000,56.9000,1.222064,71.215398,69
2005-03-16T01:00:00,1,3,11.4000,58.0000,0.960193,65.369358,63
2005-03-16T02:00:00,2,3,11.3000,58.0000,0.785612,58.991860,55
2005-03-16T03:00:00,3,3,10.7000,59.6000,0.611032,49.425612,46
2005-03-16T04:00:00,4,3,9.0000,65.4000,0.523742,51.551445,48
2005-03-16T05:00:00,5,3,8.0000,68.9000,0.523742,45.705405,42
2005-03-16T06:00:00,6,3,7.5000,70.9000,0.698322,52.614361,49
2005-03-16T07:00:00,7,3,7.6000,69.2000,0.872903,52.614361,49
2005-03-16T08:00:00,8,3,8.7000,64.3000,1.833095,68.558107,66
2005-03-16T09:00:00,9,3,11.7000,54.3000,3.666191,85.564769,84
2005-03-16T10:00:00,10,3,15.9000,42.2000,3.753481,107.354555,102
2005-03-16T11:00:00,11,3,19.3000,34.7000,2.793288,106.291639,102
2005-03-16T12:00:00,12,3,23.1000,27.3000,2.444127,103.102890,101
2005-03-16T13:00:00,13,3,26.1000,20.8000,2.094966,91.942268,90
2005-03-16T14:00:00,14,3,26.8000,17.9000,2.182256,89.816435,88
2005-03-16T15:00:00,15,3,28.4000,16.0000,2.531417,99.914141,99
2005-03-16T16:00:00,16,3,28.8000,15.1000,2.618708,112.137679,103
2005-03-16T17:00:00,17,3,27.9000,15.6000,3.142449,111.606221,103
2005-03-16T18:00:00,18,3,24.1000,20.6000,3.055159,102.571432,101
2005-03-16T19:00:00,19,3,21.0000,28.0000,4.189932,120.641010,105
2005-03-16T20:00:00,20,3,18.4000,38.8000,3.840771,118.515178,104
2005-03-16T21:00:00,21,3,16.9000,42.9000,4.277222,121.703927,105
2005-03-16T22:00:00,22,3,15.5000,45.0000,2.531417,103.102890,101
2005-03-16T23:00:00,23,3,14.3000,49.6000,1.833095,90.879351,89
2005-03-17T00:00:00,0,3,14.7000,48.0000,1.396644,78.124355,77
2005-03-17T01:00:00,1,3,13.3000,51.4000,1.047483,58.991860,55
2005-03-17T02:00:00,2,3,12.6000,53.7000,0.785612,55.271652,52
2005-03-17T03:00:00,3,3,11.5000,56.8000,0.611032,47.831238,44
2005-03-17T05:00:00,5,3,9.8000,61.8000,0.436451,36.670615,34
2005-03-17T06:00:00,6,3,9.0000,64.3000,0.523742,44.642488,42
2005-03-17T07:00:00,7,3,7.9000,68.4000,1.134773,65.369358,63
2005-03-17T08:00:00,8,3,9.5000,62.6000,3.317030,88.222060,87
2005-03-17T09:00:00,9,3,13.2000,51.0000,4.888254,100.445599,100
2005-03-17T10:00:00,10,3,16.9000,40.3000,3.840771,115.326428,104
2005-03-17T11:00:00,11,3,20.8000,31.3000,2.618708,104.165806,102
2005-03-17T12:00:00,12,3,24.3000,24.7000,1.920386,100.445599,100
2005-03-17T13:00:00,13,3,26.7000,22.6000,1.745805,92.473726,91
2005-03-17T14:00:00,14,3,27.1000,21.7000,1.920386,85.564769,84
2005-03-17T15:00:00,15,3,28.3000,17.9000,1.833095,83.970395,82
2005-03-17T16:00:00,16,3,27.8000,20.0000,1.920386,85.564769,84
2005-03-17T17:00:00,17,3,26.2000,19.4000,1.658515,78.124355,77
2005-03-17T18:00:00,18,3,22.7000,24.4000,2.356837,87.690602,86
2005-03-17T19:00:00,19,3,20.2000,29.3000,3.404320,113.732054,103
2005-03-17T20:00:00,20,3,17.3000,35.2000,4.888254,121.172469,105
2005-03-17T21:00:00,21,3,16.1000,38.7000,4.277222,127.549967,106
2005-03-17T22:00:00,22,3,14.6000,44.5000,1.920386,99.914141,99
2005-03-17T23:00:00,23,3,13.7000,48.6000,1.658515,91.942268,90
2005-03-18T00:00:00,0,3,12.4000,52.2000,1.222064,79.718729,78
2005-03-18T01:00:00,1,3,11.9000,53.4000,1.134773,71.215398,69
2005-03-18T02:00:00,2,3,10.4000,58.4000,0.960193,70.152482,68
2005-03-18T03:00:00,3,3,8.9000,63.5000,0.785612,62.180609,60
2005-03-18T04:00:00,4,3,8.2000,65.9000,0.785612,54.740194,51
2005-03-18T05:00:00,5,3,7.7000,67.1000,0.611032,52.614361,49
2005-03-18T06:00:00,6,3,7.2000,68.6000,0.698322,56.334569,53
2005-03-18T07:00:00,7,3,7.5000,66.7000,1.047483,60.054776,57
2005-03-18T08:00:00,8,3,8.7000,61.6000,2.531417,74.935606,72
2005-03-18T09:00:00,9,3,12.0000,51.0000,4.713674,95.662475,95
2005-03-18T10:00:00,10,3,15.4000,42.5000,3.753481,102.039973,101
2005-03-18T11:00:00,11,3,18.8000,33.5000,2.705998,99.382683,99
2005-03-18T12:00:00,12,3,22.2000,28.1000,2.094966,89.816435,88
2005-03-18T13:00:00,13,3,24.7000,25.5000,2.007676,85.564769,84
2005-03-18T14:00:00,14,3,25.0000,23.4000,2.007676,85.033311,84
2005-03-18T15:00:00,15,3,25.9000,21.9000,2.007676,94.068101,94
2005-03-18T16:00:00,16,3,25.6000,21.7000,2.967869,116.389345,104
2005-03-18T17:00:00,17,3,25.1000,21.8000,3.229739,112.669137,103
2005-03-18T18:00:00,18,3,22.1000,25.6000,3.578900,119.578094,104
2005-03-18T19:00:00,19,3,19.1000,32.5000,4.888254,127.549967,106
2005-03-18T20:00:00,20,3,16.7000,42.5000,4.626383,118.515178,104
2005-03-18T21:00:00,21,3,15.5000,48.3000,4.277222,128.081425,106
2005-03-18T22:00:00,22,3,13.3000,60.5000,1.745805,84.501853,83
2005-03-18T23:00:00,23,3,12.1000,67.6000,1.658515,79.718729,78
2005-03-19T00:00:00,0,3,11.8000,68.3000,1.920386,86.627686,85
2005-03-19T01:00:00,1,3,11.6000,68.3000,1.658515,82.376020,81
2005-03-19T02:00:00,2,3,11.8000,67.9000,0.960193,63.243525,61
2005-03-19T03:00:00,3,3,12.3000,65.8000,0.872903,49.957070,46
2005-03-19T04:00:00,4,3,12.2000,66.9000,0.785612,42.516656,40
2005-03-19T05:00:00,5,3,12.1000,67.3000,0.785612,44.111030,42
2005-03-19T06:00:00,6,3,11.8000,67.1000,0.611032,41.985197,39
2005-03-19T07:00:00,7,3,11.9000,65.6000,0.872903,51.019987,48
2005-03-19T08:00:00,8,3,12.2000,65.6000,1.745805,74.935606,72
2005-03-19T09:00:00,9,3,12.8000,64.4000,2.356837,81.313104,80
2005-03-19T10:00:00,10,3,13.4000,62.0000,2.182256,82.907478,81
2005-03-19T11:00:00,11,3,14.5000,57.0000,2.094966,86.096228,85
2005-03-19T12:00:00,12,3,15.8000,51.3000,1.920386,87.159144,86
2005-03-19T13:00:00,13,3,17.5000,46.0000,1.833095,85.033311,84
2005-03-19T14:00:00,14,3,19.5000,40.2000,1.571225,74.404147,72
2005-03-19T15:00:00,15,3,21.2000,35.9000,1.222064,63.243525,61
2005-03-19T16:00:00,16,3,21.7000,35.1000,1.833095,81.313104,80
2005-03-19T17:00:00,17,3,20.5000,38.4000,1.483934,73.872689,71
2005-03-19T18:00:00,18,3,18.2000,45.9000,1.658515,82.907478,81
2005-03-19T19:00:00,19,3,16.2000,53.0000,2.356837,97.256850,97
2005-03-19T20:00:00,20,3,15.0000,57.6000,2.793288,98.319766,98
2005-03-19T21:00:00,21,3,14.1000,60.8000,2.880578,106.291639,102
2005-03-19T22:00:00,22,3,13.2000,65.6000,2.007676,86.627686,85
2005-03-19T23:00:00,23,3,13.5000,63.8000,1.658515,81.844562,80
2005-03-20T00:00:00,0,3,13.6000,63.4000,1.658515,80.250187,79
2005-03-20T01:00:00,1,3,13.6000,63.5000,1.658515,79.187271,78
2005-03-20T02:00:00,2,3,13.4000,64.8000,1.309354,69.621024,67
2005-03-20T03:00:00,3,3,13.2000,64.8000,0.960193,49.957070,46
2005-03-20T05:00:00,5,3,12.6000,65.9000,0.698322,36.670615,34
2005-03-20T06:00:00,6,3,13.1000,64.0000,0.523742,30.293117,28
2005-03-20T07:00:00,7,3,12.4000,66.2000,0.611032,41.453739,39
2005-03-20T08:00:00,8,3,13.3000,62.4000,0.611032,44.642488,42
2005-03-20T09:00:00,9,3,14.0000,59.7000,0.872903,51.551445,48
2005-03-20T10:00:00,10,3,15.4000,54.0000,1.309354,65.369358,63
2005-03-20T11:00:00,11,3,17.0000,47.5000,2.094966,88.222060,87
2005-03-20T12:00:00,12,3,18.6000,42.6000,1.396644,69.089565,67
2005-03-20T13:00:00,13,3,21.5000,35.0000,1.047483,57.928943,54
2005-03-20T14:00:00,14,3,21.3000,35.6000,0.785612,43.579572,41
2005-03-20T15:00:00,15,3,23.1000,32.1000,0.785612,38.796448,36
2005-03-20T16:00:00,16,3,22.1000,34.5000,0.960193,48.362696,45
2005-03-20T17:00:00,17,3,21.5000,35.7000,1.222064,57.928943,54
2005-03-20T18:00:00,18,3,19.3000,41.6000,1.483934,68.026649,66
2005-03-20T19:00:00,19,3,17.3000,47.8000,2.531417,82.376020,81
2005-03-20T20:00:00,20,3,16.0000,54.9000,3.491610,93.536642,93
2005-03-20T21:00:00,21,3,15.6000,58.0000,3.491610,95.131017,95
2005-03-20T22:00:00,22,3,14.8000,61.3000,1.658515,65.900816,63
2005-03-20T23:00:00,23,3,13.8000,63.4000,1.309354,55.803110,52
2005-03-21T00:00:00,0,3,13.1000,66.1000,1.309354,52.614361,49
2005-03-21T01:00:00,1,3,13.3000,66.4000,1.396644,55.271652,52
2005-03-21T02:00:00,2,3,13.3000,67.0000,0.960193,50.488529,47
2005-03-21T03:00:00,3,3,13.1000,68.6000,0.698322,43.048114,41
2005-03-21T04:00:00,4,3,12.2000,72.4000,0.611032,36.139157,34
2005-03-21T05:00:00,5,3,11.6000,73.8000,0.523742,36.670615,34
2005-03-21T06:00:00,6,3,12.9000,67.5000,0.611032,38.796448,36
2005-03-21T07:00:00,7,3,12.8000,68.0000,1.134773,60.054776,57
2005-03-21T08:00:00,8,3,13.5000,63.9000,2.793288,74.935606,72
2005-03-21T09:00:00,9,3,14.7000,59.8000,5.324705,92.473726,91
2005-03-21T10:00:00,10,3,15.9000,56.6000,3.753481,94.599559,94
2005-03-21T11:00:00,11,3,18.3000,49.4000,2.269547,86.627686,85
2005-03-21T12:00:00,12,3,19.8000,44.2000,1.745805,75.998522,73
2005-03-21T13:00:00,13,3,21.6000,39.6000,1.571225,67.495191,65
2005-03-21T14:00:00,14,3,23.3000,35.8000,1.833095,69.621024,67
2005-03-21T15:00:00,15,3,23.8000,33.4000,1.833095,71.746856,69
2005-03-21T16:00:00,16,3,22.8000,35.3000,1.745805,69.621024,67
2005-03-21T17:00:00,17,3,22.8000,34.9000,2.269547,81.313104,80
2005-03-21T18:00:00,18,3,20.9000,39.3000,3.928061,105.228723,102
2005-03-21T19:00:00,19,3,18.6000,46.4000,5.586576,123.298301,105
2005-03-21T20:00:00,20,3,17.2000,52.7000,5.237415,119.046636,104
2005-03-21T21:00:00,21,3,15.3000,61.0000,3.317030,97.256850,97
2005-03-21T22:00:00,22,3,14.2000,65.4000,1.833095,76.529980,74
2005-03-21T23:00:00,23,3,13.8000,65.2000,1.047483,62.180609,60
2005-03-22T00:00:00,0,3,13.3000,65.6000,1.134773,56.334569,53
2005-03-22T01:00:00,1,3,12.6000,67.9000,1.309354,64.306442,62
2005-03-22T02:00:00,2,3,12.8000,64.5000,0.785612,46.236863,43
2005-03-22T03:00:00,3,3,12.8000,63.6000,0.611032,32.950408,30
2005-03-22T04:00:00,4,3,12.0000,65.2000,0.436451,37.202074,35
2005-03-22T05:00:00,5,3,10.6000,70.8000,0.523742,35.076241,33
2005-03-22T06:00:00,6,3,10.9000,69.2000,0.611032,46.768321,43
2005-03-22T07:00:00,7,3,10.3000,70.9000,0.785612,49.425612,46
2005-03-22T08:00:00,8,3,11.8000,66.3000,1.920386,61.649151,58
2005-03-22T09:00:00,9,3,14.1000,58.9000,4.102642,80.250187,79
2005-03-22T10:00:00,10,3,16.5000,51.6000,3.928061,89.816435,88
2005-03-22T11:00:00,11,3,20.2000,42.1000,2.705998,88.222060,87
2005-03-22T12:00:00,12,3,21.7000,39.0000,2.444127,85.033311,84
2005-03-22T13:00:00,13,3,23.5000,35.0000,2.094966,77.061438,76
2005-03-22T14:00:00,14,3,23.5000,34.2000,2.182256,69.621024,67
2005-03-22T15:00:00,15,3,25.5000,28.3000,1.745805,69.089565,67
2005-03-22T16:00:00,16,3,25.5000,24.7000,1.483934,64.837900,62
2005-03-22T17:00:00,17,3,22.9000,29.2000,1.483934,60.054776,57
2005-03-22T18:00:00,18,3,21.3000,32.9000,2.880578,82.907478,81
2005-03-22T19:00:00,19,3,20.1000,42.4000,3.928061,105.228723,102
2005-03-22T20:00:00,20,3,18.6000,46.6000,5.062835,93.005184,93
2005-03-22T21:00:00,21,3,17.4000,50.6000,3.753481,74.935606,72
2005-03-22T22:00:00,22,3,16.4000,57.2000,2.618708,53.677278,50
2005-03-22T23:00:00,23,3,16.3000,59.4000,2.444127,54.208736,51
2005-03-23T00:00:00,0,3,16.0000,60.2000,2.356837,63.243525,61
2005-03-23T01:00:00,1,3,15.6000,61.6000,2.094966,58.460401,55
2005-03-23T02:00:00,2,3,15.4000,62.0000,1.920386,46.236863,43
2005-03-23T03:00:00,3,3,15.2000,63.5000,1.745805,35.076241,33
2005-03-23T05:00:00,5,3,15.0000,64.8000,0.436451,33.481866,31
2005-03-23T06:00:00,6,3,14.2000,68.3000,0.611032,37.733532,35
2005-03-23T07:00:00,7,3,14.0000,68.6000,1.047483,54.740194,51
2005-03-23T08:00:00,8,3,15.4000,63.4000,3.404320,76.529980,74
2005-03-23T09:00:00,9,3,17.8000,53.3000,4.277222,83.970395,82
2005-03-23T10:00:00,10,3,19.4000,47.5000,4.015352,89.816435,88
2005-03-23T11:00:00,11,3,21.4000,38.7000,2.967869,97.788308,97
2005-03-23T12:00:00,12,3,22.9000,29.3000,1.745805,75.998522,73
2005-03-23T13:00:00,13,3,24.2000,26.5000,1.658515,70.683940,68
2005-03-23T14:00:00,14,3,24.5000,23.1000,2.094966,74.935606,72
2005-03-23T15:00:00,15,3,23.1000,22.8000,2.094966,81.313104,80
2005-03-23T16:00:00,16,3,23.3000,23.8000,1.920386,79.187271,78
2005-03-23T17:00:00,17,3,23.2000,23.3000,2.182256,84.501853,83
2005-03-23T18:00:00,18,3,22.7000,25.5000,3.404320,96.193933,96
2005-03-23T19:00:00,19,3,21.0000,29.2000,5.411996,120.641010,105
2005-03-23T20:00:00,20,3,19.5000,35.6000,6.284898,122.235385,105
2005-03-23T21:00:00,21,3,18.8000,37.3000,3.404320,103.102890,101
2005-03-23T22:00:00,22,3,17.7000,39.7000,2.094966,91.410810,90
2005-03-23T23:00:00,23,3,16.7000,45.2000,2.007676,83.970395,82
2005-03-24T00:00:00,0,3,15.9000,47.0000,1.658515,76.529980,74
2005-03-24T01:00:00,1,3,15.1000,50.2000,1.483934,70.683940,68
2005-03-24T02:00:00,2,3,15.3000,49.2000,0.785612,57.928943,54
2005-03-24T03:00:00,3,3,13.1000,56.1000,0.611032,49.957070,46
2005-03-24T04:00:00,4,3,13.3000,54.4000,0.436451,38.796448,36
2005-03-24T05:00:00,5,3,12.4000,58.3000,0.349161,40.390823,38
2005-03-24T06:00:00,6,3,12.9000,56.0000,0.349161,39.327906,37
2005-03-24T07:00:00,7,3,11.9000,59.6000,0.611032,38.796448,36
2005-03-24T08:00:00,8,3,13.4000,55.1000,2.705998,56.866027,53
2005-03-24T09:00:00,9,3,16.1000,46.4000,2.967869,61.117692,58
2005-03-24T10:00:00,10,3,17.9000,42.2000,3.055159,70.152482,68
2005-03-24T11:00:00,11,3,18.2000,43.2000,2.793288,82.376020,81
2005-03-24T12:00:00,12,3,16.0000,67.9000,2.793288,74.404147,72
2005-03-24T13:00:00,13,3,17.6000,59.7000,2.880578,78.124355,77
2005-03-24T14:00:00,14,3,20.9000,43.4000,2.618708,85.564769,84
2005-03-24T15:00:00,15,3,24.1000,33.3000,1.745805,65.369358,63
2005-03-24T16:00:00,16,3,22.9000,35.2000,2.007676,75.467064,73
2005-03-24T17:00:00,17,3,22.2000,36.2000,1.920386,75.998522,73
2005-03-24T18:00:00,18,3,21.3000,37.8000,2.356837,81.313104,80
2005-03-24T19:00:00,19,3,20.1000,43.2000,5.150125,106.291639,102
2005-03-24T20:00:00,20,3,18.8000,49.1000,6.546769,123.298301,105
2005-03-24T21:00:00,21,3,18.2000,52.2000,4.364513,106.823097,102
2005-03-24T22:00:00,22,3,17.4000,57.3000,3.491610,93.005184,93
2005-03-24T23:00:00,23,3,17.0000,56.6000,2.356837,84.501853,83
2005-03-25T00:00:00,0,3,16.2000,66.3000,1.745805,71.746856,69
2005-03-25T01:00:00,1,3,15.3000,73.3000,1.309354,68.026649,66
2005-03-25T02:00:00,2,3,15.2000,73.3000,0.872903,57.928943,54
2005-03-25T03:00:00,3,3,13.9000,80.4000,0.872903,53.677278,50
2005-03-25T04:00:00,4,3,13.6000,82.8000,0.785612,51.019987,48
2005-03-25T05:00:00,5,3,13.7000,82.0000,0.698322,46.236863,43
2005-03-25T06:00:00,6,3,13.7000,78.0000,0.523742,43.048114,41
2005-03-25T07:00:00,7,3,14.1000,75.5000,0.872903,53.145820,50
2005-03-25T08:00:00,8,3,14.8000,73.6000,2.793288,77.592897,76
2005-03-25T09:00:00,9,3,16.0000,67.8000,3.753481,83.970395,82
2005-03-25T10:00:00,10,3,18.4000,59.2000,2.356837,72.278315,70
2005-03-25T11:00:00,11,3,20.4000,50.5000,1.396644,62.180609,60
2005-03-25T12:00:00,12,3,21.3000,46.6000,1.222064,74.404147,72
2005-03-25T13:00:00,13,3,20.4000,49.8000,2.007676,89.816435,88
2005-03-25T14:00:00,14,3,21.1000,47.8000,1.833095,86.627686,85
2005-03-25T15:00:00,15,3,21.5000,47.8000,1.222064,76.529980,74
2005-03-25T16:00:00,16,3,21.7000,47.4000,2.967869,81.313104,80
2005-03-25T17:00:00,17,3,21.0000,49.8000,3.317030,87.159144,86
2005-03-25T18:00:00,18,3,20.4000,51.9000,4.277222,92.473726,91
2005-03-25T19:00:00,19,3,19.4000,56.3000,4.975544,104.165806,102
2005-03-25T20:00:00,20,3,18.8000,58.3000,4.800964,100.445599,100
2005-03-25T21:00:00,21,3,18.2000,61.0000,3.404320,82.376020,81
2005-03-25T22:00:00,22,3,17.7000,63.3000,2.705998,72.809773,70
2005-03-25T23:00:00,23,3,17.7000,63.5000,1.745805,62.180609,60
2005-03-26T00:00:00,0,3,17.1000,66.9000,2.182256,68.026649,66
2005-03-26T01:00:00,1,3,16.8000,69.0000,1.920386,65.900816,63
2005-03-26T02:00:00,2,3,16.6000,70.0000,1.309354,57.397485,54
2005-03-26T03:00:00,3,3,16.1000,71.3000,1.047483,47.299779,44
2005-03-26T05:00:00,5,3,16.3000,69.8000,0.698322,44.642488,42
2005-03-26T06:00:00,6,3,16.1000,70.0000,0.087290,44.111030,42
2005-03-26T07:00:00,7,3,16.1000,69.5000,0.960193,42.516656,40
2005-03-26T08:00:00,8,3,16.5000,68.1000,1.483934,49.425612,46
2005-03-26T09:00:00,9,3,17.4000,65.0000,1.833095,56.334569,53
2005-03-26T10:00:00,10,3,18.4000,60.2000,2.007676,61.117692,58
2005-03-26T11:00:00,11,3,19.1000,57.5000,1.833095,65.900816,63
2005-03-26T12:00:00,12,3,21.2000,48.4000,1.658515,60.054776,57
2005-03-26T13:00:00,13,3,22.3000,43.9000,1.483934,55.271652,52
2005-03-26T14:00:00,14,3,23.7000,39.4000,1.134773,45.173947,42
2005-03-26T15:00:00,15,3,23.1000,41.2000,1.134773,49.957070,46
2005-03-26T16:00:00,16,3,25.7000,35.7000,1.396644,52.614361,49
2005-03-26T17:00:00,17,3,24.3000,38.4000,1.920386,59.523318,56
2005-03-26T18:00:00,18,3,21.9000,45.1000,2.007676,64.837900,62
2005-03-26T19:00:00,19,3,19.7000,51.8000,1.920386,63.243525,61
2005-03-26T20:00:00,20,3,18.7000,54.5000,1.745805,63.243525,61
2005-03-26T21:00:00,21,3,17.8000,58.1000,2.007676,67.495191,65
2005-03-26T22:00:00,22,3,17.3000,60.8000,1.920386,66.963733,64
2005-03-26T23:00:00,23,3,16.5000,63.8000,1.396644,58.991860,55
2005-03-27T00:00:00,0,3,16.3000,65.2000,1.396644,54.208736,51
2005-03-27T01:00:00,1,3,16.5000,63.8000,1.134773,49.425612,46
2005-03-27T02:00:00,2,3,16.6000,63.0000,0.872903,41.453739,39
2005-03-27T03:00:00,3,3,16.2000,64.3000,0.872903,39.327906,37
2005-03-27T04:00:00,4,3,15.9000,65.1000,0.872903,36.139157,34
2005-03-27T05:00:00,5,3,15.8000,65.4000,0.698322,36.139157,34
2005-03-27T06:00:00,6,3,15.8000,65.9000,0.611032,32.418950,30
2005-03-27T07:00:00,7,3,15.6000,67.7000,0.960193,40.390823,38
2005-03-27T08:00:00,8,3,15.2000,71.5000,0.960193,41.453739,39
2005-03-27T09:00:00,9,3,14.5000,80.8000,0.960193,41.985197,39
2005-03-27T10:00:00,10,3,15.2000,81.4000,1.222064,47.831238,44
2005-03-27T11:00:00,11,3,15.9000,77.3000,1.134773,47.299779,44
2005-03-27T12:00:00,12,3,17.5000,67.1000,1.309354,51.551445,48
2005-03-27T13:00:00,13,3,18.1000,62.8000,1.134773,48.362696,45
2005-03-27T14:00:00,14,3,18.6000,62.1000,0.698322,32.950408,30
2005-03-27T15:00:00,15,3,16.2000,71.9000,0.785612,35.076241,33
2005-03-27T16:00:00,16,3,15.4000,75.2000,1.222064,55.271652,52
2005-03-27T17:00:00,17,3,14.4000,80.8000,1.571225,66.963733,64
2005-03-27T18:00:00,18,3,13.8000,83.5000,1.396644,64.837900,62
2005-03-27T19:00:00,19,3,13.9000,83.6000,1.571225,64.306442,62
2005-03-27T20:00:00,20,3,14.2000,82.3000,1.833095,66.963733,64
2005-03-27T21:00:00,21,3,14.1000,81.4000,1.658515,61.117692,58
2005-03-27T22:00:00,22,3,14.4000,79.0000,1.483934,61.649151,58
2005-03-27T23:00:00,23,3,14.6000,77.7000,1.658515,63.774983,61
2005-03-28T00:00:00,0,3,14.4000,78.6000,1.396644,58.991860,55
2005-03-28T01:00:00,1,3,14.4000,78.0000,1.047483,53.677278,50
2005-03-28T02:00:00,2,3,14.1000,79.1000,0.872903,48.894154,45
2005-03-28T03:00:00,3,3,13.7000,80.6000,0.872903,41.453739,39
2005-03-28T04:00:00,4,3,13.9000,79.6000,0.698322,33.481866,31
2005-03-28T05:00:00,5,3,13.8000,79.0000,0.523742,33.481866,31
2005-03-28T06:00:00,6,3,13.9000,78.0000,0.523742,33.481866,31
2005-03-28T07:00:00,7,3,14.1000,77.8000,0.872903,44.642488,42
2005-03-28T08:00:00,8,3,15.0000,73.2000,0.872903,47.299779,44
2005-03-28T09:00:00,9,3,16.4000,67.3000,1.134773,53.677278,50
2005-03-28T10:00:00,10,3,17.8000,61.7000,1.309354,61.117692,58
2005-03-28T11:00:00,11,3,20.8000,50.4000,1.396644,58.991860,55
2005-03-28T12:00:00,12,3,21.6000,46.8000,1.222064,51.019987,48
2005-03-28T13:00:00,13,3,23.1000,41.3000,1.222064,46.236863,43
2005-03-28T14:00:00,14,3,23.6000,39.4000,1.047483,43.048114,41
2005-03-28T15:00:00,15,3,25.1000,34.0000,1.134773,45.173947,42
2005-03-28T16:00:00,16,3,24.7000,35.6000,1.222064,52.082903,49
2005-03-28T17:00:00,17,3,24.2000,38.1000,1.396644,57.928943,54
2005-03-28T18:00:00,18,3,22.7000,42.4000,2.444127,79.718729,78
2005-03-28T19:00:00,19,3,19.6000,47.8000,3.229739,93.005184,93
2005-03-28T20:00:00,20,3,17.6000,54.4000,2.531417,83.438937,82
2005-03-28T21:00:00,21,3,16.2000,60.6000,1.571225,69.089565,67
2005-03-28T22:00:00,22,3,15.2000,65.8000,1.396644,63.774983,61
2005-03-28T23:00:00,23,3,14.5000,68.9000,1.483934,60.586234,57
2005-03-29T00:00:00,0,3,14.3000,68.5000,1.309354,53.145820,50
2005-03-29T01:00:00,1,3,14.7000,66.4000,0.872903,44.111030,42
2005-03-29T02:00:00,2,3,13.4000,70.4000,0.698322,38.264990,36
2005-03-29T03:00:00,3,3,14.2000,65.1000,0.436451,27.104368,25
2005-03-29T05:00:00,5,3,13.7000,67.8000,0.436451,30.824575,28
2005-03-29T06:00:00,6,3,12.9000,71.8000,0.872903,45.705405,42
2005-03-29T07:00:00,7,3,13.2000,69.9000,2.618708,64.837900,62
2005-03-29T08:00:00,8,3,14.4000,65.8000,4.451803,74.404147,72
2005-03-29T09:00:00,9,3,15.3000,63.3000,3.753481,77.592897,76
2005-03-29T10:00:00,10,3,17.7000,55.6000,2.880578,80.781646,79
2005-03-29T11:00:00,11,3,19.6000,49.4000,2.094966,78.124355,77
2005-03-29T12:00:00,12,3,18.1000,58.3000,2.094966,71.215398,69
2005-03-29T13:00:00,13,3,18.0000,57.9000,2.182256,72.278315,70
2005-03-29T14:00:00,14,3,18.6000,55.0000,2.007676,75.467064,73
2005-03-29T15:00:00,15,3,18.3000,57.9000,2.356837,81.313104,80
2005-03-29T16:00:00,16,3,18.3000,54.8000,2.356837,81.313104,80
2005-03-29T17:00:00,17,3,18.3000,53.9000,2.880578,82.376020,81
2005-03-29T18:00:00,18,3,18.5000,54.6000,3.404320,96.193933,96
2005-03-29T19:00:00,19,3,17.1000,61.5000,2.269547,80.250187,79
2005-03-29T20:00:00,20,3,16.4000,62.5000,2.793288,84.501853,83
2005-03-29T21:00:00,21,3,15.2000,64.2000,2.007676,80.250187,79
2005-03-29T22:00:00,22,3,14.6000,67.3000,1.222064,67.495191,65
2005-03-29T23:00:00,23,3,13.5000,70.8000,0.960193,56.866027,53
2005-03-30T00:00:00,0,3,13.0000,71.9000,1.047483,53.677278,50
2005-03-30T01:00:00,1,3,13.0000,70.2000,0.785612,42.516656,40
2005-03-30T02:00:00,2,3,11.6000,74.9000,0.611032,36.139157,34
2005-03-30T03:00:00,3,3,12.5000,67.4000,0.436451,32.418950,30
2005-03-30T04:00:00,4,3,11.5000,71.5000,0.349161,29.761659,27
2005-03-30T05:00:00,5,3,10.2000,77.9000,0.436451,37.202074,35
2005-03-30T06:00:00,6,3,11.0000,73.1000,0.698322,41.453739,39
2005-03-30T07:00:00,7,3,10.7000,73.6000,2.007676,56.334569,53
2005-03-30T08:00:00,8,3,12.1000,67.3000,2.531417,62.180609,60
2005-03-30T09:00:00,9,3,15.1000,58.6000,2.705998,76.529980,74
2005-03-30T10:00:00,10,3,18.6000,49.5000,2.356837,83.970395,82
2005-03-30T11:00:00,11,3,20.9000,42.5000,1.571225,72.809773,70
2005-03-30T12:00:00,12,3,23.6000,34.8000,1.658515,69.089565,67
2005-03-30T13:00:00,13,3,25.6000,28.5000,1.571225,66.432274,64
2005-03-30T14:00:00,14,3,26.1000,26.3000,1.571225,65.900816,63
2005-03-30T15:00:00,15,3,26.6000,24.9000,1.571225,66.432274,64
2005-03-30T16:00:00,16,3,25.1000,28.5000,1.483934,71.746856,69
2005-03-30T17:00:00,17,3,24.1000,32.1000,2.793288,95.131017,95
2005-03-30T18:00:00,18,3,21.5000,39.1000,2.967869,97.256850,97
2005-03-30T19:00:00,19,3,19.3000,46.2000,3.666191,102.571432,101
2005-03-30T20:00:00,20,3,18.2000,52.6000,3.055159,98.319766,98
2005-03-30T21:00:00,21,3,16.8000,58.2000,1.745805,78.124355,77
2005-03-30T22:00:00,22,3,16.0000,61.9000,1.222064,62.180609,60
2005-03-30T23:00:00,23,3,15.3000,65.4000,1.309354,59.523318,56
2005-03-31T00:00:00,0,3,14.5000,67.8000,1.047483,53.677278,50
2005-03-31T01:00:00,1,3,14.2000,68.6000,0.960193,49.425612,46
2005-03-31T02:00:00,2,3,13.9000,68.7000,0.611032,34.013324,32
2005-03-31T03:00:00,3,3,13.1000,72.5000,0.523742,32.418950,30
2005-03-31T04:00:00,4,3,12.9000,72.7000,0.436451,28.698743,26
2005-03-31T05:00:00,5,3,12.3000,74.2000,0.523742,34.013324,32
2005-03-31T06:00:00,6,3,12.6000,71.5000,0.785612,42.516656,40
2005-03-31T07:00:00,7,3,12.7000,69.6000,3.491610,70.683940,68
2005-03-31T08:00:00,8,3,16.8000,51.6000,3.578900,90.347893,89
2005-03-31T09:00:00,9,3,20.3000,40.1000,1.658515,73.872689,71
2005-03-31T10:00:00,10,3,21.0000,37.3000,1.134773,65.900816,63
2005-03-31T11:00:00,11,3,21.0000,36.9000,1.047483,62.712067,60
2005-03-31T12:00:00,12,3,22.8000,33.0000,1.047483,57.397485,54
2005-03-31T13:00:00,13,3,24.0000,30.3000,1.047483,53.145820,50
2005-03-31T14:00:00,14,3,22.6000,33.2000,0.785612,48.362696,45
2005-03-31T15:00:00,15,3,22.5000,32.9000,0.872903,47.299779,44
2005-03-31T16:00:00,16,3,21.5000,33.8000,0.960193,54.208736,51
2005-03-31T17:00:00,17,3,21.4000,36.4000,1.309354,60.586234,57
2005-03-31T18:00:00,18,3,20.0000,38.9000,1.833095,65.900816,63
2005-03-31T19:00:00,19,3,17.8000,45.2000,1.833095,72.278315,70
2005-03-31T20:00:00,20,3,16.3000,47.3000,1.309354,62.712067,60
2005-03-31T21:00:00,21,3,16.3000,44.8000,0.872903,49.425612,46
2005-03-31T22:00:00,22,3,15.6000,47.1000,0.698322,38.264990,36
2005-03-31T23:00:00,23,3,15.1000,47.6000,0.698322,36.670615,34
2005-04-01T00:00:00,0,4,15.1000,44.5000,0.611032,32.418950,30
2005-04-01T01:00:00,1,4,14.6000,43.0000,0.523742,26.572910,25
2005-04-01T02:00:00,2,4,14.5000,43.7000,0.436451,18.601037,17
2005-04-01T03:00:00,3,4,13.6000,46.7000,0.436451,15.412288,14
2005-04-01T05:00:00,5,4,13.5000,50.6000,0.436451,35.076241,33
2005-04-01T06:00:00,6,4,13.7000,47.4000,0.523742,47.299779,44
2005-04-01T07:00:00,7,4,13.7000,45.9000,1.309354,79.718729,78
2005-04-01T08:00:00,8,4,16.1000,41.0000,1.658515,79.718729,78
2005-04-01T09:00:00,9,4,16.1000,41.5000,1.134773,67.495191,65
2005-04-01T10:00:00,10,4,16.5000,40.8000,0.872903,63.774983,61
2005-04-01T11:00:00,11,4,18.9000,33.8000,0.872903,65.369358,63
2005-04-01T12:00:00,12,4,19.2000,29.5000,0.960193,61.117692,58
2005-04-01T13:00:00,13,4,19.9000,26.3000,1.134773,64.837900,62
2005-04-01T14:00:00,14,4,19.2000,27.0000,0.872903,58.991860,55
2005-04-01T15:00:00,15,4,19.4000,25.3000,0.960193,63.243525,61
2005-04-01T16:00:00,16,4,18.9000,26.2000,1.222064,72.809773,70
2005-04-01T17:00:00,17,4,19.3000,24.7000,1.309354,78.124355,77
2005-04-01T18:00:00,18,4,17.1000,25.3000,1.396644,81.844562,80
2005-04-01T19:00:00,19,4,15.6000,26.2000,1.920386,85.033311,84
2005-04-01T20:00:00,20,4,13.8000,30.6000,1.222064,71.215398,69
2005-04-01T21:00:00,21,4,13.1000,31.7000,0.785612,58.460401,55
2005-04-01T22:00:00,22,4,13.2000,31.8000,0.698322,52.614361,49
2005-04-01T23:00:00,23,4,13.6000,30.8000,0.960193,67.495191,65
2005-04-02T00:00:00,0,4,13.1000,32.0000,1.309354,92.473726,91
2005-04-02T01:00:00,1,4,12.7000,33.6000,0.960193,67.495191,65
2005-04-02T02:00:00,2,4,12.2000,35.6000,0.523742,43.048114,41
2005-04-02T03:00:00,3,4,11.9000,35.6000,0.436451,37.202074,35
2005-04-02T04:00:00,4,4,11.2000,38.3000,0.349161,26.041452,25
2005-04-02T05:00:00,5,4,11.0000,40.5000,0.349161,23.384161,22
2005-04-02T06:00:00,6,4,10.7000,42.8000,0.523742,56.866027,53
2005-04-02T07:00:00,7,4,11.1000,43.3000,0.785612,74.935606,72
2005-04-02T08:00:00,8,4,14.2000,36.9000,0.785612,64.306442,62
2005-04-02T09:00:00,9,4,15.6000,33.3000,0.698322,54.740194,51
2005-04-02T10:00:00,10,4,16.3000,30.0000,0.872903,54.208736,51
2005-04-02T11:00:00,11,4,17.0000,26.1000,0.698322,50.488529,47
2005-04-02T12:00:00,12,4,19.3000,22.3000,0.698322,49.425612,46
2005-04-02T13:00:00,13,4,20.5000,21.9000,0.872903,50.488529,47
2005-04-02T14:00:00,14,4,22.0000,20.2000,0.698322,42.516656,40
2005-04-02T15:00:00,15,4,21.7000,20.9000,0.698322,43.048114,41
2005-04-02T16:00:00,16,4,21.6000,20.8000,0.785612,56.334569,53
2005-04-02T17:00:00,17,4,21.0000,22.3000,0.960193,60.054776,57
2005-04-02T18:00:00,18,4,18.6000,26.6000,0.960193,62.180609,60
2005-04-02T19:00:00,19,4,15.5000,33.9000,1.047483,65.900816,63
2005-04-02T20:00:00,20,4,14.3000,38.0000,0.960193,64.837900,62
2005-04-02T21:00:00,21,4,13.5000,39.4000,0.698322,46.236863,43
2005-04-02T22:00:00,22,4,13.1000,41.3000,0.611032,41.985197,39
2005-04-02T23:00:00,23,4,13.5000,37.8000,0.611032,49.425612,46
2005-04-03T00:00:00,0,4,13.5000,37.4000,0.698322,54.208736,51
2005-04-03T01:00:00,1,4,12.7000,40.8000,0.698322,45.705405,42
2005-04-03T02:00:00,2,4,12.0000,44.2000,0.611032,40.922281,38
2005-04-03T03:00:00,3,4,10.5000,48.7000,0.698322,46.768321,43
2005-04-03T04:00:00,4,4,10.1000,49.7000,0.436451,34.013324,32
2005-04-03T05:00:00,5,4,9.6000,51.0000,0.261871,24.447077,23
2005-04-03T06:00:00,6,4,9.1000,52.4000,0.349161,29.230201,27
2005-04-03T07:00:00,7,4,8.9000,52.7000,0.523742,44.642488,42
2005-04-03T08:00:00,8,4,13.5000,40.0000,0.611032,47.299779,44
2005-04-03T09:00:00,9,4,17.8000,30.7000,1.047483,62.712067,60
2005-04-03T10:00:00,10,4,21.1000,23.7000,1.222064,60.054776,57
2005-04-03T11:00:00,11,4,24.0000,19.3000,1.134773,61.117692,58
2005-04-03T12:00:00,12,4,26.5000,16.4000,1.222064,65.900816,63
2005-04-03T13:00:00,13,4,28.7000,13.7000,0.872903,45.705405,42
2005-04-03T14:00:00,14,4,28.5000,13.1000,0.872903,46.236863,43
2005-04-03T15:00:00,15,4,30.0000,11.1000,0.960193,53.145820,50
2005-04-03T16:00:00,16,4,29.4000,10.4000,1.134773,70.152482,68
2005-04-03T17:00:00,17,4,28.9000,9.9000,1.222064,82.907478,81
2005-04-03T18:00:00,18,4,22.8000,21.7000,1.047483,73.341231,71
2005-04-03T19:00:00,19,4,19.9000,33.0000,2.356837,96.193933,96
2005-04-03T20:00:00,20,4,17.5000,40.7000,2.182256,99.382683,99
2005-04-03T21:00:00,21,4,16.4000,46.6000,1.309354,83.970395,82
2005-04-03T22:00:00,22,4,15.5000,49.0000,1.396644,81.313104,80
2005-04-03T23:00:00,23,4,14.3000,52.5000,1.047483,68.026649,66
2005-04-04T00:00:00,0,4,14.2000,51.4000,0.785612,49.425612,46
2005-04-04T01:00:00,1,4,13.8000,51.2000,0.523742,30.824575,28
2005-04-04T02:00:00,2,4,12.1000,56.3000,0.436451,29.230201,27
2005-04-04T03:00:00,3,4,11.3000,58.9000,0.349161,27.104368,25
2005-04-04T05:00:00,5,4,10.4000,59.9000,0.436451,28.167284,26
2005-04-04T06:00:00,6,4,9.5000,63.1000,0.960193,49.425612,46
2005-04-04T07:00:00,7,4,9.7000,61.9000,3.491610,82.376020,81
2005-04-04T08:00:00,8,4,13.5000,48.9000,4.364513,92.473726,91
2005-04-04T09:00:00,9,4,18.2000,36.3000,3.404320,99.382683,99
2005-04-04T10:00:00,10,4,21.9000,29.3000,2.705998,100.977057,100
2005-04-04T11:00:00,11,4,24.3000,23.7000,2.094966,95.131017,95
2005-04-04T12:00:00,12,4,26.9000,18.3000,2.094966,93.005184,93
2005-04-04T13:00:00,13,4,28.3000,13.5000,1.833095,82.907478,81
2005-04-04T14:00:00,14,4,28.5000,13.1000,1.920386,89.284977,88
